mmsi,base_date_time,longitude,latitude,sog,cog,heading,vessel_name,imo,call_sign,vessel_type,prev_lat,prev_lon,prev_time,time_diff_seconds,distance_m,implied_speed_knots,movement_anomaly,zero_time_gap,ais_gap,valid_movement
103669999,2025-01-01 00:01:44+00:00,-89.08701,30.3644,0.0,313.1,,MILADY,,,37.0,,,,,,,False,False,False,False
103669999,2025-01-01 00:40:44+00:00,-89.08702,30.3644,0.0,70.4,,MILADY,,,37.0,30.3644,-89.08701,2025-01-01 00:01:44+00:00,2340.0,0.9613182143074516,0.0007985678622646,False,False,True,True
103669999,2025-01-01 00:43:44+00:00,-89.08702,30.3644,0.0,70.4,,MILADY,,,37.0,30.3644,-89.08702,2025-01-01 00:40:44+00:00,180.0,0.0,0.0,False,False,False,True
103669999,2025-01-01 01:07:44+00:00,-89.08703,30.3644,0.0,70.4,,MILADY,,,37.0,30.3644,-89.08702,2025-01-01 00:43:44+00:00,1440.0,0.9613182156735666,0.0012976727780242,False,False,True,True
103669999,2025-01-01 04:49:45+00:00,-89.08702,30.3644,0.0,233.6,,MILADY,,,37.0,30.3644,-89.08703,2025-01-01 01:07:44+00:00,13321.0,0.9613182156735666,0.0001402784175628,False,False,True,True
103669999,2025-01-01 11:19:46+00:00,-89.08702,30.36442,0.0,84.3,,MILADY,,,37.0,30.3644,-89.08702,2025-01-01 04:49:45+00:00,23401.0,2.2171721329214247,0.0001841728079508,False,False,True,True
103669999,2025-01-01 14:40:46+00:00,-89.08703,30.36444,0.0,35.6,,MILADY,,,37.0,30.36442,-89.08702,2025-01-01 11:19:46+00:00,12060.0,2.416605976025296,0.0003895103947294,False,False,True,True
103669999,2025-01-01 16:22:47+00:00,-89.08704,30.36441,0.0,93.1,,MILADY,,,37.0,30.36444,-89.08703,2025-01-01 14:40:46+00:00,6121.0,3.4619069729591314,0.001099394420898,False,False,True,True
103669999,2025-01-01 20:37:44+00:00,-89.08703,30.36446,0.0,70.9,,MILADY,,,37.0,30.36441,-89.08704,2025-01-01 16:22:47+00:00,15297.0,5.625674089675435,0.0007148728719667,False,False,True,True
103669999,2025-01-01 20:43:45+00:00,-89.08703,30.36446,0.0,70.9,,MILADY,,,37.0,30.36446,-89.08703,2025-01-01 20:37:44+00:00,361.0,0.0,0.0,False,False,False,True
103669999,2025-01-01 21:13:46+00:00,-89.08703,30.36447,0.0,90.4,,MILADY,,,37.0,30.36446,-89.08703,2025-01-01 20:43:45+00:00,1801.0,1.1085860755775925,0.001196509693032,False,False,True,True
103669999,2025-01-01 22:01:44+00:00,-89.08702,30.36442,0.0,90.4,,MILADY,,,37.0,30.36447,-89.08703,2025-01-01 21:13:46+00:00,2878.0,5.62567408124596,0.0037996561174736,False,False,True,True
103669999,2025-01-01 23:37:47+00:00,-89.08701,30.36443,0.0,145.6,,MILADY,,,37.0,30.36442,-89.08702,2025-01-01 22:01:44+00:00,5763.0,1.4673429423625528,0.0004949297076317,False,False,True,True
123456789,2025-01-01 00:01:32+00:00,-80.10691,26.11517,0.0,140.2,,ODYSSEY,,ODYSSEY,37.0,,,,,,,False,False,False,False
123456789,2025-01-01 00:04:08+00:00,-80.15757,26.11064,0.0,,,ODYSSEY,,ODYSSEY,37.0,26.11517,-80.10691,2025-01-01 00:01:32+00:00,156.0,5091.899118350042,63.44767424495862,True,False,False,False
123456789,2025-01-01 00:07:06+00:00,-80.15757,26.11066,0.0,,,ODYSSEY,,ODYSSEY,37.0,26.11064,-80.15757,2025-01-01 00:04:08+00:00,178.0,2.2157938054003146,0.0241974642173558,False,False,False,True
123456789,2025-01-01 00:10:06+00:00,-80.15756,26.11065,0.0,,,ODYSSEY,,ODYSSEY,37.0,26.11066,-80.15757,2025-01-01 00:07:06+00:00,180.0,1.4926185908452274,0.0161189540090477,False,False,False,True
123456789,2025-01-01 00:13:04+00:00,-80.15757,26.11065,0.0,,,ODYSSEY,,ODYSSEY,37.0,26.11065,-80.15756,2025-01-01 00:10:06+00:00,178.0,1.0002373689953266,0.0109230416143139,False,False,False,True
123456789,2025-01-01 00:16:04+00:00,-80.15755,26.11065,0.0,,,ODYSSEY,,ODYSSEY,37.0,26.11065,-80.15757,2025-01-01 00:13:04+00:00,180.0,2.000474737990652,0.0216033489705319,False,False,False,True
123456789,2025-01-01 00:19:04+00:00,-80.15758,26.11064,0.0,,,ODYSSEY,,ODYSSEY,37.0,26.11065,-80.15755,2025-01-01 00:16:04+00:00,180.0,3.1987043392713352,0.0345431635713844,False,False,False,True
123456789,2025-01-01 00:22:04+00:00,-80.15754,26.11065,0.0,,,ODYSSEY,,ODYSSEY,37.0,26.11064,-80.15758,2025-01-01 00:19:04+00:00,180.0,4.151509798744688,0.0448326155955104,False,False,False,True
123456789,2025-01-01 00:25:05+00:00,-80.15754,26.11064,0.0,,,ODYSSEY,,ODYSSEY,37.0,26.11065,-80.15754,2025-01-01 00:22:04+00:00,181.0,1.107896902444017,0.0118982006345125,False,False,False,True
123456789,2025-01-01 00:28:05+00:00,-80.15754,26.11065,0.0,,,ODYSSEY,,ODYSSEY,37.0,26.11064,-80.15754,2025-01-01 00:25:05+00:00,180.0,1.107896902444017,0.0119643017491487,False,False,False,True
123456789,2025-01-01 00:31:04+00:00,-80.15755,26.11064,0.0,,,ODYSSEY,,ODYSSEY,37.0,26.11065,-80.15754,2025-01-01 00:28:05+00:00,179.0,1.4926186470043052,0.0162090046413008,False,False,False,True
123456789,2025-01-01 00:34:05+00:00,-80.15754,26.11065,0.0,,,ODYSSEY,,ODYSSEY,37.0,26.11064,-80.15755,2025-01-01 00:31:04+00:00,181.0,1.4926186470043052,0.01602989961764,False,False,False,True
123456789,2025-01-01 00:37:04+00:00,-80.15753,26.11065,0.0,,,ODYSSEY,,ODYSSEY,37.0,26.11065,-80.15754,2025-01-01 00:34:05+00:00,179.0,1.0002373689953266,0.0108620190354629,False,False,False,True
123456789,2025-01-01 00:40:31+00:00,-80.10692,26.11518,0.0,140.2,,ODYSSEY,,ODYSSEY,37.0,26.11065,-80.15753,2025-01-01 00:37:04+00:00,207.0,5086.921974572828,47.76890053649104,False,False,False,True
123456789,2025-01-01 00:43:06+00:00,-80.15751,26.11066,0.0,,,ODYSSEY,,ODYSSEY,37.0,26.11518,-80.10692,2025-01-01 00:40:31+00:00,155.0,5084.821859070281,63.76825885506564,True,False,False,False
123456789,2025-01-01 00:46:06+00:00,-80.15755,26.11063,0.0,,,ODYSSEY,,ODYSSEY,37.0,26.11066,-80.15751,2025-01-01 00:43:06+00:00,180.0,5.201395771022497,0.0561704508641353,False,False,False,True
123456789,2025-01-01 00:49:31+00:00,-80.10692,26.11518,0.0,140.2,,ODYSSEY,,ODYSSEY,37.0,26.11063,-80.15755,2025-01-01 00:46:06+00:00,205.0,5089.132086653821,48.255895196688606,False,False,False,True
123456789,2025-01-01 00:52:05+00:00,-80.15755,26.11065,0.0,,,ODYSSEY,,ODYSSEY,37.0,26.11518,-80.10692,2025-01-01 00:49:31+00:00,154.0,5088.912654753106,64.23397386243686,True,False,False,False
123456789,2025-01-01 00:55:05+00:00,-80.15753,26.11065,0.0,,,ODYSSEY,,ODYSSEY,37.0,26.11065,-80.15755,2025-01-01 00:52:05+00:00,180.0,2.000474737990652,0.0216033489705319,False,False,False,True
123456789,2025-01-01 00:58:04+00:00,-80.15755,26.11064,0.0,,,ODYSSEY,,ODYSSEY,37.0,26.11065,-80.15753,2025-01-01 00:55:05+00:00,179.0,2.2867739413916626,0.0248330874761718,False,False,False,True
123456789,2025-01-01 01:01:04+00:00,-80.15754,26.11065,0.0,,,ODYSSEY,,ODYSSEY,37.0,26.11064,-80.15755,2025-01-01 00:58:04+00:00,180.0,1.4926186470043052,0.0161189546155158,False,False,False,True
123456789,2025-01-01 01:04:04+00:00,-80.15753,26.11063,0.0,,,ODYSSEY,,ODYSSEY,37.0,26.11065,-80.15754,2025-01-01 01:01:04+00:00,180.0,2.431093815937491,0.026253652239844,False,False,False,True
123456789,2025-01-01 01:07:04+00:00,-80.15756,26.11063,0.0,,,ODYSSEY,,ODYSSEY,37.0,26.11063,-80.15753,2025-01-01 01:04:04+00:00,180.0,3.000712617591115,0.0324050289698795,False,False,False,True
123456789,2025-01-01 01:10:31+00:00,-80.10693,26.11518,0.0,77.9,,ODYSSEY,,ODYSSEY,37.0,26.11063,-80.15756,2025-01-01 01:07:04+00:00,207.0,5089.132086653821,47.78965466338726,False,False,False,True
123456789,2025-01-01 01:13:05+00:00,-80.15756,26.11063,0.0,,,ODYSSEY,,ODYSSEY,37.0,26.11518,-80.10693,2025-01-01 01:10:31+00:00,154.0,5089.132086653821,64.23674360598159,True,False,False,False
123456789,2025-01-01 01:16:05+00:00,-80.15755,26.11063,0.0,,,ODYSSEY,,ODYSSEY,37.0,26.11063,-80.15756,2025-01-01 01:13:05+00:00,180.0,1.0002375391970404,0.0108016763232931,False,False,False,True
123456789,2025-01-01 01:19:05+00:00,-80.15753,26.11063,0.0,,,ODYSSEY,,ODYSSEY,37.0,26.11063,-80.15755,2025-01-01 01:16:05+00:00,180.0,2.0004750783940795,0.0216033526465863,False,False,False,True
123456789,2025-01-01 01:22:04+00:00,-80.15755,26.11064,0.0,,,ODYSSEY,,ODYSSEY,37.0,26.11063,-80.15753,2025-01-01 01:19:05+00:00,179.0,2.2867740914613743,0.0248330891058451,False,False,False,True
123456789,2025-01-01 01:25:06+00:00,-80.15754,26.11063,0.0,,,ODYSSEY,,ODYSSEY,37.0,26.11064,-80.15755,2025-01-01 01:22:04+00:00,182.0,1.4926187031641749,0.0159418238459266,False,False,False,True
123456789,2025-01-01 01:28:04+00:00,-80.15754,26.11063,0.0,,,ODYSSEY,,ODYSSEY,37.0,26.11063,-80.15754,2025-01-01 01:25:06+00:00,178.0,0.0,0.0,False,False,False,True
123456789,2025-01-01 01:31:04+00:00,-80.15754,26.11063,0.0,,,ODYSSEY,,ODYSSEY,37.0,26.11063,-80.15754,2025-01-01 01:28:04+00:00,180.0,0.0,0.0,False,False,False,True
123456789,2025-01-01 01:34:04+00:00,-80.15754,26.11065,0.0,,,ODYSSEY,,ODYSSEY,37.0,26.11063,-80.15754,2025-01-01 01:31:04+00:00,180.0,2.215793802609189,0.023928603473688,False,False,False,True
123456789,2025-01-01 01:37:07+00:00,-80.15754,26.11064,0.0,,,ODYSSEY,,ODYSSEY,37.0,26.11065,-80.15754,2025-01-01 01:34:04+00:00,183.0,1.107896902444017,0.0117681656549004,False,False,False,True
123456789,2025-01-01 01:40:04+00:00,-80.15754,26.11063,0.0,,,ODYSSEY,,ODYSSEY,37.0,26.11064,-80.15754,2025-01-01 01:37:07+00:00,177.0,1.1078969001651382,0.012167086499531,False,False,False,True
123456789,2025-01-01 01:43:04+00:00,-80.15754,26.11064,0.0,,,ODYSSEY,,ODYSSEY,37.0,26.11063,-80.15754,2025-01-01 01:40:04+00:00,180.0,1.1078969001651382,0.0119643017245389,False,False,False,True
123456789,2025-01-01 01:46:04+00:00,-80.15754,26.11064,0.0,,,ODYSSEY,,ODYSSEY,37.0,26.11064,-80.15754,2025-01-01 01:43:04+00:00,180.0,0.0,0.0,False,False,False,True
123456789,2025-01-01 01:49:04+00:00,-80.15754,26.11064,0.0,,,ODYSSEY,,ODYSSEY,37.0,26.11064,-80.15754,2025-01-01 01:46:04+00:00,180.0,0.0,0.0,False,False,False,True
123456789,2025-01-01 01:52:05+00:00,-80.15756,26.11064,0.0,,,ODYSSEY,,ODYSSEY,37.0,26.11064,-80.15754,2025-01-01 01:49:04+00:00,181.0,2.000474908192396,0.0214839952792304,False,False,False,True
123456789,2025-01-01 01:55:04+00:00,-80.15755,26.11066,0.0,,,ODYSSEY,,ODYSSEY,37.0,26.11064,-80.15756,2025-01-01 01:52:05+00:00,179.0,2.4310937831642474,0.0264003203322122,False,False,False,True
123456789,2025-01-01 01:58:04+00:00,-80.15753,26.11063,0.0,,,ODYSSEY,,ODYSSEY,37.0,26.11066,-80.15755,2025-01-01 01:55:04+00:00,180.0,3.879280787095337,0.0418927842510411,False,False,False,True
123456789,2025-01-01 02:01:04+00:00,-80.15753,26.11063,0.0,,,ODYSSEY,,ODYSSEY,37.0,26.11063,-80.15753,2025-01-01 01:58:04+00:00,180.0,0.0,0.0,False,False,False,True
123456789,2025-01-01 02:04:05+00:00,-80.15753,26.11065,0.0,,,ODYSSEY,,ODYSSEY,37.0,26.11063,-80.15753,2025-01-01 02:01:04+00:00,181.0,2.215793802609189,0.0237964012445516,False,False,False,True
123456789,2025-01-01 02:07:05+00:00,-80.15754,26.11066,0.0,,,ODYSSEY,,ODYSSEY,37.0,26.11065,-80.15753,2025-01-01 02:04:05+00:00,180.0,1.4926185908452274,0.0161189540090477,False,False,False,True
123456789,2025-01-01 02:10:30+00:00,-80.10693,26.11518,0.0,77.9,,ODYSSEY,,ODYSSEY,37.0,26.11066,-80.15754,2025-01-01 02:07:05+00:00,205.0,5086.812574252038,48.233901240654056,False,False,False,True
123456789,2025-01-01 02:13:04+00:00,-80.15754,26.11065,0.0,,,ODYSSEY,,ODYSSEY,37.0,26.11518,-80.10693,2025-01-01 02:10:30+00:00,154.0,5086.921974572828,64.20884682502368,True,False,False,False
123456789,2025-01-01 02:16:06+00:00,-80.15754,26.11064,0.0,,,ODYSSEY,,ODYSSEY,37.0,26.11065,-80.15754,2025-01-01 02:13:04+00:00,182.0,1.107896902444017,0.0118328259057515,False,False,False,True
123456789,2025-01-01 02:19:04+00:00,-80.15756,26.11065,0.0,,,ODYSSEY,,ODYSSEY,37.0,26.11064,-80.15754,2025-01-01 02:16:06+00:00,178.0,2.2867739413916626,0.0249725992035661,False,False,False,True
123456789,2025-01-01 02:22:05+00:00,-80.15755,26.11067,0.0,,,ODYSSEY,,ODYSSEY,37.0,26.11065,-80.15756,2025-01-01 02:19:04+00:00,181.0,2.4310937514486888,0.0261086037448398,False,False,False,True
123456789,2025-01-01 02:25:05+00:00,-80.15754,26.11066,0.0,,,ODYSSEY,,ODYSSEY,37.0,26.11067,-80.15755,2025-01-01 02:22:05+00:00,180.0,1.4926185357461152,0.0161189534140262,False,False,False,True
123456789,2025-01-01 02:28:04+00:00,-80.15755,26.11064,0.0,,,ODYSSEY,,ODYSSEY,37.0,26.11066,-80.15754,2025-01-01 02:25:05+00:00,179.0,2.4310937831642474,0.0264003203322122,False,False,False,True
123456789,2025-01-01 02:31:05+00:00,-80.15755,26.11067,0.0,,,ODYSSEY,,ODYSSEY,37.0,26.11064,-80.15755,2025-01-01 02:28:04+00:00,181.0,3.323690710987644,0.0356946019427968,False,False,False,True
123456789,2025-01-01 02:34:32+00:00,-80.10693,26.11519,0.0,77.9,,ODYSSEY,,ODYSSEY,37.0,26.11067,-80.15755,2025-01-01 02:31:05+00:00,207.0,5087.80750604818,47.77721614761688,False,False,False,True
123456789,2025-01-01 02:37:05+00:00,-80.15754,26.11064,0.0,,,ODYSSEY,,ODYSSEY,37.0,26.11519,-80.10693,2025-01-01 02:34:32+00:00,153.0,5087.141063460332,64.63129597906361,True,False,False,False
123456789,2025-01-01 02:40:04+00:00,-80.15753,26.11066,0.0,,,ODYSSEY,,ODYSSEY,37.0,26.11064,-80.15754,2025-01-01 02:37:05+00:00,179.0,2.4310937831642474,0.0264003203322122,False,False,False,True
123456789,2025-01-01 02:43:31+00:00,-80.10693,26.11519,0.0,77.9,,ODYSSEY,,ODYSSEY,37.0,26.11066,-80.15753,2025-01-01 02:40:04+00:00,207.0,5085.926208878551,47.75954976747093,False,False,False,True
123456789,2025-01-01 02:46:04+00:00,-80.15753,26.11065,0.0,,,ODYSSEY,,ODYSSEY,37.0,26.11519,-80.10693,2025-01-01 02:43:31+00:00,153.0,5086.035869515138,64.61725467057717,True,False,False,False
123456789,2025-01-01 02:49:04+00:00,-80.15753,26.11067,0.0,,,ODYSSEY,,ODYSSEY,37.0,26.11065,-80.15753,2025-01-01 02:46:04+00:00,180.0,2.21579380889699,0.0239286035415906,False,False,False,True
123456789,2025-01-01 02:52:07+00:00,-80.15752,26.11068,0.0,,,ODYSSEY,,ODYSSEY,37.0,26.11067,-80.15753,2025-01-01 02:49:04+00:00,183.0,1.4926184778212055,0.0158547076608085,False,False,False,True
123456789,2025-01-01 02:55:05+00:00,-80.15755,26.1107,0.0,,,ODYSSEY,,ODYSSEY,37.0,26.11068,-80.15752,2025-01-01 02:52:07+00:00,178.0,3.730148691447528,0.040734900181929,False,False,False,True
123456789,2025-01-01 02:58:04+00:00,-80.15756,26.1107,0.0,,,ODYSSEY,,ODYSSEY,37.0,26.1107,-80.15755,2025-01-01 02:55:05+00:00,179.0,1.0002369434905083,0.0108620144147183,False,False,False,True
123456789,2025-01-01 03:01:04+00:00,-80.15754,26.11067,0.0,,,ODYSSEY,,ODYSSEY,37.0,26.1107,-80.15756,2025-01-01 02:58:04+00:00,180.0,3.87928045246878,0.0418927806373717,False,False,False,True
123456789,2025-01-01 03:22:04+00:00,-80.15754,26.11067,0.0,,,ODYSSEY,,ODYSSEY,37.0,26.11067,-80.15754,2025-01-01 03:01:04+00:00,1260.0,0.0,0.0,False,False,True,True
123456789,2025-01-01 03:25:06+00:00,-80.15756,26.11065,0.0,,,ODYSSEY,,ODYSSEY,37.0,26.11067,-80.15754,2025-01-01 03:22:04+00:00,182.0,2.985237126944355,0.0318836447079094,False,False,False,True
123456789,2025-01-01 03:28:04+00:00,-80.15755,26.11065,0.0,,,ODYSSEY,,ODYSSEY,37.0,26.11065,-80.15756,2025-01-01 03:25:06+00:00,178.0,1.0002373689953266,0.0109230416143139,False,False,False,True
123456789,2025-01-01 03:31:04+00:00,-80.15754,26.11063,0.0,,,ODYSSEY,,ODYSSEY,37.0,26.11065,-80.15755,2025-01-01 03:28:04+00:00,180.0,2.431093815937491,0.026253652239844,False,False,False,True
123456789,2025-01-01 03:34:05+00:00,-80.15755,26.11065,0.0,,,ODYSSEY,,ODYSSEY,37.0,26.11063,-80.15754,2025-01-01 03:31:04+00:00,181.0,2.431093815937491,0.0261086044374139,False,False,False,True
123456789,2025-01-01 03:37:06+00:00,-80.15754,26.11065,0.0,,,ODYSSEY,,ODYSSEY,37.0,26.11065,-80.15755,2025-01-01 03:34:05+00:00,181.0,1.0002373689953266,0.0107419967256788,False,False,False,True
123456789,2025-01-01 03:40:05+00:00,-80.15754,26.11064,0.0,,,ODYSSEY,,ODYSSEY,37.0,26.11065,-80.15754,2025-01-01 03:37:06+00:00,179.0,1.107896902444017,0.012031141423725,False,False,False,True
123456789,2025-01-01 03:43:05+00:00,-80.15754,26.11064,0.0,,,ODYSSEY,,ODYSSEY,37.0,26.11064,-80.15754,2025-01-01 03:40:05+00:00,180.0,0.0,0.0,False,False,False,True
123456789,2025-01-01 03:46:04+00:00,-80.15754,26.11065,0.0,,,ODYSSEY,,ODYSSEY,37.0,26.11064,-80.15754,2025-01-01 03:43:05+00:00,179.0,1.107896902444017,0.012031141423725,False,False,False,True
123456789,2025-01-01 03:49:30+00:00,-80.10693,26.11519,0.0,148.8,,ODYSSEY,,ODYSSEY,37.0,26.11065,-80.15754,2025-01-01 03:46:04+00:00,206.0,5087.031185276934,48.00181892810056,False,False,False,True
123456789,2025-01-01 03:52:04+00:00,-80.15753,26.11065,0.0,,,ODYSSEY,,ODYSSEY,37.0,26.11519,-80.10693,2025-01-01 03:49:30+00:00,154.0,5086.035869515138,64.1976621077812,True,False,False,False
123456789,2025-01-01 03:55:05+00:00,-80.15753,26.11065,0.0,,,ODYSSEY,,ODYSSEY,37.0,26.11065,-80.15753,2025-01-01 03:52:04+00:00,181.0,0.0,0.0,False,False,False,True
123456789,2025-01-01 03:58:05+00:00,-80.15755,26.11064,0.0,,,ODYSSEY,,ODYSSEY,37.0,26.11065,-80.15753,2025-01-01 03:55:05+00:00,180.0,2.2867739413916626,0.024695125879082,False,False,False,True
123456789,2025-01-01 04:01:32+00:00,-80.10693,26.11519,0.0,148.8,,ODYSSEY,,ODYSSEY,37.0,26.11064,-80.15755,2025-01-01 03:58:05+00:00,207.0,5088.136359736047,47.78030425849912,False,False,False,True
123456789,2025-01-01 04:04:04+00:00,-80.15754,26.11063,0.0,,,ODYSSEY,,ODYSSEY,37.0,26.11519,-80.10693,2025-01-01 04:01:32+00:00,152.0,5087.25118054711,65.05791009733352,True,False,False,False
123456789,2025-01-01 04:07:30+00:00,-80.10692,26.11519,0.0,148.8,,ODYSSEY,,ODYSSEY,37.0,26.11063,-80.15754,2025-01-01 04:04:04+00:00,206.0,5088.246455367386,48.01328635825894,False,False,False,True
123456789,2025-01-01 04:10:04+00:00,-80.15754,26.11063,0.0,,,ODYSSEY,,ODYSSEY,37.0,26.11519,-80.10692,2025-01-01 04:07:30+00:00,154.0,5088.246455367386,64.22556486883987,True,False,False,False
123456789,2025-01-01 04:13:05+00:00,-80.15754,26.11065,0.0,,,ODYSSEY,,ODYSSEY,37.0,26.11063,-80.15754,2025-01-01 04:10:04+00:00,181.0,2.215793802609189,0.0237964012445516,False,False,False,True
123456789,2025-01-01 04:16:31+00:00,-80.10692,26.11519,0.0,148.8,,ODYSSEY,,ODYSSEY,37.0,26.11065,-80.15754,2025-01-01 04:13:05+00:00,206.0,5088.026502962014,48.01121086173632,False,False,False,True
123456789,2025-01-01 04:19:04+00:00,-80.15754,26.11063,0.0,,,ODYSSEY,,ODYSSEY,37.0,26.11519,-80.10692,2025-01-01 04:16:31+00:00,153.0,5088.246455367386,64.64533980262314,True,False,False,False
123456789,2025-01-01 04:22:05+00:00,-80.15753,26.11062,0.0,,,ODYSSEY,,ODYSSEY,37.0,26.11063,-80.15754,2025-01-01 04:19:04+00:00,181.0,1.4926187586156932,0.0160299008162846,False,False,False,True
123456789,2025-01-01 04:25:05+00:00,-80.15753,26.11064,0.0,,,ODYSSEY,,ODYSSEY,37.0,26.11062,-80.15753,2025-01-01 04:22:05+00:00,180.0,2.215793800172908,0.0239286034473783,False,False,False,True
123456789,2025-01-01 04:28:31+00:00,-80.10692,26.11519,0.0,148.8,,ODYSSEY,,ODYSSEY,37.0,26.11064,-80.15753,2025-01-01 04:25:05+00:00,206.0,5087.141063460332,48.00285575144044,False,False,False,True
123456789,2025-01-01 04:31:04+00:00,-80.15756,26.11065,0.0,,,ODYSSEY,,ODYSSEY,37.0,26.11519,-80.10692,2025-01-01 04:28:31+00:00,153.0,5090.017144094429,64.667836113572,True,False,False,False
123456789,2025-01-01 04:34:05+00:00,-80.15756,26.11064,0.0,,,ODYSSEY,,ODYSSEY,37.0,26.11065,-80.15756,2025-01-01 04:31:04+00:00,181.0,1.107896902444017,0.0118982006345125,False,False,False,True
123456789,2025-01-01 04:37:06+00:00,-80.15754,26.11064,0.0,,,ODYSSEY,,ODYSSEY,37.0,26.11064,-80.15756,2025-01-01 04:34:05+00:00,181.0,2.000474908192396,0.0214839952792304,False,False,False,True
123456789,2025-01-01 04:40:04+00:00,-80.15754,26.11063,0.0,,,ODYSSEY,,ODYSSEY,37.0,26.11064,-80.15754,2025-01-01 04:37:06+00:00,178.0,1.1078969001651382,0.0120987320809943,False,False,False,True
123456789,2025-01-01 04:43:30+00:00,-80.10693,26.11518,0.0,148.8,,ODYSSEY,,ODYSSEY,37.0,26.11063,-80.15754,2025-01-01 04:40:04+00:00,206.0,5087.141492001358,48.00285979520349,False,False,False,True
123456789,2025-01-01 04:46:31+00:00,-80.10693,26.11518,0.0,148.8,,ODYSSEY,,ODYSSEY,37.0,26.11518,-80.10693,2025-01-01 04:43:30+00:00,181.0,0.0,0.0,False,False,False,True
123456789,2025-01-01 04:49:30+00:00,-80.10692,26.11518,0.0,148.8,,ODYSSEY,,ODYSSEY,37.0,26.11518,-80.10693,2025-01-01 04:46:31+00:00,179.0,1.000198815171818,0.0108616003624781,False,False,False,True
123456789,2025-01-01 04:52:05+00:00,-80.15754,26.11064,0.0,,,ODYSSEY,,ODYSSEY,37.0,26.11518,-80.10692,2025-01-01 04:49:30+00:00,155.0,5088.02693159779,63.80845335946483,True,False,False,False
123456789,2025-01-01 04:55:05+00:00,-80.15753,26.11064,0.0,,,ODYSSEY,,ODYSSEY,37.0,26.11064,-80.15754,2025-01-01 04:52:05+00:00,180.0,1.000237454096199,0.0108016754042797,False,False,False,True
123456789,2025-01-01 04:58:05+00:00,-80.15753,26.11065,0.1,,,ODYSSEY,,ODYSSEY,37.0,26.11064,-80.15753,2025-01-01 04:55:05+00:00,180.0,1.107896902444017,0.0119643017491487,False,False,False,True
123456789,2025-01-01 05:04:34+00:00,-80.10692,26.11519,0.0,198.1,,ODYSSEY,,ODYSSEY,37.0,26.11065,-80.15753,2025-01-01 04:58:05+00:00,389.0,5087.031185276934,25.419986373235773,False,False,False,True
123456789,2025-01-01 05:07:31+00:00,-80.10692,26.11519,0.0,198.1,,ODYSSEY,,ODYSSEY,37.0,26.11519,-80.10692,2025-01-01 05:04:34+00:00,177.0,0.0,0.0,False,False,False,True
123456789,2025-01-01 05:10:05+00:00,-80.15752,26.11065,0.0,,,ODYSSEY,,ODYSSEY,37.0,26.11519,-80.10692,2025-01-01 05:07:31+00:00,154.0,5086.035869516196,64.19766210779456,True,False,False,False
123456789,2025-01-01 05:13:05+00:00,-80.15753,26.11065,0.0,,,ODYSSEY,,ODYSSEY,37.0,26.11065,-80.15752,2025-01-01 05:10:05+00:00,180.0,1.0002373675739036,0.0108016744699158,False,False,False,True
123456789,2025-01-01 05:16:04+00:00,-80.15754,26.11066,0.0,,,ODYSSEY,,ODYSSEY,37.0,26.11065,-80.15753,2025-01-01 05:13:05+00:00,179.0,1.4926185908452274,0.0162090040314446,False,False,False,True
123456789,2025-01-01 05:19:05+00:00,-80.15757,26.11062,0.0,,,ODYSSEY,,ODYSSEY,37.0,26.11066,-80.15754,2025-01-01 05:16:04+00:00,181.0,5.351938283087449,0.0574768602883795,False,False,False,True
123456789,2025-01-01 05:22:04+00:00,-80.15753,26.11064,0.0,,,ODYSSEY,,ODYSSEY,37.0,26.11062,-80.15757,2025-01-01 05:19:05+00:00,179.0,4.573548329108056,0.049666179799181,False,False,False,True
123456789,2025-01-01 05:25:05+00:00,-80.15753,26.11064,0.0,,,ODYSSEY,,ODYSSEY,37.0,26.11064,-80.15753,2025-01-01 05:22:04+00:00,181.0,0.0,0.0,False,False,False,True
123456789,2025-01-01 05:28:32+00:00,-80.10693,26.11518,0.0,198.1,,ODYSSEY,,ODYSSEY,37.0,26.11064,-80.15753,2025-01-01 05:25:05+00:00,207.0,5086.036297980581,47.76058356264045,False,False,False,True
123456789,2025-01-01 05:31:05+00:00,-80.15753,26.11065,0.0,,,ODYSSEY,,ODYSSEY,37.0,26.11518,-80.10693,2025-01-01 05:28:32+00:00,153.0,5085.926637353401,64.61586689381069,True,False,False,False
123456789,2025-01-01 05:34:06+00:00,-80.15756,26.11063,0.0,,,ODYSSEY,,ODYSSEY,37.0,26.11065,-80.15753,2025-01-01 05:31:05+00:00,181.0,3.730149709637515,0.0400597470253137,False,False,False,True
123456789,2025-01-01 05:37:05+00:00,-80.15753,26.11065,0.0,,,ODYSSEY,,ODYSSEY,37.0,26.11063,-80.15756,2025-01-01 05:34:06+00:00,179.0,3.730149709637515,0.040507341964144,False,False,False,True
123456789,2025-01-01 05:40:30+00:00,-80.10693,26.11518,0.0,198.1,,ODYSSEY,,ODYSSEY,37.0,26.11065,-80.15753,2025-01-01 05:37:05+00:00,205.0,5085.926637353401,48.22550065733188,False,False,False,True
123456789,2025-01-01 05:43:04+00:00,-80.15754,26.11065,0.0,,,ODYSSEY,,ODYSSEY,37.0,26.11518,-80.10693,2025-01-01 05:40:30+00:00,154.0,5086.921974572828,64.20884682502368,True,False,False,False
123456789,2025-01-01 05:46:04+00:00,-80.15752,26.11065,0.0,,,ODYSSEY,,ODYSSEY,37.0,26.11065,-80.15754,2025-01-01 05:43:04+00:00,180.0,2.000474736569229,0.0216033489551818,False,False,False,True
123456789,2025-01-01 05:49:04+00:00,-80.15753,26.11065,0.0,,,ODYSSEY,,ODYSSEY,37.0,26.11065,-80.15752,2025-01-01 05:46:04+00:00,180.0,1.0002373675739036,0.0108016744699158,False,False,False,True
123456789,2025-01-01 05:52:04+00:00,-80.15755,26.11064,0.0,,,ODYSSEY,,ODYSSEY,37.0,26.11065,-80.15753,2025-01-01 05:49:04+00:00,180.0,2.2867739413916626,0.024695125879082,False,False,False,True
123456789,2025-01-01 05:55:09+00:00,-80.15755,26.11065,0.0,,,ODYSSEY,,ODYSSEY,37.0,26.11064,-80.15755,2025-01-01 05:52:04+00:00,185.0,1.107896902444017,0.011640942242415,False,False,False,True
123456789,2025-01-01 05:58:05+00:00,-80.15754,26.11066,0.0,,,ODYSSEY,,ODYSSEY,37.0,26.11065,-80.15755,2025-01-01 05:55:09+00:00,176.0,1.4926185908452274,0.0164852938728897,False,False,False,True
123456789,2025-01-01 06:01:04+00:00,-80.15753,26.11064,0.0,,,ODYSSEY,,ODYSSEY,37.0,26.11066,-80.15754,2025-01-01 05:58:05+00:00,179.0,2.4310937831642474,0.0264003203322122,False,False,False,True
123456789,2025-01-01 06:04:04+00:00,-80.15754,26.11065,0.0,,,ODYSSEY,,ODYSSEY,37.0,26.11064,-80.15753,2025-01-01 06:01:04+00:00,180.0,1.4926186470043052,0.0161189546155158,False,False,False,True
123456789,2025-01-01 06:07:05+00:00,-80.15753,26.11064,0.0,,,ODYSSEY,,ODYSSEY,37.0,26.11065,-80.15754,2025-01-01 06:04:04+00:00,181.0,1.4926186470043052,0.01602989961764,False,False,False,True
123456789,2025-01-01 06:10:05+00:00,-80.15753,26.11065,0.0,,,ODYSSEY,,ODYSSEY,37.0,26.11064,-80.15753,2025-01-01 06:07:05+00:00,180.0,1.107896902444017,0.0119643017491487,False,False,False,True
123456789,2025-01-01 06:13:06+00:00,-80.15752,26.11066,0.0,,,ODYSSEY,,ODYSSEY,37.0,26.11065,-80.15753,2025-01-01 06:10:05+00:00,181.0,1.492618590139463,0.016029899006943,False,False,False,True
123456789,2025-01-01 06:16:05+00:00,-80.15752,26.11065,0.0,,,ODYSSEY,,ODYSSEY,37.0,26.11066,-80.15752,2025-01-01 06:13:06+00:00,179.0,1.1078969033097288,0.0120311414331261,False,False,False,True
123456789,2025-01-01 06:19:31+00:00,-80.10693,26.11518,0.0,198.1,,ODYSSEY,,ODYSSEY,37.0,26.11065,-80.15752,2025-01-01 06:16:05+00:00,206.0,5084.931302051077,47.98200418533479,False,False,False,True
123456789,2025-01-01 06:22:04+00:00,-80.1575,26.11065,0.0,,,ODYSSEY,,ODYSSEY,37.0,26.11518,-80.10693,2025-01-01 06:19:31+00:00,153.0,5082.940637194561,64.57793024970114,True,False,False,False
123456789,2025-01-01 06:25:04+00:00,-80.15749,26.11066,0.0,,,ODYSSEY,,ODYSSEY,37.0,26.11065,-80.1575,2025-01-01 06:22:04+00:00,180.0,1.4926185908452274,0.0161189540090477,False,False,False,True
123456789,2025-01-01 06:28:05+00:00,-80.15751,26.11064,0.0,,,ODYSSEY,,ODYSSEY,37.0,26.11066,-80.15749,2025-01-01 06:25:04+00:00,181.0,2.985237237497427,0.0320597986283812,False,False,False,True
123456789,2025-01-01 06:31:05+00:00,-80.15751,26.11067,0.0,,,ODYSSEY,,ODYSSEY,37.0,26.11064,-80.15751,2025-01-01 06:28:05+00:00,180.0,3.323690710987644,0.0358929052869234,False,False,False,True
123456789,2025-01-01 06:34:05+00:00,-80.15751,26.11067,0.0,,,ODYSSEY,,ODYSSEY,37.0,26.11067,-80.15751,2025-01-01 06:31:05+00:00,180.0,0.0,0.0,False,False,False,True
123456789,2025-01-01 06:37:04+00:00,-80.1575,26.11066,0.0,,,ODYSSEY,,ODYSSEY,37.0,26.11067,-80.15751,2025-01-01 06:34:05+00:00,179.0,1.4926185357461152,0.016209003433099,False,False,False,True
123456789,2025-01-01 06:40:05+00:00,-80.15753,26.11065,0.0,,,ODYSSEY,,ODYSSEY,37.0,26.11066,-80.1575,2025-01-01 06:37:04+00:00,181.0,3.1987041006429155,0.0343523148010703,False,False,False,True
123456789,2025-01-01 06:43:04+00:00,-80.15752,26.11065,0.0,,,ODYSSEY,,ODYSSEY,37.0,26.11065,-80.15753,2025-01-01 06:40:05+00:00,179.0,1.0002373675739036,0.0108620190200271,False,False,False,True
123456789,2025-01-01 06:46:04+00:00,-80.15752,26.11064,0.0,,,ODYSSEY,,ODYSSEY,37.0,26.11065,-80.15752,2025-01-01 06:43:04+00:00,180.0,1.107896902444017,0.0119643017491487,False,False,False,True
123456789,2025-01-01 06:49:31+00:00,-80.10691,26.11518,0.0,198.1,,ODYSSEY,,ODYSSEY,37.0,26.11064,-80.15752,2025-01-01 06:46:04+00:00,207.0,5087.03161382931,47.76993010737182,False,False,False,True
123456789,2025-01-01 06:52:06+00:00,-80.15754,26.11066,0.0,,,ODYSSEY,,ODYSSEY,37.0,26.11518,-80.10691,2025-01-01 06:49:31+00:00,155.0,5088.803297059132,63.81818968358338,True,False,False,False
123456789,2025-01-01 06:55:05+00:00,-80.15752,26.11065,0.0,,,ODYSSEY,,ODYSSEY,37.0,26.11066,-80.15754,2025-01-01 06:52:06+00:00,179.0,2.2867737923816494,0.0248330858580063,False,False,False,True
123456789,2025-01-01 06:58:05+00:00,-80.15753,26.11064,0.0,,,ODYSSEY,,ODYSSEY,37.0,26.11065,-80.15752,2025-01-01 06:55:05+00:00,180.0,1.4926186455927315,0.016118954600272,False,False,False,True
123456789,2025-01-01 07:01:06+00:00,-80.15754,26.11064,0.0,,,ODYSSEY,,ODYSSEY,37.0,26.11064,-80.15753,2025-01-01 06:58:05+00:00,181.0,1.000237454096199,0.0107419976396152,False,False,False,True
123456789,2025-01-01 07:04:04+00:00,-80.15753,26.11065,0.0,,,ODYSSEY,,ODYSSEY,37.0,26.11064,-80.15754,2025-01-01 07:01:06+00:00,178.0,1.4926186470043052,0.0163000664651283,False,False,False,True
123456789,2025-01-01 07:07:32+00:00,-80.10691,26.11519,0.0,107.9,,ODYSSEY,,ODYSSEY,37.0,26.11065,-80.15753,2025-01-01 07:04:04+00:00,208.0,5088.026502962014,47.54956460345039,False,False,False,True
123456789,2025-01-01 07:10:05+00:00,-80.15751,26.11066,0.0,,,ODYSSEY,,ODYSSEY,37.0,26.11519,-80.10691,2025-01-01 07:07:32+00:00,153.0,5085.92620888014,64.61586145012792,True,False,False,False
123456789,2025-01-01 07:13:04+00:00,-80.15752,26.11066,0.0,,,ODYSSEY,,ODYSSEY,37.0,26.11066,-80.15751,2025-01-01 07:10:05+00:00,179.0,1.0002372838944231,0.0108620181113147,False,False,False,True
123456789,2025-01-01 07:16:05+00:00,-80.15754,26.11066,0.0,,,ODYSSEY,,ODYSSEY,37.0,26.11066,-80.15752,2025-01-01 07:13:04+00:00,181.0,2.000474566367423,0.021483991608219,False,False,False,True
123456789,2025-01-01 07:19:05+00:00,-80.1575,26.11066,0.0,,,ODYSSEY,,ODYSSEY,37.0,26.11066,-80.15754,2025-01-01 07:16:05+00:00,180.0,4.000949134156256,0.0432066942496572,False,False,False,True
123456789,2025-01-01 07:22:31+00:00,-80.10691,26.11518,0.0,107.9,,ODYSSEY,,ODYSSEY,37.0,26.11066,-80.1575,2025-01-01 07:19:05+00:00,206.0,5084.821859070281,47.98097146861736,False,False,False,True
123456789,2025-01-01 07:25:04+00:00,-80.15751,26.11067,0.0,,,ODYSSEY,,ODYSSEY,37.0,26.11518,-80.10691,2025-01-01 07:22:31+00:00,153.0,5085.708033057244,64.61308956194766,True,False,False,False
123456789,2025-01-01 07:28:06+00:00,-80.1575,26.11066,0.0,,,ODYSSEY,,ODYSSEY,37.0,26.11067,-80.15751,2025-01-01 07:25:04+00:00,182.0,1.4926185357461152,0.0159418220578281,False,False,False,True
123456789,2025-01-01 07:31:04+00:00,-80.15751,26.11064,0.0,,,ODYSSEY,,ODYSSEY,37.0,26.11066,-80.1575,2025-01-01 07:28:06+00:00,178.0,2.4310937831642474,0.0265486367385729,False,False,False,True
123456789,2025-01-01 07:34:04+00:00,-80.15751,26.11065,0.0,,,ODYSSEY,,ODYSSEY,37.0,26.11064,-80.15751,2025-01-01 07:31:04+00:00,180.0,1.107896902444017,0.0119643017491487,False,False,False,True
123456789,2025-01-01 07:37:07+00:00,-80.15751,26.11065,0.0,,,ODYSSEY,,ODYSSEY,37.0,26.11065,-80.15751,2025-01-01 07:34:04+00:00,183.0,0.0,0.0,False,False,False,True
123456789,2025-01-01 07:40:04+00:00,-80.15751,26.11066,0.0,,,ODYSSEY,,ODYSSEY,37.0,26.11065,-80.15751,2025-01-01 07:37:07+00:00,177.0,1.1078969033097288,0.0121670865340654,False,False,False,True
123456789,2025-01-01 07:43:04+00:00,-80.1575,26.11065,0.0,,,ODYSSEY,,ODYSSEY,37.0,26.11066,-80.15751,2025-01-01 07:40:04+00:00,180.0,1.4926185908452274,0.0161189540090477,False,False,False,True
123456789,2025-01-01 07:46:06+00:00,-80.1575,26.11066,0.0,,,ODYSSEY,,ODYSSEY,37.0,26.11065,-80.1575,2025-01-01 07:43:04+00:00,182.0,1.1078969033097288,0.0118328259149977,False,False,False,True
123456789,2025-01-01 07:49:04+00:00,-80.1575,26.11065,0.0,,,ODYSSEY,,ODYSSEY,37.0,26.11066,-80.1575,2025-01-01 07:46:06+00:00,178.0,1.1078969033097288,0.0120987321153347,False,False,False,True
123456789,2025-01-01 07:52:05+00:00,-80.15751,26.11065,0.0,,,ODYSSEY,,ODYSSEY,37.0,26.11065,-80.1575,2025-01-01 07:49:04+00:00,181.0,1.0002373689953266,0.0107419967256788,False,False,False,True
123456789,2025-01-01 07:55:05+00:00,-80.1575,26.11066,0.0,,,ODYSSEY,,ODYSSEY,37.0,26.11065,-80.15751,2025-01-01 07:52:05+00:00,180.0,1.4926185908452274,0.0161189540090477,False,False,False,True
123456789,2025-01-01 07:58:04+00:00,-80.15749,26.11065,0.0,,,ODYSSEY,,ODYSSEY,37.0,26.11066,-80.1575,2025-01-01 07:55:05+00:00,179.0,1.4926185908452274,0.0162090040314446,False,False,False,True
123456789,2025-01-01 08:01:06+00:00,-80.15749,26.11064,0.0,,,ODYSSEY,,ODYSSEY,37.0,26.11065,-80.15749,2025-01-01 07:58:04+00:00,182.0,1.107896902444017,0.0118328259057515,False,False,False,True
123456789,2025-01-01 08:04:05+00:00,-80.15749,26.11066,0.0,,,ODYSSEY,,ODYSSEY,37.0,26.11064,-80.15749,2025-01-01 08:01:06+00:00,179.0,2.2157938054003146,0.0240622828530131,False,False,False,True
123456789,2025-01-01 08:07:05+00:00,-80.15748,26.11066,0.0,,,ODYSSEY,,ODYSSEY,37.0,26.11066,-80.15749,2025-01-01 08:04:05+00:00,180.0,1.0002372824730008,0.0108016735509017,False,False,False,True
123456789,2025-01-01 08:10:04+00:00,-80.15749,26.11066,0.0,,,ODYSSEY,,ODYSSEY,37.0,26.11066,-80.15748,2025-01-01 08:07:05+00:00,179.0,1.0002372824730008,0.0108620180958788,False,False,False,True
123456789,2025-01-01 08:13:05+00:00,-80.15751,26.11065,0.0,,,ODYSSEY,,ODYSSEY,37.0,26.11066,-80.15749,2025-01-01 08:10:04+00:00,181.0,2.2867737937939365,0.024558687134411,False,False,False,True
123456789,2025-01-01 08:16:05+00:00,-80.15748,26.11067,0.0,,,ODYSSEY,,ODYSSEY,37.0,26.11065,-80.15751,2025-01-01 08:13:05+00:00,180.0,3.730149301725592,0.0402822967703681,False,False,False,True
123456789,2025-01-01 08:19:05+00:00,-80.15749,26.11066,0.0,,,ODYSSEY,,ODYSSEY,37.0,26.11067,-80.15748,2025-01-01 08:16:05+00:00,180.0,1.4926185346871017,0.0161189534025898,False,False,False,True
123456789,2025-01-01 08:22:06+00:00,-80.15747,26.11068,0.0,,,ODYSSEY,,ODYSSEY,37.0,26.11066,-80.15749,2025-01-01 08:19:05+00:00,181.0,2.985237013921024,0.0320597962272941,False,False,False,True
123456789,2025-01-01 08:25:05+00:00,-80.15747,26.11068,0.0,,,ODYSSEY,,ODYSSEY,37.0,26.11068,-80.15747,2025-01-01 08:22:06+00:00,179.0,0.0,0.0,False,False,False,True
123456789,2025-01-01 08:28:05+00:00,-80.15747,26.11067,0.0,,,ODYSSEY,,ODYSSEY,37.0,26.11068,-80.15747,2025-01-01 08:25:05+00:00,180.0,1.1078969064529391,0.0119643017924415,False,False,False,True
123456789,2025-01-01 08:31:06+00:00,-80.15744,26.11069,0.0,,,ODYSSEY,,ODYSSEY,37.0,26.11067,-80.15747,2025-01-01 08:28:05+00:00,181.0,3.730148895226191,0.040059738278986,False,False,False,True
123456789,2025-01-01 08:34:04+00:00,-80.15745,26.11067,0.0,,,ODYSSEY,,ODYSSEY,37.0,26.11069,-80.15744,2025-01-01 08:31:06+00:00,178.0,2.4310936873161784,0.0265486356918689,False,False,False,True
123456789,2025-01-01 08:37:07+00:00,-80.15748,26.11066,0.0,,,ODYSSEY,,ODYSSEY,37.0,26.11067,-80.15745,2025-01-01 08:34:04+00:00,183.0,3.198703862366713,0.0339768771356443,False,False,False,True
123456789,2025-01-01 08:40:05+00:00,-80.15747,26.11067,0.0,,,ODYSSEY,,ODYSSEY,37.0,26.11066,-80.15748,2025-01-01 08:37:07+00:00,178.0,1.4926185357461152,0.0163000652501389,False,False,False,True
123456789,2025-01-01 08:43:07+00:00,-80.1575,26.11065,0.0,,,ODYSSEY,,ODYSSEY,37.0,26.11067,-80.15747,2025-01-01 08:40:05+00:00,182.0,3.730149301725592,0.039839634168496,False,False,False,True
123456789,2025-01-01 08:46:04+00:00,-80.15749,26.11067,0.0,,,ODYSSEY,,ODYSSEY,37.0,26.11065,-80.1575,2025-01-01 08:43:07+00:00,177.0,2.4310937514486888,0.026698628688226,False,False,False,True
123456789,2025-01-01 08:49:05+00:00,-80.15748,26.11065,0.0,,,ODYSSEY,,ODYSSEY,37.0,26.11067,-80.15749,2025-01-01 08:46:04+00:00,181.0,2.4310937507446195,0.0261086037372785,False,False,False,True
123456789,2025-01-01 08:52:31+00:00,-80.10692,26.11517,0.0,107.9,,ODYSSEY,,ODYSSEY,37.0,26.11065,-80.15748,2025-01-01 08:49:05+00:00,206.0,5081.836228753747,47.95279871311011,False,False,False,True
123456789,2025-01-01 08:55:04+00:00,-80.15751,26.11066,0.0,,,ODYSSEY,,ODYSSEY,37.0,26.11517,-80.10692,2025-01-01 08:52:31+00:00,153.0,5084.713083539604,64.6004488908995,True,False,False,False
123456789,2025-01-01 08:58:05+00:00,-80.15752,26.11064,0.0,,,ODYSSEY,,ODYSSEY,37.0,26.11066,-80.15751,2025-01-01 08:55:04+00:00,181.0,2.4310937831642474,0.0261086040854474,False,False,False,True
123456789,2025-01-01 09:01:04+00:00,-80.15753,26.11065,0.0,,,ODYSSEY,,ODYSSEY,37.0,26.11064,-80.15752,2025-01-01 08:58:05+00:00,179.0,1.4926186455927315,0.0162090046259719,False,False,False,True
123456789,2025-01-01 09:04:32+00:00,-80.10692,26.11517,0.0,107.9,,ODYSSEY,,ODYSSEY,37.0,26.11065,-80.15753,2025-01-01 09:01:04+00:00,208.0,5086.8130028221685,47.53822397791272,False,False,False,True
123456789,2025-01-01 09:07:31+00:00,-80.10693,26.11516,0.0,94.0,,ODYSSEY,,ODYSSEY,37.0,26.11517,-80.10692,2025-01-01 09:04:32+00:00,179.0,1.4925933839341132,0.0162087302984719,False,False,False,True
123456789,2025-01-01 09:10:05+00:00,-80.1575,26.11066,0.0,,,ODYSSEY,,ODYSSEY,37.0,26.11516,-80.10693,2025-01-01 09:07:31+00:00,154.0,5082.613754080542,64.15446701124624,True,False,False,False
123456789,2025-01-01 09:13:04+00:00,-80.15751,26.11065,0.0,,,ODYSSEY,,ODYSSEY,37.0,26.11066,-80.1575,2025-01-01 09:10:05+00:00,179.0,1.4926185908452274,0.0162090040314446,False,False,False,True
123456789,2025-01-01 09:16:05+00:00,-80.1575,26.11065,0.0,,,ODYSSEY,,ODYSSEY,37.0,26.11065,-80.15751,2025-01-01 09:13:04+00:00,181.0,1.0002373689953266,0.0107419967256788,False,False,False,True
123456789,2025-01-01 09:19:04+00:00,-80.15751,26.11063,0.0,,,ODYSSEY,,ODYSSEY,37.0,26.11065,-80.1575,2025-01-01 09:16:05+00:00,179.0,2.431093815937491,0.0264003206881113,False,False,False,True
123456789,2025-01-01 09:22:04+00:00,-80.1575,26.11065,0.0,,,ODYSSEY,,ODYSSEY,37.0,26.11063,-80.15751,2025-01-01 09:19:04+00:00,180.0,2.431093815937491,0.026253652239844,False,False,False,True
123456789,2025-01-01 09:25:06+00:00,-80.1575,26.11064,0.0,,,ODYSSEY,,ODYSSEY,37.0,26.11065,-80.1575,2025-01-01 09:22:04+00:00,182.0,1.107896902444017,0.0118328259057515,False,False,False,True
123456789,2025-01-01 09:28:04+00:00,-80.15751,26.11065,0.0,,,ODYSSEY,,ODYSSEY,37.0,26.11064,-80.1575,2025-01-01 09:25:06+00:00,178.0,1.4926186470043052,0.0163000664651283,False,False,False,True
123456789,2025-01-01 09:31:05+00:00,-80.15753,26.11064,0.0,,,ODYSSEY,,ODYSSEY,37.0,26.11065,-80.15751,2025-01-01 09:28:04+00:00,181.0,2.286773941039013,0.0245586887157418,False,False,False,True
123456789,2025-01-01 09:34:06+00:00,-80.15754,26.11064,0.0,,,ODYSSEY,,ODYSSEY,37.0,26.11064,-80.15753,2025-01-01 09:31:05+00:00,181.0,1.000237454096199,0.0107419976396152,False,False,False,True
123456789,2025-01-01 09:37:30+00:00,-80.10692,26.11517,0.0,94.0,,ODYSSEY,,ODYSSEY,37.0,26.11064,-80.15754,2025-01-01 09:34:06+00:00,204.0,5087.917742352249,48.48087266810781,False,False,False,True
123456789,2025-01-01 09:40:05+00:00,-80.15753,26.11064,0.0,,,ODYSSEY,,ODYSSEY,37.0,26.11517,-80.10692,2025-01-01 09:37:30+00:00,155.0,5086.922403132845,63.7946015748758,True,False,False,False
123456789,2025-01-01 09:43:33+00:00,-80.10692,26.11517,0.0,94.0,,ODYSSEY,,ODYSSEY,37.0,26.11064,-80.15753,2025-01-01 09:40:05+00:00,208.0,5086.922403132845,47.53924636589302,False,False,False,True
123456789,2025-01-01 09:46:05+00:00,-80.15752,26.11062,0.0,,,ODYSSEY,,ODYSSEY,37.0,26.11517,-80.10692,2025-01-01 09:43:33+00:00,152.0,5086.146626028442,65.0437845890732,True,False,False,False
123456789,2025-01-01 09:49:05+00:00,-80.15753,26.11065,0.0,,,ODYSSEY,,ODYSSEY,37.0,26.11062,-80.15752,2025-01-01 09:46:05+00:00,180.0,3.4709357429790333,0.0374830207479575,False,False,False,True
123456789,2025-01-01 09:52:06+00:00,-80.15753,26.11064,0.0,,,ODYSSEY,,ODYSSEY,37.0,26.11065,-80.15753,2025-01-01 09:49:05+00:00,181.0,1.107896902444017,0.0118982006345125,False,False,False,True
123456789,2025-01-01 09:55:31+00:00,-80.10692,26.11518,0.0,94.0,,ODYSSEY,,ODYSSEY,37.0,26.11064,-80.15753,2025-01-01 09:52:06+00:00,205.0,5087.031613827897,48.23597820596692,False,False,False,True
123456789,2025-01-01 09:58:32+00:00,-80.10692,26.11518,0.0,94.0,,ODYSSEY,,ODYSSEY,37.0,26.11518,-80.10692,2025-01-01 09:55:31+00:00,181.0,0.0,0.0,False,False,False,True
123456789,2025-01-01 10:01:05+00:00,-80.15752,26.11067,0.0,,,ODYSSEY,,ODYSSEY,37.0,26.11518,-80.10692,2025-01-01 09:58:32+00:00,153.0,5085.708033057244,64.61308956194766,True,False,False,False
123456789,2025-01-01 10:04:05+00:00,-80.15754,26.11066,0.0,,,ODYSSEY,,ODYSSEY,37.0,26.11067,-80.15752,2025-01-01 10:01:05+00:00,180.0,2.28677364443088,0.0246951226721695,False,False,False,True
123456789,2025-01-01 10:07:04+00:00,-80.15754,26.11066,0.0,,,ODYSSEY,,ODYSSEY,37.0,26.11066,-80.15754,2025-01-01 10:04:05+00:00,179.0,0.0,0.0,False,False,False,True
123456789,2025-01-01 10:10:05+00:00,-80.15754,26.11065,0.0,,,ODYSSEY,,ODYSSEY,37.0,26.11066,-80.15754,2025-01-01 10:07:04+00:00,181.0,1.1078969033097288,0.0118982006438098,False,False,False,True
123456789,2025-01-01 10:13:06+00:00,-80.15754,26.11064,0.0,,,ODYSSEY,,ODYSSEY,37.0,26.11065,-80.15754,2025-01-01 10:10:05+00:00,181.0,1.107896902444017,0.0118982006345125,False,False,False,True
123456789,2025-01-01 10:16:05+00:00,-80.15753,26.11066,0.0,,,ODYSSEY,,ODYSSEY,37.0,26.11064,-80.15754,2025-01-01 10:13:06+00:00,179.0,2.4310937831642474,0.0264003203322122,False,False,False,True
123456789,2025-01-01 10:19:30+00:00,-80.10692,26.11518,0.0,94.0,,ODYSSEY,,ODYSSEY,37.0,26.11066,-80.15753,2025-01-01 10:16:05+00:00,205.0,5086.812574252038,48.233901240654056,False,False,False,True
123456789,2025-01-01 10:22:08+00:00,-80.15753,26.11063,0.0,,,ODYSSEY,,ODYSSEY,37.0,26.11518,-80.10692,2025-01-01 10:19:30+00:00,158.0,5087.141492001358,62.58600707475899,True,False,False,False
123456789,2025-01-01 10:25:05+00:00,-80.15753,26.11065,0.0,,,ODYSSEY,,ODYSSEY,37.0,26.11063,-80.15753,2025-01-01 10:22:08+00:00,177.0,2.215793802609189,0.0243341730240895,False,False,False,True
123456789,2025-01-01 10:28:04+00:00,-80.15752,26.11065,0.0,,,ODYSSEY,,ODYSSEY,37.0,26.11065,-80.15753,2025-01-01 10:25:05+00:00,179.0,1.0002373675739036,0.0108620190200271,False,False,False,True
123456789,2025-01-01 10:31:05+00:00,-80.15755,26.11063,0.0,,,ODYSSEY,,ODYSSEY,37.0,26.11065,-80.15752,2025-01-01 10:28:04+00:00,181.0,3.730149709285456,0.0400597470215328,False,False,False,True
123456789,2025-01-01 10:34:04+00:00,-80.15754,26.11065,0.0,,,ODYSSEY,,ODYSSEY,37.0,26.11063,-80.15755,2025-01-01 10:31:05+00:00,179.0,2.431093815937491,0.0264003206881113,False,False,False,True
123456789,2025-01-01 10:37:04+00:00,-80.15752,26.11062,0.0,,,ODYSSEY,,ODYSSEY,37.0,26.11065,-80.15754,2025-01-01 10:34:04+00:00,180.0,3.879280871104764,0.0418927851582682,False,False,False,True
123456789,2025-01-01 10:40:05+00:00,-80.15753,26.11061,0.0,,,ODYSSEY,,ODYSSEY,37.0,26.11062,-80.15752,2025-01-01 10:37:04+00:00,181.0,1.4926188130093605,0.0160299014004426,False,False,False,True
123456789,2025-01-01 10:43:06+00:00,-80.15751,26.11062,0.0,,,ODYSSEY,,ODYSSEY,37.0,26.11061,-80.15753,2025-01-01 10:40:05+00:00,181.0,2.2867743852438167,0.024558693486256,False,False,False,True
123456789,2025-01-01 10:46:04+00:00,-80.15751,26.11063,0.0,,,ODYSSEY,,ODYSSEY,37.0,26.11062,-80.15751,2025-01-01 10:43:06+00:00,178.0,1.1078968996542715,0.0120987320754155,False,False,False,True
123456789,2025-01-01 10:49:31+00:00,-80.10693,26.11518,0.0,94.0,,ODYSSEY,,ODYSSEY,37.0,26.11063,-80.15751,2025-01-01 10:46:04+00:00,207.0,5084.155614510309,47.74292294545758,False,False,False,True
123456789,2025-01-01 10:52:04+00:00,-80.15751,26.11064,0.0,,,ODYSSEY,,ODYSSEY,37.0,26.11518,-80.10693,2025-01-01 10:49:31+00:00,153.0,5084.045672058974,64.59196953709225,True,False,False,False
123456789,2025-01-01 10:55:06+00:00,-80.15752,26.11063,0.0,,,ODYSSEY,,ODYSSEY,37.0,26.11064,-80.15751,2025-01-01 10:52:04+00:00,182.0,1.4926187031641749,0.0159418238459266,False,False,False,True
123456789,2025-01-01 10:58:04+00:00,-80.15754,26.11064,0.0,,,ODYSSEY,,ODYSSEY,37.0,26.11063,-80.15752,2025-01-01 10:55:06+00:00,178.0,2.28677409040184,0.0249726008308242,False,False,False,True
123456789,2025-01-01 11:01:06+00:00,-80.15753,26.11063,0.0,,,ODYSSEY,,ODYSSEY,37.0,26.11064,-80.15754,2025-01-01 10:58:04+00:00,182.0,1.4926187031641749,0.0159418238459266,False,False,False,True
123456789,2025-01-01 11:04:04+00:00,-80.15753,26.11066,0.0,,,ODYSSEY,,ODYSSEY,37.0,26.11063,-80.15753,2025-01-01 11:01:06+00:00,178.0,3.323690705919019,0.0362961963022113,False,False,False,True
123456789,2025-01-01 11:07:04+00:00,-80.15753,26.11063,0.0,,,ODYSSEY,,ODYSSEY,37.0,26.11066,-80.15753,2025-01-01 11:04:04+00:00,180.0,3.323690705919019,0.0358929052321868,False,False,False,True
123456789,2025-01-01 11:10:05+00:00,-80.15752,26.11065,0.0,,,ODYSSEY,,ODYSSEY,37.0,26.11063,-80.15753,2025-01-01 11:07:04+00:00,181.0,2.431093815232041,0.0261086044298378,False,False,False,True
123456789,2025-01-01 11:13:05+00:00,-80.15754,26.11064,0.0,,,ODYSSEY,,ODYSSEY,37.0,26.11065,-80.15752,2025-01-01 11:10:05+00:00,180.0,2.286773941039013,0.0246951258752737,False,False,False,True
123456789,2025-01-01 11:16:07+00:00,-80.15752,26.11067,0.0,,,ODYSSEY,,ODYSSEY,37.0,26.11064,-80.15754,2025-01-01 11:13:05+00:00,182.0,3.879280703085774,0.041432423087287,False,False,False,True
123456789,2025-01-01 11:19:05+00:00,-80.15753,26.11067,0.0,,,ODYSSEY,,ODYSSEY,37.0,26.11067,-80.15752,2025-01-01 11:16:07+00:00,178.0,1.0002371973720676,0.0109230397401107,False,False,False,True
123456789,2025-01-01 11:22:05+00:00,-80.15753,26.11067,0.0,,,ODYSSEY,,ODYSSEY,37.0,26.11067,-80.15753,2025-01-01 11:19:05+00:00,180.0,0.0,0.0,False,False,False,True
123456789,2025-01-01 11:25:05+00:00,-80.15753,26.11065,0.0,,,ODYSSEY,,ODYSSEY,37.0,26.11067,-80.15753,2025-01-01 11:22:05+00:00,180.0,2.21579380889699,0.0239286035415906,False,False,False,True
123456789,2025-01-01 11:28:05+00:00,-80.15751,26.11065,0.0,,,ODYSSEY,,ODYSSEY,37.0,26.11065,-80.15753,2025-01-01 11:25:05+00:00,180.0,2.000474736569229,0.0216033489551818,False,False,False,True
123456789,2025-01-01 11:31:07+00:00,-80.15754,26.11065,0.0,,,ODYSSEY,,ODYSSEY,37.0,26.11065,-80.15751,2025-01-01 11:28:05+00:00,182.0,3.00071210556455,0.0320489242817615,False,False,False,True
123456789,2025-01-01 11:34:04+00:00,-80.15755,26.11063,0.0,,,ODYSSEY,,ODYSSEY,37.0,26.11065,-80.15754,2025-01-01 11:31:07+00:00,177.0,2.431093815937491,0.0266986293964515,False,False,False,True
123456789,2025-01-01 11:37:05+00:00,-80.15755,26.11062,0.0,,,ODYSSEY,,ODYSSEY,37.0,26.11063,-80.15755,2025-01-01 11:34:04+00:00,181.0,1.1078968996542715,0.0118982006045522,False,False,False,True
123456789,2025-01-01 11:40:04+00:00,-80.15756,26.11063,0.0,,,ODYSSEY,,ODYSSEY,37.0,26.11062,-80.15755,2025-01-01 11:37:05+00:00,179.0,1.4926187586156932,0.0162090058533381,False,False,False,True
123456789,2025-01-01 11:43:33+00:00,-80.10691,26.11518,0.0,249.2,,ODYSSEY,,ODYSSEY,37.0,26.11063,-80.15756,2025-01-01 11:40:04+00:00,209.0,5091.122689020956,47.35085132931338,False,False,False,True
123456789,2025-01-01 11:46:04+00:00,-80.15754,26.11065,0.0,,,ODYSSEY,,ODYSSEY,37.0,26.11518,-80.10691,2025-01-01 11:43:33+00:00,151.0,5088.912654753106,65.510145528578,True,False,False,False
123456789,2025-01-01 11:49:05+00:00,-80.15753,26.11065,0.0,,,ODYSSEY,,ODYSSEY,37.0,26.11065,-80.15754,2025-01-01 11:46:04+00:00,181.0,1.0002373689953266,0.0107419967256788,False,False,False,True
123456789,2025-01-01 11:52:05+00:00,-80.15756,26.11061,0.0,,,ODYSSEY,,ODYSSEY,37.0,26.11065,-80.15753,2025-01-01 11:49:05+00:00,180.0,5.351938421147356,0.0577961776697948,False,False,False,True
123456789,2025-01-01 11:55:04+00:00,-80.15755,26.11064,0.0,,,ODYSSEY,,ODYSSEY,37.0,26.11061,-80.15756,2025-01-01 11:52:05+00:00,179.0,3.4709357632666262,0.0376924233188167,False,False,False,True
123456789,2025-01-01 11:58:06+00:00,-80.15753,26.11063,0.0,,,ODYSSEY,,ODYSSEY,37.0,26.11064,-80.15755,2025-01-01 11:55:04+00:00,182.0,2.2867740914613743,0.0244237524722323,False,False,False,True
123456789,2025-01-01 12:19:05+00:00,-80.15754,26.11063,0.0,,,ODYSSEY,,ODYSSEY,37.0,26.11063,-80.15753,2025-01-01 11:58:06+00:00,1259.0,1.0002375391970404,0.0015443222702087,False,False,True,True
123456789,2025-01-01 12:22:05+00:00,-80.15754,26.11063,0.0,,,ODYSSEY,,ODYSSEY,37.0,26.11063,-80.15754,2025-01-01 12:19:05+00:00,180.0,0.0,0.0,False,False,False,True
123456789,2025-01-01 12:25:04+00:00,-80.15752,26.11065,0.0,,,ODYSSEY,,ODYSSEY,37.0,26.11063,-80.15754,2025-01-01 12:22:05+00:00,179.0,2.98523734840167,0.0324180098732799,False,False,False,True
123456789,2025-01-01 12:28:05+00:00,-80.15753,26.11065,0.0,,,ODYSSEY,,ODYSSEY,37.0,26.11065,-80.15752,2025-01-01 12:25:04+00:00,181.0,1.0002373675739036,0.0107419967104135,False,False,False,True
123456789,2025-01-01 12:31:05+00:00,-80.15752,26.11064,0.0,,,ODYSSEY,,ODYSSEY,37.0,26.11065,-80.15753,2025-01-01 12:28:05+00:00,180.0,1.4926186455927315,0.016118954600272,False,False,False,True
123456789,2025-01-01 12:34:04+00:00,-80.15753,26.11063,0.0,,,ODYSSEY,,ODYSSEY,37.0,26.11064,-80.15752,2025-01-01 12:31:05+00:00,179.0,1.4926187024570303,0.0162090052434864,False,False,False,True
123456789,2025-01-01 12:37:04+00:00,-80.15752,26.11065,0.0,,,ODYSSEY,,ODYSSEY,37.0,26.11063,-80.15753,2025-01-01 12:34:04+00:00,180.0,2.431093815232041,0.0262536522322258,False,False,False,True
123456789,2025-01-01 12:40:06+00:00,-80.15751,26.11066,0.0,,,ODYSSEY,,ODYSSEY,37.0,26.11065,-80.15752,2025-01-01 12:37:04+00:00,182.0,1.4926185908452274,0.0159418226463109,False,False,False,True
123456789,2025-01-01 12:43:04+00:00,-80.15753,26.11062,0.0,,,ODYSSEY,,ODYSSEY,37.0,26.11066,-80.15751,2025-01-01 12:40:06+00:00,178.0,4.862187630816653,0.0530972741813856,False,False,False,True
123456789,2025-01-01 12:46:04+00:00,-80.15755,26.11065,0.0,,,ODYSSEY,,ODYSSEY,37.0,26.11062,-80.15753,2025-01-01 12:43:04+00:00,180.0,3.8792808718106695,0.0418927851658914,False,False,False,True
123456789,2025-01-01 12:49:32+00:00,-80.10692,26.11517,0.0,249.2,,ODYSSEY,,ODYSSEY,37.0,26.11065,-80.15755,2025-01-01 12:46:04+00:00,208.0,5088.803725800301,47.55682804980604,False,False,False,True
123456789,2025-01-01 12:52:31+00:00,-80.10692,26.11517,0.0,249.2,,ODYSSEY,,ODYSSEY,37.0,26.11517,-80.10692,2025-01-01 12:49:32+00:00,179.0,0.0,0.0,False,False,False,True
123456789,2025-01-01 12:55:05+00:00,-80.15755,26.11065,0.0,,,ODYSSEY,,ODYSSEY,37.0,26.11517,-80.10692,2025-01-01 12:52:31+00:00,154.0,5088.803725800301,64.23259892441337,True,False,False,False
123456789,2025-01-01 12:58:04+00:00,-80.15752,26.11065,0.0,,,ODYSSEY,,ODYSSEY,37.0,26.11065,-80.15755,2025-01-01 12:55:05+00:00,179.0,3.00071210556455,0.032586057090953,False,False,False,True
123456789,2025-01-01 13:01:30+00:00,-80.10693,26.11518,0.0,249.2,,ODYSSEY,,ODYSSEY,37.0,26.11065,-80.15752,2025-01-01 12:58:04+00:00,206.0,5084.931302051077,47.98200418533479,False,False,False,True
123456789,2025-01-01 13:04:05+00:00,-80.15752,26.11065,0.0,,,ODYSSEY,,ODYSSEY,37.0,26.11518,-80.10693,2025-01-01 13:01:30+00:00,155.0,5084.931302051077,63.76963136889656,True,False,False,False
123456789,2025-01-01 13:07:05+00:00,-80.15754,26.11064,0.0,,,ODYSSEY,,ODYSSEY,37.0,26.11065,-80.15752,2025-01-01 13:04:05+00:00,180.0,2.286773941039013,0.0246951258752737,False,False,False,True
123456789,2025-01-01 13:10:04+00:00,-80.15755,26.11064,0.0,,,ODYSSEY,,ODYSSEY,37.0,26.11064,-80.15754,2025-01-01 13:07:05+00:00,179.0,1.000237454096199,0.0108620199596109,False,False,False,True
123456789,2025-01-01 13:13:05+00:00,-80.15753,26.11063,0.0,,,ODYSSEY,,ODYSSEY,37.0,26.11064,-80.15755,2025-01-01 13:10:04+00:00,181.0,2.2867740914613743,0.0245586903311949,False,False,False,True
123456789,2025-01-01 13:16:05+00:00,-80.1576,26.11064,0.0,,,ODYSSEY,,ODYSSEY,37.0,26.11063,-80.15753,2025-01-01 13:13:05+00:00,180.0,7.088773726951377,0.0765524551188731,False,False,False,True
123456789,2025-01-01 13:19:05+00:00,-80.15755,26.11062,0.0,,,ODYSSEY,,ODYSSEY,37.0,26.11064,-80.1576,2025-01-01 13:16:05+00:00,180.0,5.470065861500413,0.0590718490234386,False,False,False,True
123456789,2025-01-01 13:22:04+00:00,-80.15759,26.11062,0.0,,,ODYSSEY,,ODYSSEY,37.0,26.11062,-80.15755,2025-01-01 13:19:05+00:00,179.0,4.0009504957699695,0.0434480872161871,False,False,False,True
123456789,2025-01-01 13:25:32+00:00,-80.10693,26.11519,0.0,47.1,,ODYSSEY,,ODYSSEY,37.0,26.11062,-80.15759,2025-01-01 13:22:04+00:00,208.0,5092.337822574489,47.58985554342882,False,False,False,True
123456789,2025-01-01 13:28:32+00:00,-80.10693,26.11519,0.0,47.1,,ODYSSEY,,ODYSSEY,37.0,26.11519,-80.10693,2025-01-01 13:25:32+00:00,180.0,0.0,0.0,False,False,False,True
123456789,2025-01-01 13:31:05+00:00,-80.15756,26.11063,0.0,,,ODYSSEY,,ODYSSEY,37.0,26.11519,-80.10693,2025-01-01 13:28:32+00:00,153.0,5089.241732126655,64.65798463122272,True,False,False,False
123456789,2025-01-01 13:34:04+00:00,-80.15755,26.11064,0.0,,,ODYSSEY,,ODYSSEY,37.0,26.11063,-80.15756,2025-01-01 13:31:05+00:00,179.0,1.4926187031641749,0.0162090052511656,False,False,False,True
123456789,2025-01-01 13:37:32+00:00,-80.10693,26.11519,0.0,47.1,,ODYSSEY,,ODYSSEY,37.0,26.11064,-80.15755,2025-01-01 13:34:04+00:00,208.0,5088.136359736047,47.55059125725633,False,False,False,True
123456789,2025-01-01 13:40:31+00:00,-80.10693,26.11519,0.0,47.1,,ODYSSEY,,ODYSSEY,37.0,26.11519,-80.10693,2025-01-01 13:37:32+00:00,179.0,0.0,0.0,False,False,False,True
123456789,2025-01-01 13:43:05+00:00,-80.15752,26.11063,0.0,,,ODYSSEY,,ODYSSEY,37.0,26.11519,-80.10693,2025-01-01 13:40:31+00:00,154.0,5085.26063672655,64.18787685775673,True,False,False,False
123456789,2025-01-01 13:46:31+00:00,-80.10693,26.11518,0.0,47.1,,ODYSSEY,,ODYSSEY,37.0,26.11063,-80.15752,2025-01-01 13:43:05+00:00,206.0,5085.150905074862,47.98407638505204,False,False,False,True
123456789,2025-01-01 13:49:06+00:00,-80.15754,26.11064,0.0,,,ODYSSEY,,ODYSSEY,37.0,26.11518,-80.10693,2025-01-01 13:46:31+00:00,155.0,5087.031613827897,63.79597117563368,True,False,False,False
123456789,2025-01-01 13:52:05+00:00,-80.15754,26.11065,0.0,,,ODYSSEY,,ODYSSEY,37.0,26.11064,-80.15754,2025-01-01 13:49:06+00:00,179.0,1.107896902444017,0.012031141423725,False,False,False,True
123456789,2025-01-01 13:55:30+00:00,-80.10693,26.11518,0.0,47.1,,ODYSSEY,,ODYSSEY,37.0,26.11065,-80.15754,2025-01-01 13:52:05+00:00,205.0,5086.921974572828,48.23493859050559,False,False,False,True
123456789,2025-01-01 13:58:04+00:00,-80.15753,26.11065,0.0,,,ODYSSEY,,ODYSSEY,37.0,26.11518,-80.10693,2025-01-01 13:55:30+00:00,154.0,5085.926637353401,64.19628334255218,True,False,False,False
123456789,2025-01-01 14:01:04+00:00,-80.15753,26.11065,0.0,,,ODYSSEY,,ODYSSEY,37.0,26.11065,-80.15753,2025-01-01 13:58:04+00:00,180.0,0.0,0.0,False,False,False,True
123456789,2025-01-01 14:04:04+00:00,-80.15753,26.11064,0.0,,,ODYSSEY,,ODYSSEY,37.0,26.11065,-80.15753,2025-01-01 14:01:04+00:00,180.0,1.107896902444017,0.0119643017491487,False,False,False,True
123456789,2025-01-01 14:07:05+00:00,-80.15752,26.11064,0.0,,,ODYSSEY,,ODYSSEY,37.0,26.11064,-80.15753,2025-01-01 14:04:04+00:00,181.0,1.0002374526747757,0.0107419976243499,False,False,False,True
123456789,2025-01-01 14:10:05+00:00,-80.15753,26.11064,0.0,,,ODYSSEY,,ODYSSEY,37.0,26.11064,-80.15752,2025-01-01 14:07:05+00:00,180.0,1.0002374526747757,0.0108016753889296,False,False,False,True
123456789,2025-01-01 14:13:07+00:00,-80.15752,26.11065,0.0,,,ODYSSEY,,ODYSSEY,37.0,26.11064,-80.15753,2025-01-01 14:10:05+00:00,182.0,1.4926186455927315,0.0159418232310383,False,False,False,True
123456789,2025-01-01 14:16:04+00:00,-80.15753,26.11064,0.0,,,ODYSSEY,,ODYSSEY,37.0,26.11065,-80.15752,2025-01-01 14:13:07+00:00,177.0,1.4926186455927315,0.0163921572206156,False,False,False,True
123456789,2025-01-01 14:19:05+00:00,-80.15752,26.11064,0.0,,,ODYSSEY,,ODYSSEY,37.0,26.11064,-80.15753,2025-01-01 14:16:04+00:00,181.0,1.0002374526747757,0.0107419976243499,False,False,False,True
123456789,2025-01-01 14:22:04+00:00,-80.15753,26.11063,0.0,,,ODYSSEY,,ODYSSEY,37.0,26.11064,-80.15752,2025-01-01 14:19:05+00:00,179.0,1.4926187024570303,0.0162090052434864,False,False,False,True
123456789,2025-01-01 14:25:31+00:00,-80.10693,26.11518,0.0,47.1,,ODYSSEY,,ODYSSEY,37.0,26.11063,-80.15753,2025-01-01 14:22:04+00:00,207.0,5086.146197571172,47.76161557819684,False,False,False,True
123456789,2025-01-01 14:28:31+00:00,-80.10693,26.11518,0.0,47.1,,ODYSSEY,,ODYSSEY,37.0,26.11518,-80.10693,2025-01-01 14:25:31+00:00,180.0,0.0,0.0,False,False,False,True
123456789,2025-01-01 14:31:06+00:00,-80.15753,26.11064,0.0,,,ODYSSEY,,ODYSSEY,37.0,26.11518,-80.10693,2025-01-01 14:28:31+00:00,155.0,5086.036297980581,63.78348901591338,True,False,False,False
123456789,2025-01-01 14:34:04+00:00,-80.15752,26.11064,0.0,,,ODYSSEY,,ODYSSEY,37.0,26.11064,-80.15753,2025-01-01 14:31:06+00:00,178.0,1.0002374526747757,0.0109230425281311,False,False,False,True
123456789,2025-01-01 14:37:05+00:00,-80.15753,26.11062,0.0,,,ODYSSEY,,ODYSSEY,37.0,26.11064,-80.15752,2025-01-01 14:34:04+00:00,181.0,2.4310938480061237,0.0261086047818133,False,False,False,True
123456789,2025-01-01 14:40:05+00:00,-80.15754,26.11063,0.0,,,ODYSSEY,,ODYSSEY,37.0,26.11062,-80.15753,2025-01-01 14:37:05+00:00,180.0,1.4926187586156932,0.0161189558208196,False,False,False,True
123456789,2025-01-01 14:46:04+00:00,-80.15754,26.11064,0.0,,,ODYSSEY,,ODYSSEY,37.0,26.11063,-80.15754,2025-01-01 14:40:05+00:00,359.0,1.1078969001651382,0.0059988142351448,False,False,False,True
123456789,2025-01-01 14:49:32+00:00,-80.1069,26.1152,0.0,47.1,,ODYSSEY,,ODYSSEY,37.0,26.11064,-80.15754,2025-01-01 14:46:04+00:00,208.0,5090.2365820340965,47.570218642409415,False,False,False,True
123456789,2025-01-01 14:52:05+00:00,-80.15754,26.11065,0.0,,,ODYSSEY,,ODYSSEY,37.0,26.1152,-80.1069,2025-01-01 14:49:32+00:00,153.0,5090.126529277929,64.66922583445498,True,False,False,False
123456789,2025-01-01 14:55:04+00:00,-80.15754,26.11064,0.0,,,ODYSSEY,,ODYSSEY,37.0,26.11065,-80.15754,2025-01-01 14:52:05+00:00,179.0,1.107896902444017,0.012031141423725,False,False,False,True
123456789,2025-01-01 14:58:31+00:00,-80.10691,26.11519,0.0,47.1,,ODYSSEY,,ODYSSEY,37.0,26.11064,-80.15754,2025-01-01 14:55:04+00:00,207.0,5089.131657941402,47.78965063754983,False,False,False,True
123456789,2025-01-01 15:01:06+00:00,-80.15753,26.11065,0.0,,,ODYSSEY,,ODYSSEY,37.0,26.11519,-80.10691,2025-01-01 14:58:31+00:00,155.0,5088.026502962014,63.80844798398504,True,False,False,False
123456789,2025-01-01 15:04:32+00:00,-80.10692,26.11518,0.0,47.1,,ODYSSEY,,ODYSSEY,37.0,26.11065,-80.15753,2025-01-01 15:01:06+00:00,206.0,5086.921974572828,48.00078840317304,False,False,False,True
123456789,2025-01-01 15:07:04+00:00,-80.15753,26.11064,0.0,,,ODYSSEY,,ODYSSEY,37.0,26.11518,-80.10692,2025-01-01 15:04:32+00:00,152.0,5087.031613827897,65.05510218567906,True,False,False,False
123456789,2025-01-01 15:10:04+00:00,-80.15753,26.11063,0.0,,,ODYSSEY,,ODYSSEY,37.0,26.11064,-80.15753,2025-01-01 15:07:04+00:00,180.0,1.1078969001651382,0.0119643017245389,False,False,False,True
123456789,2025-01-01 15:13:06+00:00,-80.15753,26.11065,0.0,,,ODYSSEY,,ODYSSEY,37.0,26.11063,-80.15753,2025-01-01 15:10:04+00:00,182.0,2.215793802609189,0.0236656517871639,False,False,False,True
123456789,2025-01-01 15:16:04+00:00,-80.15753,26.11063,0.0,,,ODYSSEY,,ODYSSEY,37.0,26.11065,-80.15753,2025-01-01 15:13:06+00:00,178.0,2.215793802609189,0.0241974641868755,False,False,False,True
123456789,2025-01-01 15:19:07+00:00,-80.15753,26.11065,0.0,,,ODYSSEY,,ODYSSEY,37.0,26.11063,-80.15753,2025-01-01 15:16:04+00:00,183.0,2.215793802609189,0.0235363312855947,False,False,False,True
123456789,2025-01-01 15:22:04+00:00,-80.15753,26.11063,0.0,,,ODYSSEY,,ODYSSEY,37.0,26.11065,-80.15753,2025-01-01 15:19:07+00:00,177.0,2.215793802609189,0.0243341730240895,False,False,False,True
123456789,2025-01-01 15:25:31+00:00,-80.10693,26.11516,0.0,68.7,,ODYSSEY,,ODYSSEY,37.0,26.11063,-80.15753,2025-01-01 15:22:04+00:00,207.0,5085.927494302927,47.759561838288896,False,False,False,True
123456789,2025-01-01 15:28:05+00:00,-80.15753,26.11062,0.0,,,ODYSSEY,,ODYSSEY,37.0,26.11516,-80.10693,2025-01-01 15:25:31+00:00,154.0,5086.037154910408,64.19767833247434,True,False,False,False
123456789,2025-01-01 15:31:06+00:00,-80.15753,26.11064,0.0,,,ODYSSEY,,ODYSSEY,37.0,26.11062,-80.15753,2025-01-01 15:28:05+00:00,181.0,2.215793800172908,0.0237964012183873,False,False,False,True
123456789,2025-01-01 15:34:06+00:00,-80.15752,26.11065,0.0,,,ODYSSEY,,ODYSSEY,37.0,26.11064,-80.15753,2025-01-01 15:31:06+00:00,180.0,1.4926186455927315,0.016118954600272,False,False,False,True
123456789,2025-01-01 15:37:04+00:00,-80.15751,26.11065,0.0,,,ODYSSEY,,ODYSSEY,37.0,26.11065,-80.15752,2025-01-01 15:34:06+00:00,178.0,1.0002373689953266,0.0109230416143139,False,False,False,True
123456789,2025-01-01 15:40:05+00:00,-80.15753,26.11065,0.0,,,ODYSSEY,,ODYSSEY,37.0,26.11065,-80.15751,2025-01-01 15:37:04+00:00,181.0,2.000474736569229,0.0214839934360924,False,False,False,True
123456789,2025-01-01 15:43:04+00:00,-80.15753,26.11064,0.0,,,ODYSSEY,,ODYSSEY,37.0,26.11065,-80.15753,2025-01-01 15:40:05+00:00,179.0,1.107896902444017,0.012031141423725,False,False,False,True
123456789,2025-01-01 15:46:04+00:00,-80.15753,26.11065,0.0,,,ODYSSEY,,ODYSSEY,37.0,26.11064,-80.15753,2025-01-01 15:43:04+00:00,180.0,1.107896902444017,0.0119643017491487,False,False,False,True
123456789,2025-01-01 15:49:31+00:00,-80.10692,26.11517,0.0,68.7,,ODYSSEY,,ODYSSEY,37.0,26.11065,-80.15753,2025-01-01 15:46:04+00:00,207.0,5086.8130028221685,47.76787723384466,False,False,False,True
123456789,2025-01-01 15:52:05+00:00,-80.15753,26.11065,0.0,,,ODYSSEY,,ODYSSEY,37.0,26.11517,-80.10692,2025-01-01 15:49:31+00:00,154.0,5086.8130028221685,64.2074713467912,True,False,False,False
123456789,2025-01-01 15:55:05+00:00,-80.15753,26.11063,0.0,,,ODYSSEY,,ODYSSEY,37.0,26.11065,-80.15753,2025-01-01 15:52:05+00:00,180.0,2.215793802609189,0.023928603473688,False,False,False,True
123456789,2025-01-01 15:58:05+00:00,-80.15753,26.11063,0.1,,,ODYSSEY,,ODYSSEY,37.0,26.11063,-80.15753,2025-01-01 15:55:05+00:00,180.0,0.0,0.0,False,False,False,True
123456789,2025-01-01 16:01:31+00:00,-80.10692,26.11516,0.0,68.7,,ODYSSEY,,ODYSSEY,37.0,26.11063,-80.15753,2025-01-01 15:58:05+00:00,206.0,5086.922831693216,48.00079649106088,False,False,False,True
123456789,2025-01-01 16:04:04+00:00,-80.15753,26.11062,0.0,,,ODYSSEY,,ODYSSEY,37.0,26.11516,-80.10692,2025-01-01 16:01:31+00:00,153.0,5087.032470928765,64.62991632869392,True,False,False,False
123456789,2025-01-01 16:07:31+00:00,-80.10692,26.11516,0.0,68.7,,ODYSSEY,,ODYSSEY,37.0,26.11062,-80.15753,2025-01-01 16:04:04+00:00,207.0,5087.032470928765,47.76993815599116,False,False,False,True
123456789,2025-01-01 16:10:30+00:00,-80.10692,26.11516,0.0,68.7,,ODYSSEY,,ODYSSEY,37.0,26.11516,-80.10692,2025-01-01 16:07:31+00:00,179.0,0.0,0.0,False,False,False,True
123456789,2025-01-01 16:13:09+00:00,-80.15752,26.11063,0.0,,,ODYSSEY,,ODYSSEY,37.0,26.11516,-80.10692,2025-01-01 16:10:30+00:00,159.0,5085.927494303985,62.17754277061547,True,False,False,False
123456789,2025-01-01 16:16:05+00:00,-80.15752,26.11062,0.0,,,ODYSSEY,,ODYSSEY,37.0,26.11063,-80.15752,2025-01-01 16:13:09+00:00,176.0,1.1078968996542715,0.0122362176671815,False,False,False,True
123456789,2025-01-01 16:19:04+00:00,-80.15752,26.11062,0.0,,,ODYSSEY,,ODYSSEY,37.0,26.11062,-80.15752,2025-01-01 16:16:05+00:00,179.0,0.0,0.0,False,False,False,True
123456789,2025-01-01 16:22:04+00:00,-80.15751,26.11063,0.0,,,ODYSSEY,,ODYSSEY,37.0,26.11062,-80.15752,2025-01-01 16:19:04+00:00,180.0,1.4926187586156932,0.0161189558208196,False,False,False,True
123456789,2025-01-01 16:25:07+00:00,-80.15751,26.11063,0.0,,,ODYSSEY,,ODYSSEY,37.0,26.11063,-80.15751,2025-01-01 16:22:04+00:00,183.0,0.0,0.0,False,False,False,True
123456789,2025-01-01 16:28:04+00:00,-80.15751,26.11064,0.0,,,ODYSSEY,,ODYSSEY,37.0,26.11063,-80.15751,2025-01-01 16:25:07+00:00,177.0,1.1078969001651382,0.012167086499531,False,False,False,True
123456789,2025-01-01 16:31:05+00:00,-80.15752,26.11063,0.0,,,ODYSSEY,,ODYSSEY,37.0,26.11064,-80.15751,2025-01-01 16:28:04+00:00,181.0,1.4926187031641749,0.016029900220766,False,False,False,True
123456789,2025-01-01 16:34:07+00:00,-80.15751,26.11064,0.0,,,ODYSSEY,,ODYSSEY,37.0,26.11063,-80.15752,2025-01-01 16:31:05+00:00,182.0,1.4926187031641749,0.0159418238459266,False,False,False,True
123456789,2025-01-01 16:37:31+00:00,-80.10693,26.11516,0.0,68.7,,ODYSSEY,,ODYSSEY,37.0,26.11064,-80.15751,2025-01-01 16:34:07+00:00,204.0,5083.8273609665775,48.44189694775134,False,False,False,True
123456789,2025-01-01 16:40:05+00:00,-80.15752,26.11062,0.0,,,ODYSSEY,,ODYSSEY,37.0,26.11516,-80.10693,2025-01-01 16:37:31+00:00,154.0,5085.041840816924,64.18511514190631,True,False,False,False
123456789,2025-01-01 16:43:04+00:00,-80.15754,26.11061,0.0,,,ODYSSEY,,ODYSSEY,37.0,26.11062,-80.15752,2025-01-01 16:40:05+00:00,179.0,2.2867743852438167,0.0248330922961583,False,False,False,True
123456789,2025-01-01 16:46:05+00:00,-80.15754,26.11062,0.0,,,ODYSSEY,,ODYSSEY,37.0,26.11061,-80.15754,2025-01-01 16:43:04+00:00,181.0,1.1078968973774634,0.0118982005801006,False,False,False,True
123456789,2025-01-01 16:49:07+00:00,-80.15753,26.11062,0.0,,,ODYSSEY,,ODYSSEY,37.0,26.11062,-80.15754,2025-01-01 16:46:05+00:00,182.0,1.0002376242978523,0.0106829774923908,False,False,False,True
123456789,2025-01-01 16:52:04+00:00,-80.15752,26.11063,0.0,,,ODYSSEY,,ODYSSEY,37.0,26.11062,-80.15753,2025-01-01 16:49:07+00:00,177.0,1.4926187582638677,0.0163921584579866,False,False,False,True
123456789,2025-01-01 16:55:30+00:00,-80.10693,26.11516,0.0,68.7,,ODYSSEY,,ODYSSEY,37.0,26.11063,-80.15752,2025-01-01 16:52:04+00:00,206.0,5084.932158829388,47.98201226999474,False,False,False,True
123456789,2025-01-01 16:58:05+00:00,-80.15753,26.11063,0.0,,,ODYSSEY,,ODYSSEY,37.0,26.11516,-80.10693,2025-01-01 16:55:30+00:00,155.0,5085.927494302927,63.78212451952129,True,False,False,False
123456789,2025-01-01 17:01:04+00:00,-80.15753,26.11063,0.0,,,ODYSSEY,,ODYSSEY,37.0,26.11063,-80.15753,2025-01-01 16:58:05+00:00,179.0,0.0,0.0,False,False,False,True
123456789,2025-01-01 17:04:06+00:00,-80.15752,26.11063,0.0,,,ODYSSEY,,ODYSSEY,37.0,26.11063,-80.15753,2025-01-01 17:01:04+00:00,182.0,1.0002375377756174,0.0106829765682953,False,False,False,True
123456789,2025-01-01 17:07:30+00:00,-80.10693,26.11516,0.0,68.7,,ODYSSEY,,ODYSSEY,37.0,26.11063,-80.15752,2025-01-01 17:04:06+00:00,204.0,5084.932158829388,48.45242415499469,False,False,False,True
123456789,2025-01-01 17:10:04+00:00,-80.15751,26.11061,0.1,,,ODYSSEY,,ODYSSEY,37.0,26.11516,-80.10693,2025-01-01 17:07:30+00:00,154.0,5084.156471078889,64.1739397061168,True,False,False,False
123456789,2025-01-01 17:13:05+00:00,-80.15752,26.11061,0.0,,,ODYSSEY,,ODYSSEY,37.0,26.11061,-80.15751,2025-01-01 17:10:04+00:00,181.0,1.0002377093986332,0.0107420003814223,False,False,False,True
123456789,2025-01-01 17:16:05+00:00,-80.15753,26.11062,0.0,,,ODYSSEY,,ODYSSEY,37.0,26.11061,-80.15752,2025-01-01 17:13:05+00:00,180.0,1.4926188130093605,0.0161189564082228,False,False,False,True
123456789,2025-01-01 17:19:30+00:00,-80.10693,26.11515,0.0,76.7,,ODYSSEY,,ODYSSEY,37.0,26.11062,-80.15753,2025-01-01 17:16:05+00:00,205.0,5085.927922777424,48.22551284591058,False,False,False,True
123456789,2025-01-01 17:22:04+00:00,-80.15754,26.11062,0.0,,,ODYSSEY,,ODYSSEY,37.0,26.11515,-80.10693,2025-01-01 17:19:30+00:00,154.0,5086.923260253058,64.20886305331366,True,False,False,False
123456789,2025-01-01 17:25:30+00:00,-80.10693,26.11515,0.0,76.7,,ODYSSEY,,ODYSSEY,37.0,26.11062,-80.15754,2025-01-01 17:22:04+00:00,206.0,5086.923260253058,48.00080053500148,False,False,False,True
123456789,2025-01-01 17:28:31+00:00,-80.10693,26.11515,0.0,76.7,,ODYSSEY,,ODYSSEY,37.0,26.11515,-80.10693,2025-01-01 17:25:30+00:00,181.0,0.0,0.0,False,False,False,True
123456789,2025-01-01 17:31:05+00:00,-80.15751,26.11063,0.0,,,ODYSSEY,,ODYSSEY,37.0,26.11515,-80.10693,2025-01-01 17:28:31+00:00,154.0,5083.827789279796,64.16979097346518,True,False,False,False
123456789,2025-01-01 17:34:09+00:00,-80.15752,26.11064,0.0,,,ODYSSEY,,ODYSSEY,37.0,26.11063,-80.15751,2025-01-01 17:31:05+00:00,184.0,1.4926187031641749,0.0157685431519491,False,False,False,True
123456789,2025-01-01 17:37:05+00:00,-80.15751,26.11063,0.0,,,ODYSSEY,,ODYSSEY,37.0,26.11064,-80.15752,2025-01-01 17:34:09+00:00,176.0,1.4926187031641749,0.0164852951134014,False,False,False,True
123456789,2025-01-01 17:40:05+00:00,-80.15752,26.11063,0.0,,,ODYSSEY,,ODYSSEY,37.0,26.11063,-80.15751,2025-01-01 17:37:05+00:00,180.0,1.0002375391970404,0.0108016763232931,False,False,False,True
123456789,2025-01-01 17:43:32+00:00,-80.10693,26.11516,0.0,76.7,,ODYSSEY,,ODYSSEY,37.0,26.11063,-80.15752,2025-01-01 17:40:05+00:00,207.0,5084.932158829388,47.75021510927014,False,False,False,True
123456789,2025-01-01 17:46:04+00:00,-80.15754,26.11064,0.0,,,ODYSSEY,,ODYSSEY,37.0,26.11516,-80.10693,2025-01-01 17:43:32+00:00,152.0,5086.8134313912415,65.05231197681285,True,False,False,False
123456789,2025-01-01 17:49:04+00:00,-80.15754,26.11065,0.0,,,ODYSSEY,,ODYSSEY,37.0,26.11064,-80.15754,2025-01-01 17:46:04+00:00,180.0,1.107896902444017,0.0119643017491487,False,False,False,True
123456789,2025-01-01 17:52:04+00:00,-80.15754,26.11063,0.0,,,ODYSSEY,,ODYSSEY,37.0,26.11065,-80.15754,2025-01-01 17:49:04+00:00,180.0,2.215793802609189,0.023928603473688,False,False,False,True
123456789,2025-01-01 17:55:04+00:00,-80.15753,26.11063,0.0,,,ODYSSEY,,ODYSSEY,37.0,26.11063,-80.15754,2025-01-01 17:52:04+00:00,180.0,1.0002375391970404,0.0108016763232931,False,False,False,True
123456789,2025-01-01 17:58:04+00:00,-80.15753,26.11063,0.0,,,ODYSSEY,,ODYSSEY,37.0,26.11063,-80.15753,2025-01-01 17:55:04+00:00,180.0,0.0,0.0,False,False,False,True
123456789,2025-01-01 18:01:33+00:00,-80.10693,26.11516,0.0,76.7,,ODYSSEY,,ODYSSEY,37.0,26.11063,-80.15753,2025-01-01 17:58:04+00:00,209.0,5085.927494302927,47.30253253840096,False,False,False,True
123456789,2025-01-01 18:04:04+00:00,-80.15752,26.11064,0.0,,,ODYSSEY,,ODYSSEY,37.0,26.11516,-80.10693,2025-01-01 18:01:33+00:00,151.0,5084.822715867229,65.45749528484342,True,False,False,False
123456789,2025-01-01 18:07:04+00:00,-80.15752,26.11062,0.0,,,ODYSSEY,,ODYSSEY,37.0,26.11064,-80.15752,2025-01-01 18:04:04+00:00,180.0,2.215793800172908,0.0239286034473783,False,False,False,True
123456789,2025-01-01 18:10:04+00:00,-80.15752,26.11061,0.0,,,ODYSSEY,,ODYSSEY,37.0,26.11062,-80.15752,2025-01-01 18:07:04+00:00,180.0,1.1078968973774634,0.0119643016944344,False,False,False,True
123456789,2025-01-01 18:13:05+00:00,-80.15752,26.11063,0.0,,,ODYSSEY,,ODYSSEY,37.0,26.11061,-80.15752,2025-01-01 18:10:04+00:00,181.0,2.2157937970317687,0.0237964011846532,False,False,False,True
123456789,2025-01-01 18:16:04+00:00,-80.15753,26.11064,0.0,,,ODYSSEY,,ODYSSEY,37.0,26.11063,-80.15752,2025-01-01 18:13:05+00:00,179.0,1.4926187024570303,0.0162090052434864,False,False,False,True
123456789,2025-01-01 18:19:05+00:00,-80.15752,26.11064,0.0,,,ODYSSEY,,ODYSSEY,37.0,26.11064,-80.15753,2025-01-01 18:16:04+00:00,181.0,1.0002374526747757,0.0107419976243499,False,False,False,True
123456789,2025-01-01 18:22:31+00:00,-80.10694,26.11518,0.0,76.7,,ODYSSEY,,ODYSSEY,37.0,26.11064,-80.15752,2025-01-01 18:19:05+00:00,206.0,5084.045672060386,47.97364727756243,False,False,False,True
123456789,2025-01-01 18:25:05+00:00,-80.15753,26.11065,0.0,,,ODYSSEY,,ODYSSEY,37.0,26.11518,-80.10694,2025-01-01 18:22:31+00:00,154.0,5084.931302051077,64.183719884279,True,False,False,False
123456789,2025-01-01 18:28:05+00:00,-80.15753,26.11065,0.0,,,ODYSSEY,,ODYSSEY,37.0,26.11065,-80.15753,2025-01-01 18:25:05+00:00,180.0,0.0,0.0,False,False,False,True
123456789,2025-01-01 18:31:05+00:00,-80.15752,26.11064,0.0,,,ODYSSEY,,ODYSSEY,37.0,26.11065,-80.15753,2025-01-01 18:28:05+00:00,180.0,1.4926186455927315,0.016118954600272,False,False,False,True
123456789,2025-01-01 18:34:04+00:00,-80.1575,26.11064,0.0,,,ODYSSEY,,ODYSSEY,37.0,26.11064,-80.15752,2025-01-01 18:31:05+00:00,179.0,2.000474908192396,0.0217240399192218,False,False,False,True
123456789,2025-01-01 18:37:06+00:00,-80.15751,26.11064,0.0,,,ODYSSEY,,ODYSSEY,37.0,26.11064,-80.1575,2025-01-01 18:34:04+00:00,182.0,1.000237454096199,0.0106829756745623,False,False,False,True
123456789,2025-01-01 18:43:05+00:00,-80.15753,26.11066,0.0,,,ODYSSEY,,ODYSSEY,37.0,26.11064,-80.15751,2025-01-01 18:37:06+00:00,359.0,2.985237236438412,0.0161638538988257,False,False,False,True
123456789,2025-01-01 18:46:04+00:00,-80.15754,26.11067,0.0,,,ODYSSEY,,ODYSSEY,37.0,26.11066,-80.15753,2025-01-01 18:43:05+00:00,179.0,1.4926185357461152,0.016209003433099,False,False,False,True
123456789,2025-01-01 18:49:04+00:00,-80.15754,26.11066,0.0,,,ODYSSEY,,ODYSSEY,37.0,26.11067,-80.15754,2025-01-01 18:46:04+00:00,180.0,1.1078969059406916,0.0119643017869097,False,False,False,True
123456789,2025-01-01 18:52:05+00:00,-80.15753,26.11067,0.0,,,ODYSSEY,,ODYSSEY,37.0,26.11066,-80.15754,2025-01-01 18:49:04+00:00,181.0,1.4926185357461152,0.0160298984227885,False,False,False,True
123456789,2025-01-01 18:55:04+00:00,-80.15752,26.11066,0.0,,,ODYSSEY,,ODYSSEY,37.0,26.11067,-80.15753,2025-01-01 18:52:05+00:00,179.0,1.4926185346871017,0.0162090034215987,False,False,False,True
123456789,2025-01-01 18:58:05+00:00,-80.15753,26.11066,0.0,,,ODYSSEY,,ODYSSEY,37.0,26.11066,-80.15752,2025-01-01 18:55:04+00:00,181.0,1.0002372824730008,0.0107419957964768,False,False,False,True
123456789,2025-01-01 19:01:05+00:00,-80.15752,26.11066,0.0,,,ODYSSEY,,ODYSSEY,37.0,26.11066,-80.15753,2025-01-01 18:58:05+00:00,180.0,1.0002372824730008,0.0108016735509017,False,False,False,True
123456789,2025-01-01 19:04:04+00:00,-80.15752,26.11067,0.0,,,ODYSSEY,,ODYSSEY,37.0,26.11066,-80.15752,2025-01-01 19:01:05+00:00,179.0,1.1078969059406916,0.0120311414616969,False,False,False,True
123456789,2025-01-01 19:07:05+00:00,-80.15752,26.11066,0.0,,,ODYSSEY,,ODYSSEY,37.0,26.11067,-80.15752,2025-01-01 19:04:04+00:00,181.0,1.1078969059406916,0.0118982006720649,False,False,False,True
123456789,2025-01-01 19:10:04+00:00,-80.15753,26.11066,0.0,,,ODYSSEY,,ODYSSEY,37.0,26.11066,-80.15752,2025-01-01 19:07:05+00:00,179.0,1.0002372824730008,0.0108620180958788,False,False,False,True
123456789,2025-01-01 19:13:05+00:00,-80.15753,26.11066,0.0,,,ODYSSEY,,ODYSSEY,37.0,26.11066,-80.15753,2025-01-01 19:10:04+00:00,181.0,0.0,0.0,False,False,False,True
123456789,2025-01-01 19:16:04+00:00,-80.15753,26.11066,0.0,,,ODYSSEY,,ODYSSEY,37.0,26.11066,-80.15753,2025-01-01 19:13:05+00:00,179.0,0.0,0.0,False,False,False,True
123456789,2025-01-01 19:19:04+00:00,-80.15752,26.11065,0.0,,,ODYSSEY,,ODYSSEY,37.0,26.11066,-80.15753,2025-01-01 19:16:04+00:00,180.0,1.492618590139463,0.016118954001426,False,False,False,True
123456789,2025-01-01 19:22:06+00:00,-80.15752,26.11066,0.0,,,ODYSSEY,,ODYSSEY,37.0,26.11065,-80.15752,2025-01-01 19:19:04+00:00,182.0,1.1078969033097288,0.0118328259149977,False,False,False,True
123456789,2025-01-01 19:25:05+00:00,-80.15753,26.11066,0.0,,,ODYSSEY,,ODYSSEY,37.0,26.11066,-80.15752,2025-01-01 19:22:06+00:00,179.0,1.0002372824730008,0.0108620180958788,False,False,False,True
123456789,2025-01-01 19:28:05+00:00,-80.15752,26.11067,0.0,,,ODYSSEY,,ODYSSEY,37.0,26.11066,-80.15753,2025-01-01 19:25:05+00:00,180.0,1.4926185346871017,0.0161189534025898,False,False,False,True
123456789,2025-01-01 19:31:31+00:00,-80.10693,26.11518,0.0,29.5,,ODYSSEY,,ODYSSEY,37.0,26.11067,-80.15752,2025-01-01 19:28:05+00:00,206.0,5084.712655130928,47.97994100752283,False,False,False,True
123456789,2025-01-01 19:34:31+00:00,-80.10693,26.11518,0.0,29.5,,ODYSSEY,,ODYSSEY,37.0,26.11518,-80.10693,2025-01-01 19:31:31+00:00,180.0,0.0,0.0,False,False,False,True
123456789,2025-01-01 19:37:32+00:00,-80.10693,26.11518,0.0,29.5,,ODYSSEY,,ODYSSEY,37.0,26.11518,-80.10693,2025-01-01 19:34:31+00:00,181.0,0.0,0.0,False,False,False,True
123456789,2025-01-01 19:40:06+00:00,-80.15753,26.11065,0.0,,,ODYSSEY,,ODYSSEY,37.0,26.11518,-80.10693,2025-01-01 19:37:32+00:00,154.0,5085.926637353401,64.19628334255218,True,False,False,False
123456789,2025-01-01 19:43:05+00:00,-80.15752,26.11066,0.0,,,ODYSSEY,,ODYSSEY,37.0,26.11065,-80.15753,2025-01-01 19:40:06+00:00,179.0,1.492618590139463,0.0162090040237804,False,False,False,True
123456789,2025-01-01 19:46:04+00:00,-80.15752,26.11067,0.0,,,ODYSSEY,,ODYSSEY,37.0,26.11066,-80.15752,2025-01-01 19:43:05+00:00,179.0,1.1078969059406916,0.0120311414616969,False,False,False,True
123456789,2025-01-01 19:49:04+00:00,-80.15753,26.11066,0.0,,,ODYSSEY,,ODYSSEY,37.0,26.11067,-80.15752,2025-01-01 19:46:04+00:00,180.0,1.4926185346871017,0.0161189534025898,False,False,False,True
123456789,2025-01-01 19:52:04+00:00,-80.15753,26.11066,0.0,,,ODYSSEY,,ODYSSEY,37.0,26.11066,-80.15753,2025-01-01 19:49:04+00:00,180.0,0.0,0.0,False,False,False,True
123456789,2025-01-01 19:55:31+00:00,-80.10693,26.11519,0.0,29.5,,ODYSSEY,,ODYSSEY,37.0,26.11066,-80.15753,2025-01-01 19:52:04+00:00,207.0,5085.926208878551,47.75954976747093,False,False,False,True
123456789,2025-01-01 19:58:31+00:00,-80.10693,26.11519,0.0,29.5,,ODYSSEY,,ODYSSEY,37.0,26.11519,-80.10693,2025-01-01 19:55:31+00:00,180.0,0.0,0.0,False,False,False,True
123456789,2025-01-01 20:01:05+00:00,-80.15754,26.11067,0.0,,,ODYSSEY,,ODYSSEY,37.0,26.11519,-80.10693,2025-01-01 19:58:31+00:00,154.0,5086.812145682258,64.20746052768182,True,False,False,False
123456789,2025-01-01 20:04:31+00:00,-80.10693,26.11519,0.0,29.5,,ODYSSEY,,ODYSSEY,37.0,26.11067,-80.15754,2025-01-01 20:01:05+00:00,206.0,5086.812145682258,47.99975204496602,False,False,False,True
123456789,2025-01-01 20:07:33+00:00,-80.10693,26.11518,0.0,29.5,,ODYSSEY,,ODYSSEY,37.0,26.11519,-80.10693,2025-01-01 20:04:31+00:00,182.0,1.1078975996871283,0.0118328333526144,False,False,False,True
123456789,2025-01-01 20:10:05+00:00,-80.15753,26.11066,0.0,,,ODYSSEY,,ODYSSEY,37.0,26.11518,-80.10693,2025-01-01 20:07:33+00:00,152.0,5085.817215707286,65.03957195118717,True,False,False,False
123456789,2025-01-01 20:13:30+00:00,-80.10694,26.11519,0.0,29.5,,ODYSSEY,,ODYSSEY,37.0,26.11066,-80.15753,2025-01-01 20:10:05+00:00,205.0,5084.930873661745,48.21605868028608,False,False,False,True
123456789,2025-01-01 20:16:04+00:00,-80.15754,26.11066,0.0,,,ODYSSEY,,ODYSSEY,37.0,26.11519,-80.10694,2025-01-01 20:13:30+00:00,154.0,5085.92620888014,64.196277934218,True,False,False,False
123456789,2025-01-01 20:19:31+00:00,-80.10694,26.11519,0.0,29.5,,ODYSSEY,,ODYSSEY,37.0,26.11066,-80.15754,2025-01-01 20:16:04+00:00,207.0,5085.92620888014,47.75954976748585,False,False,False,True
123456789,2025-01-01 20:22:31+00:00,-80.10694,26.1152,0.0,29.5,,ODYSSEY,,ODYSSEY,37.0,26.11519,-80.10694,2025-01-01 20:19:31+00:00,180.0,1.107897601963246,0.0119643093033346,False,False,False,True
123456789,2025-01-01 20:25:05+00:00,-80.15753,26.11068,0.0,,,ODYSSEY,,ODYSSEY,37.0,26.1152,-80.10694,2025-01-01 20:22:31+00:00,154.0,5084.821002272626,64.1823276432313,True,False,False,False
123456789,2025-01-01 20:31:04+00:00,-80.15753,26.11068,0.0,,,ODYSSEY,,ODYSSEY,37.0,26.11068,-80.15753,2025-01-01 20:25:05+00:00,359.0,0.0,0.0,False,False,False,True
123456789,2025-01-01 20:34:05+00:00,-80.15752,26.11068,0.0,,,ODYSSEY,,ODYSSEY,37.0,26.11068,-80.15753,2025-01-01 20:31:04+00:00,181.0,1.0002371122711045,0.0107419939686025,False,False,False,True
123456789,2025-01-01 20:37:04+00:00,-80.15752,26.1107,0.0,,,ODYSSEY,,ODYSSEY,37.0,26.11068,-80.15752,2025-01-01 20:34:05+00:00,179.0,2.215793818678014,0.0240622829972015,False,False,False,True
123456789,2025-01-01 20:40:04+00:00,-80.15754,26.11069,0.0,,,ODYSSEY,,ODYSSEY,37.0,26.1107,-80.15752,2025-01-01 20:37:04+00:00,180.0,2.286773200578086,0.0246951178789539,False,False,False,True
123456789,2025-01-01 20:43:07+00:00,-80.15753,26.11069,0.0,,,ODYSSEY,,ODYSSEY,37.0,26.11069,-80.15754,2025-01-01 20:40:04+00:00,183.0,1.0002370285915323,0.0106245942385648,False,False,False,True
123456789,2025-01-01 20:46:04+00:00,-80.15753,26.11069,0.0,,,ODYSSEY,,ODYSSEY,37.0,26.11069,-80.15753,2025-01-01 20:43:07+00:00,177.0,0.0,0.0,False,False,False,True
123456789,2025-01-01 20:49:05+00:00,-80.15754,26.11068,0.0,,,ODYSSEY,,ODYSSEY,37.0,26.11069,-80.15753,2025-01-01 20:46:04+00:00,181.0,1.4926184248401655,0.0160298972317199,False,False,False,True
123456789,2025-01-01 20:52:04+00:00,-80.15753,26.11069,0.0,,,ODYSSEY,,ODYSSEY,37.0,26.11068,-80.15754,2025-01-01 20:49:05+00:00,179.0,1.4926184248401655,0.0162090022287223,False,False,False,True
123456789,2025-01-01 20:55:06+00:00,-80.15752,26.11069,0.0,,,ODYSSEY,,ODYSSEY,37.0,26.11069,-80.15753,2025-01-01 20:52:04+00:00,182.0,1.00023702717011,0.0106829711148041,False,False,False,True
123456789,2025-01-01 20:58:06+00:00,-80.15753,26.11069,0.0,,,ODYSSEY,,ODYSSEY,37.0,26.11069,-80.15752,2025-01-01 20:55:06+00:00,180.0,1.00023702717011,0.0108016707938574,False,False,False,True
123456789,2025-01-01 21:01:05+00:00,-80.15753,26.11068,0.0,,,ODYSSEY,,ODYSSEY,37.0,26.11069,-80.15753,2025-01-01 20:58:06+00:00,179.0,1.1078969090825213,0.0120311414958154,False,False,False,True
123456789,2025-01-01 21:04:04+00:00,-80.15753,26.11068,0.0,,,ODYSSEY,,ODYSSEY,37.0,26.11068,-80.15753,2025-01-01 21:01:05+00:00,179.0,0.0,0.0,False,False,False,True
123456789,2025-01-01 21:07:04+00:00,-80.15753,26.11067,0.0,,,ODYSSEY,,ODYSSEY,37.0,26.11068,-80.15753,2025-01-01 21:04:04+00:00,180.0,1.1078969064529391,0.0119643017924415,False,False,False,True
123456789,2025-01-01 21:10:08+00:00,-80.15754,26.11068,0.0,,,ODYSSEY,,ODYSSEY,37.0,26.11067,-80.15753,2025-01-01 21:07:04+00:00,184.0,1.4926184788809098,0.0157685407825427,False,False,False,True
123456789,2025-01-01 21:13:31+00:00,-80.10693,26.1152,0.0,29.5,,ODYSSEY,,ODYSSEY,37.0,26.11068,-80.15754,2025-01-01 21:10:08+00:00,203.0,5086.811717112306,48.709103882717166,False,False,False,True
123456789,2025-01-01 21:16:06+00:00,-80.15753,26.11067,0.0,,,ODYSSEY,,ODYSSEY,37.0,26.1152,-80.10693,2025-01-01 21:13:31+00:00,155.0,5085.925780403522,63.782103025674736,True,False,False,False
123456789,2025-01-01 21:19:04+00:00,-80.15754,26.11068,0.0,,,ODYSSEY,,ODYSSEY,37.0,26.11067,-80.15753,2025-01-01 21:16:06+00:00,178.0,1.4926184788809098,0.0163000646291453,False,False,False,True
123456789,2025-01-01 21:22:30+00:00,-80.10692,26.11519,0.0,111.4,,ODYSSEY,,ODYSSEY,37.0,26.11068,-80.15754,2025-01-01 21:19:04+00:00,206.0,5087.6983659389225,48.00811452255687,False,False,False,True
123456789,2025-01-01 21:25:06+00:00,-80.15754,26.11066,0.0,,,ODYSSEY,,ODYSSEY,37.0,26.11519,-80.10692,2025-01-01 21:22:30+00:00,156.0,5087.916885060998,63.39805357600622,True,False,False,False
123456789,2025-01-01 21:28:05+00:00,-80.15752,26.11067,0.0,,,ODYSSEY,,ODYSSEY,37.0,26.11066,-80.15754,2025-01-01 21:25:06+00:00,179.0,2.28677364443088,0.0248330842513436,False,False,False,True
123456789,2025-01-01 21:31:05+00:00,-80.15752,26.11067,0.0,,,ODYSSEY,,ODYSSEY,37.0,26.11067,-80.15752,2025-01-01 21:28:05+00:00,180.0,0.0,0.0,False,False,False,True
123456789,2025-01-01 21:34:30+00:00,-80.10693,26.1152,0.0,111.4,,ODYSSEY,,ODYSSEY,37.0,26.11067,-80.15752,2025-01-01 21:31:05+00:00,205.0,5084.930445272415,48.21605461823576,False,False,False,True
123456789,2025-01-01 21:37:04+00:00,-80.15753,26.11065,0.0,,,ODYSSEY,,ODYSSEY,37.0,26.1152,-80.10693,2025-01-01 21:34:30+00:00,154.0,5086.145340660159,64.19904388953795,True,False,False,False
123456789,2025-01-01 21:40:04+00:00,-80.15753,26.11065,0.0,,,ODYSSEY,,ODYSSEY,37.0,26.11065,-80.15753,2025-01-01 21:37:04+00:00,180.0,0.0,0.0,False,False,False,True
123456789,2025-01-01 21:43:05+00:00,-80.15753,26.11064,0.0,,,ODYSSEY,,ODYSSEY,37.0,26.11065,-80.15753,2025-01-01 21:40:04+00:00,181.0,1.107896902444017,0.0118982006345125,False,False,False,True
123456789,2025-01-01 21:46:31+00:00,-80.10694,26.11519,0.0,111.4,,ODYSSEY,,ODYSSEY,37.0,26.11064,-80.15753,2025-01-01 21:43:05+00:00,206.0,5085.150476704344,47.984072342897925,False,False,False,True
123456789,2025-01-01 21:49:05+00:00,-80.15753,26.11065,0.0,,,ODYSSEY,,ODYSSEY,37.0,26.11519,-80.10694,2025-01-01 21:46:31+00:00,154.0,5085.040555678035,64.1850989204493,True,False,False,False
123456789,2025-01-01 21:52:05+00:00,-80.15753,26.11065,0.0,,,ODYSSEY,,ODYSSEY,37.0,26.11065,-80.15753,2025-01-01 21:49:05+00:00,180.0,0.0,0.0,False,False,False,True
123456789,2025-01-01 21:55:06+00:00,-80.15753,26.11065,0.0,,,ODYSSEY,,ODYSSEY,37.0,26.11065,-80.15753,2025-01-01 21:52:05+00:00,181.0,0.0,0.0,False,False,False,True
123456789,2025-01-01 21:58:04+00:00,-80.15754,26.11065,0.0,,,ODYSSEY,,ODYSSEY,37.0,26.11065,-80.15753,2025-01-01 21:55:06+00:00,178.0,1.0002373689953266,0.0109230416143139,False,False,False,True
123456789,2025-01-01 22:01:31+00:00,-80.10694,26.11519,0.0,111.4,,ODYSSEY,,ODYSSEY,37.0,26.11065,-80.15754,2025-01-01 21:58:04+00:00,207.0,5086.035869516196,47.76057953913219,False,False,False,True
123456789,2025-01-01 22:04:32+00:00,-80.10693,26.11518,0.0,111.4,,ODYSSEY,,ODYSSEY,37.0,26.11519,-80.10694,2025-01-01 22:01:31+00:00,181.0,1.4925932709091096,0.0160296270923975,False,False,False,True
123456789,2025-01-01 22:07:04+00:00,-80.15753,26.11065,0.0,,,ODYSSEY,,ODYSSEY,37.0,26.11518,-80.10693,2025-01-01 22:04:32+00:00,152.0,5085.926637353401,65.04097128126996,True,False,False,False
123456789,2025-01-01 22:10:06+00:00,-80.15753,26.11065,0.0,,,ODYSSEY,,ODYSSEY,37.0,26.11065,-80.15753,2025-01-01 22:07:04+00:00,182.0,0.0,0.0,False,False,False,True
123456789,2025-01-01 22:13:06+00:00,-80.15753,26.11065,0.0,,,ODYSSEY,,ODYSSEY,37.0,26.11065,-80.15753,2025-01-01 22:10:06+00:00,180.0,0.0,0.0,False,False,False,True
123456789,2025-01-01 22:16:32+00:00,-80.10693,26.11518,0.0,111.4,,ODYSSEY,,ODYSSEY,37.0,26.11065,-80.15753,2025-01-01 22:13:06+00:00,206.0,5085.926637353401,47.99139628520891,False,False,False,True
123456789,2025-01-01 22:19:04+00:00,-80.15755,26.11063,0.0,,,ODYSSEY,,ODYSSEY,37.0,26.11518,-80.10693,2025-01-01 22:16:32+00:00,152.0,5088.136788362946,65.06923562296993,True,False,False,False
123456789,2025-01-01 22:22:04+00:00,-80.15755,26.11064,0.0,,,ODYSSEY,,ODYSSEY,37.0,26.11063,-80.15755,2025-01-01 22:19:04+00:00,180.0,1.1078969001651382,0.0119643017245389,False,False,False,True
123456789,2025-01-01 22:28:04+00:00,-80.15756,26.11064,0.0,,,ODYSSEY,,ODYSSEY,37.0,26.11064,-80.15755,2025-01-01 22:22:04+00:00,360.0,1.000237454096199,0.0054008377021398,False,False,False,True
123456789,2025-01-01 22:31:04+00:00,-80.15754,26.11065,0.0,,,ODYSSEY,,ODYSSEY,37.0,26.11064,-80.15756,2025-01-01 22:28:04+00:00,180.0,2.2867739413916626,0.024695125879082,False,False,False,True
123456789,2025-01-01 22:34:05+00:00,-80.15754,26.11064,0.0,,,ODYSSEY,,ODYSSEY,37.0,26.11065,-80.15754,2025-01-01 22:31:04+00:00,181.0,1.107896902444017,0.0118982006345125,False,False,False,True
123456789,2025-01-01 22:37:05+00:00,-80.15756,26.11064,0.0,,,ODYSSEY,,ODYSSEY,37.0,26.11064,-80.15754,2025-01-01 22:34:05+00:00,180.0,2.000474908192396,0.0216033508085594,False,False,False,True
123456789,2025-01-01 22:40:04+00:00,-80.15754,26.11064,0.0,,,ODYSSEY,,ODYSSEY,37.0,26.11064,-80.15756,2025-01-01 22:37:05+00:00,179.0,2.000474908192396,0.0217240399192218,False,False,False,True
123456789,2025-01-01 22:43:04+00:00,-80.15754,26.11064,0.0,,,ODYSSEY,,ODYSSEY,37.0,26.11064,-80.15754,2025-01-01 22:40:04+00:00,180.0,0.0,0.0,False,False,False,True
123456789,2025-01-01 22:46:06+00:00,-80.15754,26.11064,0.0,,,ODYSSEY,,ODYSSEY,37.0,26.11064,-80.15754,2025-01-01 22:43:04+00:00,182.0,0.0,0.0,False,False,False,True
123456789,2025-01-01 22:49:08+00:00,-80.15753,26.11064,0.0,,,ODYSSEY,,ODYSSEY,37.0,26.11064,-80.15754,2025-01-01 22:46:06+00:00,182.0,1.000237454096199,0.0106829756745623,False,False,False,True
123456789,2025-01-01 22:52:05+00:00,-80.15754,26.11064,0.0,,,ODYSSEY,,ODYSSEY,37.0,26.11064,-80.15753,2025-01-01 22:49:08+00:00,177.0,1.000237454096199,0.01098475464842,False,False,False,True
123456789,2025-01-01 22:55:04+00:00,-80.15754,26.11064,0.0,,,ODYSSEY,,ODYSSEY,37.0,26.11064,-80.15754,2025-01-01 22:52:05+00:00,179.0,0.0,0.0,False,False,False,True
123456789,2025-01-01 22:58:30+00:00,-80.10691,26.11518,0.0,111.4,,ODYSSEY,,ODYSSEY,37.0,26.11064,-80.15754,2025-01-01 22:55:04+00:00,206.0,5089.022251290084,48.02060685896949,False,False,False,True
123456789,2025-01-01 23:01:05+00:00,-80.15755,26.11064,0.0,,,ODYSSEY,,ODYSSEY,37.0,26.11518,-80.10691,2025-01-01 22:58:30+00:00,155.0,5090.017572901951,63.8334177994176,True,False,False,False
123456789,2025-01-01 23:04:06+00:00,-80.15756,26.11063,0.0,,,ODYSSEY,,ODYSSEY,37.0,26.11064,-80.15755,2025-01-01 23:01:05+00:00,181.0,1.4926187031641749,0.016029900220766,False,False,False,True
123456789,2025-01-01 23:07:31+00:00,-80.10692,26.11518,0.0,111.4,,ODYSSEY,,ODYSSEY,37.0,26.11063,-80.15756,2025-01-01 23:04:06+00:00,205.0,5090.127386873628,48.2653327790265,False,False,False,True
123456789,2025-01-01 23:10:05+00:00,-80.15754,26.11063,0.0,,,ODYSSEY,,ODYSSEY,37.0,26.11518,-80.10692,2025-01-01 23:07:31+00:00,154.0,5088.136788362946,64.22418061487942,True,False,False,False
123456789,2025-01-01 23:13:07+00:00,-80.15755,26.11063,0.0,,,ODYSSEY,,ODYSSEY,37.0,26.11063,-80.15754,2025-01-01 23:10:05+00:00,182.0,1.0002375391970404,0.0106829765834767,False,False,False,True
123456789,2025-01-01 23:16:04+00:00,-80.15754,26.11063,0.0,,,ODYSSEY,,ODYSSEY,37.0,26.11063,-80.15755,2025-01-01 23:13:07+00:00,177.0,1.0002375391970404,0.01098475558301,False,False,False,True
123456789,2025-01-01 23:19:06+00:00,-80.15754,26.11063,0.0,,,ODYSSEY,,ODYSSEY,37.0,26.11063,-80.15754,2025-01-01 23:16:04+00:00,182.0,0.0,0.0,False,False,False,True
123456789,2025-01-01 23:22:05+00:00,-80.15754,26.11062,0.0,,,ODYSSEY,,ODYSSEY,37.0,26.11063,-80.15754,2025-01-01 23:19:06+00:00,179.0,1.1078968996542715,0.0120311413934299,False,False,False,True
123456789,2025-01-01 23:25:05+00:00,-80.15755,26.11063,0.0,,,ODYSSEY,,ODYSSEY,37.0,26.11062,-80.15754,2025-01-01 23:22:05+00:00,180.0,1.4926187586156932,0.0161189558208196,False,False,False,True
123456789,2025-01-01 23:28:04+00:00,-80.15755,26.11064,0.0,,,ODYSSEY,,ODYSSEY,37.0,26.11063,-80.15755,2025-01-01 23:25:05+00:00,179.0,1.1078969001651382,0.0120311413989776,False,False,False,True
123456789,2025-01-01 23:31:05+00:00,-80.15755,26.11063,0.0,,,ODYSSEY,,ODYSSEY,37.0,26.11064,-80.15755,2025-01-01 23:28:04+00:00,181.0,1.1078969001651382,0.0118982006100386,False,False,False,True
123456789,2025-01-01 23:34:04+00:00,-80.15757,26.11065,0.0,,,ODYSSEY,,ODYSSEY,37.0,26.11063,-80.15755,2025-01-01 23:31:05+00:00,179.0,2.9852373501685623,0.0324180098924673,False,False,False,True
123456789,2025-01-01 23:37:05+00:00,-80.15756,26.11064,0.0,,,ODYSSEY,,ODYSSEY,37.0,26.11065,-80.15757,2025-01-01 23:34:04+00:00,181.0,1.4926186470043052,0.01602989961764,False,False,False,True
123456789,2025-01-01 23:40:04+00:00,-80.15754,26.11065,0.0,,,ODYSSEY,,ODYSSEY,37.0,26.11064,-80.15756,2025-01-01 23:37:05+00:00,179.0,2.2867739413916626,0.0248330874761718,False,False,False,True
123456789,2025-01-01 23:43:04+00:00,-80.15756,26.11065,0.0,,,ODYSSEY,,ODYSSEY,37.0,26.11065,-80.15754,2025-01-01 23:40:04+00:00,180.0,2.000474737990652,0.0216033489705319,False,False,False,True
123456789,2025-01-01 23:46:05+00:00,-80.15754,26.11065,0.0,,,ODYSSEY,,ODYSSEY,37.0,26.11065,-80.15756,2025-01-01 23:43:04+00:00,181.0,2.000474737990652,0.0214839934513577,False,False,False,True
123456789,2025-01-01 23:52:32+00:00,-80.10694,26.11519,0.0,95.1,,ODYSSEY,,ODYSSEY,37.0,26.11065,-80.15754,2025-01-01 23:46:05+00:00,387.0,5086.035869516196,25.546356497675355,False,False,False,True
123456789,2025-01-01 23:55:04+00:00,-80.15755,26.11066,0.0,,,ODYSSEY,,ODYSSEY,37.0,26.11519,-80.10694,2025-01-01 23:52:32+00:00,152.0,5086.921546014047,65.05369459213122,True,False,False,False
123456789,2025-01-01 23:58:07+00:00,-80.15755,26.11067,0.0,,,ODYSSEY,,ODYSSEY,37.0,26.11066,-80.15755,2025-01-01 23:55:04+00:00,183.0,1.1078969059406916,0.0117681656920423,False,False,False,True
155017179,2025-01-01 00:01:06+00:00,-80.12471,25.90694,0.0,128.5,,0.C.D,,CECE,37.0,,,,,,,False,False,False,False
155017179,2025-01-01 00:04:06+00:00,-80.12471,25.90694,0.0,128.5,,0.C.D,,CECE,37.0,25.90694,-80.12471,2025-01-01 00:01:06+00:00,180.0,0.0,0.0,False,False,False,True
155017179,2025-01-01 00:07:06+00:00,-80.12471,25.90694,0.0,128.5,,0.C.D,,CECE,37.0,25.90694,-80.12471,2025-01-01 00:04:06+00:00,180.0,0.0,0.0,False,False,False,True
155017179,2025-01-01 00:10:08+00:00,-80.12471,25.90694,0.0,128.5,,0.C.D,,CECE,37.0,25.90694,-80.12471,2025-01-01 00:07:06+00:00,182.0,0.0,0.0,False,False,False,True
155017179,2025-01-01 00:13:08+00:00,-80.12472,25.90695,0.0,128.5,,0.C.D,,CECE,37.0,25.90694,-80.12471,2025-01-01 00:10:08+00:00,180.0,1.4937534747101815,0.0161312097460035,False,False,False,True
155017179,2025-01-01 00:16:06+00:00,-80.12471,25.90695,0.0,128.5,,0.C.D,,CECE,37.0,25.90695,-80.12472,2025-01-01 00:13:08+00:00,178.0,1.001964558920015,0.0109419033045566,False,False,False,True
155017179,2025-01-01 00:19:06+00:00,-80.12471,25.90695,0.0,128.5,,0.C.D,,CECE,37.0,25.90695,-80.12471,2025-01-01 00:16:06+00:00,180.0,0.0,0.0,False,False,False,True
155017179,2025-01-01 00:22:08+00:00,-80.12471,25.90694,0.0,128.5,,0.C.D,,CECE,37.0,25.90695,-80.12471,2025-01-01 00:19:06+00:00,182.0,1.107865687036241,0.0118324925114754,False,False,False,True
155017179,2025-01-01 00:25:08+00:00,-80.12471,25.90694,0.0,128.5,,0.C.D,,CECE,37.0,25.90694,-80.12471,2025-01-01 00:22:08+00:00,180.0,0.0,0.0,False,False,False,True
155017179,2025-01-01 00:28:06+00:00,-80.12471,25.90694,0.0,128.5,,0.C.D,,CECE,37.0,25.90694,-80.12471,2025-01-01 00:25:08+00:00,178.0,0.0,0.0,False,False,False,True
155017179,2025-01-01 00:31:07+00:00,-80.12472,25.90694,0.0,128.5,,0.C.D,,CECE,37.0,25.90694,-80.12471,2025-01-01 00:28:06+00:00,181.0,1.001964643400672,0.010760546698497,False,False,False,True
155017179,2025-01-01 00:34:06+00:00,-80.12471,25.90694,0.0,128.5,,0.C.D,,CECE,37.0,25.90694,-80.12472,2025-01-01 00:31:07+00:00,179.0,1.001964643400672,0.0108807762705472,False,False,False,True
155017179,2025-01-01 00:37:06+00:00,-80.12471,25.90694,0.0,128.5,,0.C.D,,CECE,37.0,25.90694,-80.12471,2025-01-01 00:34:06+00:00,180.0,0.0,0.0,False,False,False,True
155017179,2025-01-01 00:40:07+00:00,-80.12471,25.90694,0.0,128.5,,0.C.D,,CECE,37.0,25.90694,-80.12471,2025-01-01 00:37:06+00:00,181.0,0.0,0.0,False,False,False,True
155017179,2025-01-01 00:43:06+00:00,-80.12471,25.90694,0.0,128.5,,0.C.D,,CECE,37.0,25.90694,-80.12471,2025-01-01 00:40:07+00:00,179.0,0.0,0.0,False,False,False,True
155017179,2025-01-01 00:46:06+00:00,-80.12472,25.90694,0.0,128.5,,0.C.D,,CECE,37.0,25.90694,-80.12471,2025-01-01 00:43:06+00:00,180.0,1.001964643400672,0.0108203275134886,False,False,False,True
155017179,2025-01-01 00:49:06+00:00,-80.12472,25.90694,0.0,128.5,,0.C.D,,CECE,37.0,25.90694,-80.12472,2025-01-01 00:46:06+00:00,180.0,0.0,0.0,False,False,False,True
155017179,2025-01-01 00:52:06+00:00,-80.12472,25.90694,0.0,128.5,,0.C.D,,CECE,37.0,25.90694,-80.12472,2025-01-01 00:49:06+00:00,180.0,0.0,0.0,False,False,False,True
155017179,2025-01-01 00:55:06+00:00,-80.12472,25.90694,0.0,128.5,,0.C.D,,CECE,37.0,25.90694,-80.12472,2025-01-01 00:52:06+00:00,180.0,0.0,0.0,False,False,False,True
155017179,2025-01-01 00:58:07+00:00,-80.12472,25.90694,0.0,128.5,,0.C.D,,CECE,37.0,25.90694,-80.12472,2025-01-01 00:55:06+00:00,181.0,0.0,0.0,False,False,False,True
155017179,2025-01-01 01:01:07+00:00,-80.12471,25.90694,0.0,128.5,,0.C.D,,CECE,37.0,25.90694,-80.12472,2025-01-01 00:58:07+00:00,180.0,1.001964643400672,0.0108203275134886,False,False,False,True
155017179,2025-01-01 01:04:08+00:00,-80.12471,25.90694,0.0,128.5,,0.C.D,,CECE,37.0,25.90694,-80.12471,2025-01-01 01:01:07+00:00,181.0,0.0,0.0,False,False,False,True
155017179,2025-01-01 01:07:07+00:00,-80.12471,25.90694,0.0,128.5,,0.C.D,,CECE,37.0,25.90694,-80.12471,2025-01-01 01:04:08+00:00,179.0,0.0,0.0,False,False,False,True
155017179,2025-01-01 01:10:07+00:00,-80.12471,25.90694,0.0,128.5,,0.C.D,,CECE,37.0,25.90694,-80.12471,2025-01-01 01:07:07+00:00,180.0,0.0,0.0,False,False,False,True
155017179,2025-01-01 01:13:06+00:00,-80.12471,25.90694,0.0,128.5,,0.C.D,,CECE,37.0,25.90694,-80.12471,2025-01-01 01:10:07+00:00,179.0,0.0,0.0,False,False,False,True
155017179,2025-01-01 01:16:06+00:00,-80.12471,25.90694,0.0,128.5,,0.C.D,,CECE,37.0,25.90694,-80.12471,2025-01-01 01:13:06+00:00,180.0,0.0,0.0,False,False,False,True
155017179,2025-01-01 01:22:06+00:00,-80.12471,25.90694,0.0,128.5,,0.C.D,,CECE,37.0,25.90694,-80.12471,2025-01-01 01:16:06+00:00,360.0,0.0,0.0,False,False,False,True
155017179,2025-01-01 01:25:06+00:00,-80.12472,25.90694,0.0,128.5,,0.C.D,,CECE,37.0,25.90694,-80.12471,2025-01-01 01:22:06+00:00,180.0,1.001964643400672,0.0108203275134886,False,False,False,True
155017179,2025-01-01 01:28:06+00:00,-80.12472,25.90694,0.0,128.5,,0.C.D,,CECE,37.0,25.90694,-80.12472,2025-01-01 01:25:06+00:00,180.0,0.0,0.0,False,False,False,True
155017179,2025-01-01 01:31:06+00:00,-80.12472,25.90694,0.0,128.5,,0.C.D,,CECE,37.0,25.90694,-80.12472,2025-01-01 01:28:06+00:00,180.0,0.0,0.0,False,False,False,True
155017179,2025-01-01 01:34:07+00:00,-80.12472,25.90694,0.0,128.5,,0.C.D,,CECE,37.0,25.90694,-80.12472,2025-01-01 01:31:06+00:00,181.0,0.0,0.0,False,False,False,True
155017179,2025-01-01 01:37:06+00:00,-80.12472,25.90694,0.0,128.5,,0.C.D,,CECE,37.0,25.90694,-80.12472,2025-01-01 01:34:07+00:00,179.0,0.0,0.0,False,False,False,True
155017179,2025-01-01 01:40:07+00:00,-80.12473,25.90694,0.0,128.5,,0.C.D,,CECE,37.0,25.90694,-80.12472,2025-01-01 01:37:06+00:00,181.0,1.001964643400672,0.010760546698497,False,False,False,True
155017179,2025-01-01 01:43:07+00:00,-80.12473,25.90694,0.0,128.5,,0.C.D,,CECE,37.0,25.90694,-80.12473,2025-01-01 01:40:07+00:00,180.0,0.0,0.0,False,False,False,True
155017179,2025-01-01 01:46:06+00:00,-80.12472,25.90695,0.0,122.9,,0.C.D,,CECE,37.0,25.90694,-80.12473,2025-01-01 01:43:07+00:00,179.0,1.4937534747101815,0.0162213282362046,False,False,False,True
155017179,2025-01-01 01:49:08+00:00,-80.12473,25.90695,0.0,122.9,,0.C.D,,CECE,37.0,25.90695,-80.12472,2025-01-01 01:46:06+00:00,182.0,1.001964558920015,0.0107014219132477,False,False,False,True
155017179,2025-01-01 01:52:07+00:00,-80.12473,25.90695,0.0,122.9,,0.C.D,,CECE,37.0,25.90695,-80.12473,2025-01-01 01:49:08+00:00,179.0,0.0,0.0,False,False,False,True
155017179,2025-01-01 01:55:06+00:00,-80.12473,25.90695,0.0,122.9,,0.C.D,,CECE,37.0,25.90695,-80.12473,2025-01-01 01:52:07+00:00,179.0,0.0,0.0,False,False,False,True
155017179,2025-01-01 01:58:06+00:00,-80.12473,25.90695,0.0,122.9,,0.C.D,,CECE,37.0,25.90695,-80.12473,2025-01-01 01:55:06+00:00,180.0,0.0,0.0,False,False,False,True
155017179,2025-01-01 02:01:08+00:00,-80.12473,25.90695,0.0,122.9,,0.C.D,,CECE,37.0,25.90695,-80.12473,2025-01-01 01:58:06+00:00,182.0,0.0,0.0,False,False,False,True
155017179,2025-01-01 02:07:07+00:00,-80.12473,25.90695,0.0,122.9,,0.C.D,,CECE,37.0,25.90695,-80.12473,2025-01-01 02:01:08+00:00,359.0,0.0,0.0,False,False,False,True
155017179,2025-01-01 02:10:06+00:00,-80.12473,25.90695,0.0,122.9,,0.C.D,,CECE,37.0,25.90695,-80.12473,2025-01-01 02:07:07+00:00,179.0,0.0,0.0,False,False,False,True
155017179,2025-01-01 02:13:06+00:00,-80.12473,25.90695,0.0,122.9,,0.C.D,,CECE,37.0,25.90695,-80.12473,2025-01-01 02:10:06+00:00,180.0,0.0,0.0,False,False,False,True
155017179,2025-01-01 02:16:07+00:00,-80.12473,25.90695,0.0,122.9,,0.C.D,,CECE,37.0,25.90695,-80.12473,2025-01-01 02:13:06+00:00,181.0,0.0,0.0,False,False,False,True
155017179,2025-01-01 02:19:06+00:00,-80.12473,25.90695,0.0,122.9,,0.C.D,,CECE,37.0,25.90695,-80.12473,2025-01-01 02:16:07+00:00,179.0,0.0,0.0,False,False,False,True
155017179,2025-01-01 02:22:07+00:00,-80.12474,25.90695,0.0,122.9,,0.C.D,,CECE,37.0,25.90695,-80.12473,2025-01-01 02:19:06+00:00,181.0,1.001964558920015,0.0107605457912214,False,False,False,True
155017179,2025-01-01 02:25:06+00:00,-80.12474,25.90695,0.0,122.9,,0.C.D,,CECE,37.0,25.90695,-80.12474,2025-01-01 02:22:07+00:00,179.0,0.0,0.0,False,False,False,True
155017179,2025-01-01 02:28:06+00:00,-80.12474,25.90695,0.0,122.9,,0.C.D,,CECE,37.0,25.90695,-80.12474,2025-01-01 02:25:06+00:00,180.0,0.0,0.0,False,False,False,True
155017179,2025-01-01 02:31:07+00:00,-80.12474,25.90695,0.0,122.9,,0.C.D,,CECE,37.0,25.90695,-80.12474,2025-01-01 02:28:06+00:00,181.0,0.0,0.0,False,False,False,True
155017179,2025-01-01 02:34:06+00:00,-80.12473,25.90695,0.0,122.9,,0.C.D,,CECE,37.0,25.90695,-80.12474,2025-01-01 02:31:07+00:00,179.0,1.001964558920015,0.0108807753531345,False,False,False,True
155017179,2025-01-01 02:37:06+00:00,-80.12473,25.90695,0.0,122.9,,0.C.D,,CECE,37.0,25.90695,-80.12473,2025-01-01 02:34:06+00:00,180.0,0.0,0.0,False,False,False,True
155017179,2025-01-01 02:40:07+00:00,-80.12473,25.90695,0.0,122.9,,0.C.D,,CECE,37.0,25.90695,-80.12473,2025-01-01 02:37:06+00:00,181.0,0.0,0.0,False,False,False,True
155017179,2025-01-01 02:43:07+00:00,-80.12473,25.90695,0.0,122.9,,0.C.D,,CECE,37.0,25.90695,-80.12473,2025-01-01 02:40:07+00:00,180.0,0.0,0.0,False,False,False,True
155017179,2025-01-01 02:46:09+00:00,-80.12473,25.90695,0.0,122.9,,0.C.D,,CECE,37.0,25.90695,-80.12473,2025-01-01 02:43:07+00:00,182.0,0.0,0.0,False,False,False,True
155017179,2025-01-01 02:49:06+00:00,-80.12473,25.90695,0.0,38.2,,0.C.D,,CECE,37.0,25.90695,-80.12473,2025-01-01 02:46:09+00:00,177.0,0.0,0.0,False,False,False,True
155017179,2025-01-01 02:52:06+00:00,-80.12473,25.90696,0.0,38.2,,0.C.D,,CECE,37.0,25.90695,-80.12473,2025-01-01 02:49:06+00:00,180.0,1.1078656893102876,0.0119639646750494,False,False,False,True
155017179,2025-01-01 02:55:06+00:00,-80.12473,25.90696,0.0,38.2,,0.C.D,,CECE,37.0,25.90696,-80.12473,2025-01-01 02:52:06+00:00,180.0,0.0,0.0,False,False,False,True
155017179,2025-01-01 02:58:06+00:00,-80.12474,25.90696,0.0,38.2,,0.C.D,,CECE,37.0,25.90696,-80.12473,2025-01-01 02:55:06+00:00,180.0,1.001964474439327,0.0108203256888563,False,False,False,True
155017179,2025-01-01 03:01:06+00:00,-80.12474,25.90696,0.0,38.2,,0.C.D,,CECE,37.0,25.90696,-80.12474,2025-01-01 02:58:06+00:00,180.0,0.0,0.0,False,False,False,True
155017179,2025-01-01 03:22:07+00:00,-80.12474,25.90696,0.0,38.2,,0.C.D,,CECE,37.0,25.90696,-80.12474,2025-01-01 03:01:06+00:00,1261.0,0.0,0.0,False,False,True,True
155017179,2025-01-01 03:25:07+00:00,-80.12474,25.90696,0.0,38.2,,0.C.D,,CECE,37.0,25.90696,-80.12474,2025-01-01 03:22:07+00:00,180.0,0.0,0.0,False,False,False,True
155017179,2025-01-01 03:28:06+00:00,-80.12473,25.90696,0.0,38.2,,0.C.D,,CECE,37.0,25.90696,-80.12474,2025-01-01 03:25:07+00:00,179.0,1.001964474439327,0.0108807744357214,False,False,False,True
155017179,2025-01-01 03:31:07+00:00,-80.12473,25.90696,0.0,38.2,,0.C.D,,CECE,37.0,25.90696,-80.12473,2025-01-01 03:28:06+00:00,181.0,0.0,0.0,False,False,False,True
155017179,2025-01-01 03:37:06+00:00,-80.12473,25.90696,0.0,38.2,,0.C.D,,CECE,37.0,25.90696,-80.12473,2025-01-01 03:31:07+00:00,359.0,0.0,0.0,False,False,False,True
155017179,2025-01-01 03:40:07+00:00,-80.12473,25.90697,0.0,38.2,,0.C.D,,CECE,37.0,25.90696,-80.12473,2025-01-01 03:37:06+00:00,181.0,1.107865690173238,0.0118978654319687,False,False,False,True
155017179,2025-01-01 03:46:06+00:00,-80.12473,25.90696,0.0,129.0,,0.C.D,,CECE,37.0,25.90697,-80.12473,2025-01-01 03:40:07+00:00,359.0,1.107865690173238,0.0059986452456444,False,False,False,True
155017179,2025-01-01 03:49:06+00:00,-80.12472,25.90696,0.0,129.0,,0.C.D,,CECE,37.0,25.90696,-80.12473,2025-01-01 03:46:06+00:00,180.0,1.001964474439327,0.0108203256888563,False,False,False,True
155017179,2025-01-01 03:52:07+00:00,-80.12472,25.90696,0.0,129.0,,0.C.D,,CECE,37.0,25.90696,-80.12472,2025-01-01 03:49:06+00:00,181.0,0.0,0.0,False,False,False,True
155017179,2025-01-01 03:55:07+00:00,-80.12472,25.90696,0.0,129.0,,0.C.D,,CECE,37.0,25.90696,-80.12472,2025-01-01 03:52:07+00:00,180.0,0.0,0.0,False,False,False,True
155017179,2025-01-01 03:58:07+00:00,-80.12472,25.90695,0.0,129.0,,0.C.D,,CECE,37.0,25.90696,-80.12472,2025-01-01 03:55:07+00:00,180.0,1.1078656893102876,0.0119639646750494,False,False,False,True
155017179,2025-01-01 04:01:06+00:00,-80.12472,25.90695,0.0,129.0,,0.C.D,,CECE,37.0,25.90695,-80.12472,2025-01-01 03:58:07+00:00,179.0,0.0,0.0,False,False,False,True
155017179,2025-01-01 04:04:06+00:00,-80.12472,25.90695,0.0,129.0,,0.C.D,,CECE,37.0,25.90695,-80.12472,2025-01-01 04:01:06+00:00,180.0,0.0,0.0,False,False,False,True
155017179,2025-01-01 04:07:07+00:00,-80.12473,25.90696,0.0,129.0,,0.C.D,,CECE,37.0,25.90695,-80.12472,2025-01-01 04:04:06+00:00,181.0,1.4937534196066624,0.0160420864484431,False,False,False,True
155017179,2025-01-01 04:10:06+00:00,-80.12472,25.90696,0.0,129.0,,0.C.D,,CECE,37.0,25.90696,-80.12473,2025-01-01 04:07:07+00:00,179.0,1.001964474439327,0.0108807744357214,False,False,False,True
155017179,2025-01-01 04:13:08+00:00,-80.12473,25.90695,0.0,129.0,,0.C.D,,CECE,37.0,25.90696,-80.12472,2025-01-01 04:10:06+00:00,182.0,1.4937534196066624,0.0159539431163088,False,False,False,True
155017179,2025-01-01 04:16:07+00:00,-80.12472,25.90695,0.0,129.0,,0.C.D,,CECE,37.0,25.90695,-80.12473,2025-01-01 04:13:08+00:00,179.0,1.001964558920015,0.0108807753531345,False,False,False,True
155017179,2025-01-01 04:19:06+00:00,-80.12472,25.90695,0.0,129.0,,0.C.D,,CECE,37.0,25.90695,-80.12472,2025-01-01 04:16:07+00:00,179.0,0.0,0.0,False,False,False,True
155017179,2025-01-01 04:22:07+00:00,-80.12472,25.90695,0.0,129.0,,0.C.D,,CECE,37.0,25.90695,-80.12472,2025-01-01 04:19:06+00:00,181.0,0.0,0.0,False,False,False,True
155017179,2025-01-01 04:25:09+00:00,-80.12472,25.90695,0.0,129.0,,0.C.D,,CECE,37.0,25.90695,-80.12472,2025-01-01 04:22:07+00:00,182.0,0.0,0.0,False,False,False,True
155017179,2025-01-01 04:28:06+00:00,-80.12472,25.90695,0.0,129.0,,0.C.D,,CECE,37.0,25.90695,-80.12472,2025-01-01 04:25:09+00:00,177.0,0.0,0.0,False,False,False,True
155017179,2025-01-01 04:34:06+00:00,-80.12472,25.90696,0.0,129.0,,0.C.D,,CECE,37.0,25.90695,-80.12472,2025-01-01 04:28:06+00:00,360.0,1.1078656893102876,0.0059819823375247,False,False,False,True
155017179,2025-01-01 04:37:06+00:00,-80.12472,25.90695,0.0,129.0,,0.C.D,,CECE,37.0,25.90696,-80.12472,2025-01-01 04:34:06+00:00,180.0,1.1078656893102876,0.0119639646750494,False,False,False,True
155017179,2025-01-01 04:40:07+00:00,-80.12472,25.90695,0.0,129.0,,0.C.D,,CECE,37.0,25.90695,-80.12472,2025-01-01 04:37:06+00:00,181.0,0.0,0.0,False,False,False,True
155017179,2025-01-01 04:43:09+00:00,-80.12471,25.90695,0.0,129.0,,0.C.D,,CECE,37.0,25.90695,-80.12472,2025-01-01 04:40:07+00:00,182.0,1.001964558920015,0.0107014219132477,False,False,False,True
155017179,2025-01-01 04:46:07+00:00,-80.12471,25.90695,0.0,129.0,,0.C.D,,CECE,37.0,25.90695,-80.12471,2025-01-01 04:43:09+00:00,178.0,0.0,0.0,False,False,False,True
155017179,2025-01-01 04:49:06+00:00,-80.12471,25.90695,0.0,129.0,,0.C.D,,CECE,37.0,25.90695,-80.12471,2025-01-01 04:46:07+00:00,179.0,0.0,0.0,False,False,False,True
155017179,2025-01-01 04:52:06+00:00,-80.12472,25.90695,0.0,129.0,,0.C.D,,CECE,37.0,25.90695,-80.12471,2025-01-01 04:49:06+00:00,180.0,1.001964558920015,0.0108203266011726,False,False,False,True
155017179,2025-01-01 04:55:06+00:00,-80.12471,25.90695,0.0,129.0,,0.C.D,,CECE,37.0,25.90695,-80.12472,2025-01-01 04:52:06+00:00,180.0,1.001964558920015,0.0108203266011726,False,False,False,True
155017179,2025-01-01 04:58:07+00:00,-80.1247,25.90694,0.0,286.8,,0.C.D,,CECE,37.0,25.90695,-80.12471,2025-01-01 04:55:06+00:00,181.0,1.4937534736491078,0.0160420870288291,False,False,False,True
155017179,2025-01-01 05:01:07+00:00,-80.1247,25.90694,0.0,286.8,,0.C.D,,CECE,37.0,25.90694,-80.1247,2025-01-01 04:58:07+00:00,180.0,0.0,0.0,False,False,False,True
155017179,2025-01-01 05:04:09+00:00,-80.1247,25.90694,0.0,286.8,,0.C.D,,CECE,37.0,25.90694,-80.1247,2025-01-01 05:01:07+00:00,182.0,0.0,0.0,False,False,False,True
155017179,2025-01-01 05:07:06+00:00,-80.12471,25.90694,0.0,286.8,,0.C.D,,CECE,37.0,25.90694,-80.1247,2025-01-01 05:04:09+00:00,177.0,1.001964641976795,0.011003722879436,False,False,False,True
155017179,2025-01-01 05:10:08+00:00,-80.12471,25.90694,0.0,286.8,,0.C.D,,CECE,37.0,25.90694,-80.12471,2025-01-01 05:07:06+00:00,182.0,0.0,0.0,False,False,False,True
155017179,2025-01-01 05:13:09+00:00,-80.12471,25.90694,0.0,286.8,,0.C.D,,CECE,37.0,25.90694,-80.12471,2025-01-01 05:10:08+00:00,181.0,0.0,0.0,False,False,False,True
155017179,2025-01-01 05:16:07+00:00,-80.12471,25.90695,0.0,286.8,,0.C.D,,CECE,37.0,25.90694,-80.12471,2025-01-01 05:13:09+00:00,178.0,1.107865687036241,0.0120983912195984,False,False,False,True
155017179,2025-01-01 05:19:06+00:00,-80.12471,25.90695,0.0,286.8,,0.C.D,,CECE,37.0,25.90695,-80.12471,2025-01-01 05:16:07+00:00,179.0,0.0,0.0,False,False,False,True
155017179,2025-01-01 05:22:07+00:00,-80.12471,25.90694,0.0,286.8,,0.C.D,,CECE,37.0,25.90695,-80.12471,2025-01-01 05:19:06+00:00,181.0,1.107865687036241,0.0118978653982791,False,False,False,True
155017179,2025-01-01 05:25:06+00:00,-80.12471,25.90693,0.0,286.8,,0.C.D,,CECE,37.0,25.90694,-80.12471,2025-01-01 05:22:07+00:00,179.0,1.1078656872336838,0.0120308024439794,False,False,False,True
155017179,2025-01-01 05:28:09+00:00,-80.12471,25.90694,0.0,286.8,,0.C.D,,CECE,37.0,25.90693,-80.12471,2025-01-01 05:25:06+00:00,183.0,1.1078656872336838,0.0117678340845482,False,False,False,True
155017179,2025-01-01 05:31:06+00:00,-80.12471,25.90696,0.0,286.8,,0.C.D,,CECE,37.0,25.90694,-80.12471,2025-01-01 05:28:09+00:00,177.0,2.215731376700027,0.0243334874535851,False,False,False,True
155017179,2025-01-01 05:34:08+00:00,-80.12471,25.90695,0.0,286.8,,0.C.D,,CECE,37.0,25.90696,-80.12471,2025-01-01 05:31:06+00:00,182.0,1.1078656893102876,0.0118324925357632,False,False,False,True
155017179,2025-01-01 05:37:06+00:00,-80.12471,25.90693,0.0,286.8,,0.C.D,,CECE,37.0,25.90695,-80.12471,2025-01-01 05:34:08+00:00,178.0,2.2157313739164946,0.0241967824374934,False,False,False,True
155017179,2025-01-01 05:40:06+00:00,-80.12472,25.90693,0.0,286.8,,0.C.D,,CECE,37.0,25.90693,-80.12471,2025-01-01 05:37:06+00:00,180.0,1.0019647278812986,0.0108203284258043,False,False,False,True
155017179,2025-01-01 05:43:06+00:00,-80.12471,25.90694,0.0,286.8,,0.C.D,,CECE,37.0,25.90693,-80.12472,2025-01-01 05:40:06+00:00,180.0,1.4937535308708614,0.0161312103524889,False,False,False,True
155017179,2025-01-01 05:46:09+00:00,-80.12471,25.90694,0.0,286.8,,0.C.D,,CECE,37.0,25.90694,-80.12471,2025-01-01 05:43:06+00:00,183.0,0.0,0.0,False,False,False,True
155017179,2025-01-01 05:49:07+00:00,-80.12471,25.90695,0.0,115.5,,0.C.D,,CECE,37.0,25.90694,-80.12471,2025-01-01 05:46:09+00:00,178.0,1.107865687036241,0.0120983912195984,False,False,False,True
155017179,2025-01-01 05:52:06+00:00,-80.12472,25.90695,0.0,115.5,,0.C.D,,CECE,37.0,25.90695,-80.12471,2025-01-01 05:49:07+00:00,179.0,1.001964558920015,0.0108807753531345,False,False,False,True
155017179,2025-01-01 05:55:06+00:00,-80.12472,25.90695,0.0,115.5,,0.C.D,,CECE,37.0,25.90695,-80.12472,2025-01-01 05:52:06+00:00,180.0,0.0,0.0,False,False,False,True
155017179,2025-01-01 05:58:06+00:00,-80.12472,25.90695,0.0,115.5,,0.C.D,,CECE,37.0,25.90695,-80.12472,2025-01-01 05:55:06+00:00,180.0,0.0,0.0,False,False,False,True
155017179,2025-01-01 06:01:10+00:00,-80.12472,25.90694,0.0,115.5,,0.C.D,,CECE,37.0,25.90695,-80.12472,2025-01-01 05:58:06+00:00,184.0,1.107865687036241,0.0117038784624376,False,False,False,True
155017179,2025-01-01 06:07:06+00:00,-80.12471,25.90695,0.0,115.5,,0.C.D,,CECE,37.0,25.90694,-80.12472,2025-01-01 06:01:10+00:00,356.0,1.4937534747101815,0.0081562296468557,False,False,False,True
155017179,2025-01-01 06:10:06+00:00,-80.12472,25.90694,0.0,115.5,,0.C.D,,CECE,37.0,25.90695,-80.12471,2025-01-01 06:07:06+00:00,180.0,1.4937534747101815,0.0161312097460035,False,False,False,True
155017179,2025-01-01 06:13:09+00:00,-80.12472,25.90693,0.0,115.5,,0.C.D,,CECE,37.0,25.90694,-80.12472,2025-01-01 06:10:06+00:00,183.0,1.1078656872336838,0.0117678340845482,False,False,False,True
155017179,2025-01-01 06:16:06+00:00,-80.12472,25.90694,0.0,115.5,,0.C.D,,CECE,37.0,25.90693,-80.12472,2025-01-01 06:13:09+00:00,177.0,1.1078656872336838,0.0121667437145329,False,False,False,True
155017179,2025-01-01 06:19:06+00:00,-80.12472,25.90694,0.0,115.5,,0.C.D,,CECE,37.0,25.90694,-80.12472,2025-01-01 06:16:06+00:00,180.0,0.0,0.0,False,False,False,True
155017179,2025-01-01 06:25:07+00:00,-80.12471,25.90695,0.1,115.5,,0.C.D,,CECE,37.0,25.90694,-80.12472,2025-01-01 06:19:06+00:00,361.0,1.4937534747101815,0.0080432624772316,False,False,False,True
155017179,2025-01-01 06:28:06+00:00,-80.12471,25.90695,0.0,115.5,,0.C.D,,CECE,37.0,25.90695,-80.12471,2025-01-01 06:25:07+00:00,179.0,0.0,0.0,False,False,False,True
155017179,2025-01-01 06:31:07+00:00,-80.12471,25.90696,0.0,115.5,,0.C.D,,CECE,37.0,25.90695,-80.12471,2025-01-01 06:28:06+00:00,181.0,1.1078656893102876,0.0118978654227011,False,False,False,True
155017179,2025-01-01 06:37:07+00:00,-80.12471,25.90695,0.0,115.5,,0.C.D,,CECE,37.0,25.90696,-80.12471,2025-01-01 06:31:07+00:00,360.0,1.1078656893102876,0.0059819823375247,False,False,False,True
155017179,2025-01-01 06:40:06+00:00,-80.12471,25.90695,0.0,115.5,,0.C.D,,CECE,37.0,25.90695,-80.12471,2025-01-01 06:37:07+00:00,179.0,0.0,0.0,False,False,False,True
155017179,2025-01-01 06:43:07+00:00,-80.12472,25.90694,0.0,115.5,,0.C.D,,CECE,37.0,25.90695,-80.12471,2025-01-01 06:40:06+00:00,181.0,1.4937534747101815,0.0160420870402245,False,False,False,True
155017179,2025-01-01 06:46:07+00:00,-80.12472,25.90694,0.0,115.5,,0.C.D,,CECE,37.0,25.90694,-80.12472,2025-01-01 06:43:07+00:00,180.0,0.0,0.0,False,False,False,True
155017179,2025-01-01 06:49:06+00:00,-80.12471,25.90694,0.0,115.5,,0.C.D,,CECE,37.0,25.90694,-80.12472,2025-01-01 06:46:07+00:00,179.0,1.001964643400672,0.0108807762705472,False,False,False,True
155017179,2025-01-01 06:52:06+00:00,-80.12472,25.90694,0.0,115.5,,0.C.D,,CECE,37.0,25.90694,-80.12471,2025-01-01 06:49:06+00:00,180.0,1.001964643400672,0.0108203275134886,False,False,False,True
155017179,2025-01-01 06:55:07+00:00,-80.12472,25.90694,0.0,115.5,,0.C.D,,CECE,37.0,25.90694,-80.12472,2025-01-01 06:52:06+00:00,181.0,0.0,0.0,False,False,False,True
155017179,2025-01-01 06:58:06+00:00,-80.12471,25.90694,0.0,115.5,,0.C.D,,CECE,37.0,25.90694,-80.12472,2025-01-01 06:55:07+00:00,179.0,1.001964643400672,0.0108807762705472,False,False,False,True
155017179,2025-01-01 07:01:07+00:00,-80.12471,25.90694,0.0,115.5,,0.C.D,,CECE,37.0,25.90694,-80.12471,2025-01-01 06:58:06+00:00,181.0,0.0,0.0,False,False,False,True
155017179,2025-01-01 07:04:06+00:00,-80.12472,25.90695,0.0,115.5,,0.C.D,,CECE,37.0,25.90694,-80.12471,2025-01-01 07:01:07+00:00,179.0,1.4937534747101815,0.0162213282362046,False,False,False,True
155017179,2025-01-01 07:07:06+00:00,-80.12472,25.90694,0.0,115.5,,0.C.D,,CECE,37.0,25.90695,-80.12472,2025-01-01 07:04:06+00:00,180.0,1.107865687036241,0.0119639646504918,False,False,False,True
155017179,2025-01-01 07:10:07+00:00,-80.12472,25.90695,0.0,115.5,,0.C.D,,CECE,37.0,25.90694,-80.12472,2025-01-01 07:07:06+00:00,181.0,1.107865687036241,0.0118978653982791,False,False,False,True
155017179,2025-01-01 07:13:06+00:00,-80.12472,25.90695,0.0,115.5,,0.C.D,,CECE,37.0,25.90695,-80.12472,2025-01-01 07:10:07+00:00,179.0,0.0,0.0,False,False,False,True
155017179,2025-01-01 07:16:06+00:00,-80.12472,25.90695,0.0,115.5,,0.C.D,,CECE,37.0,25.90695,-80.12472,2025-01-01 07:13:06+00:00,180.0,0.0,0.0,False,False,False,True
155017179,2025-01-01 07:19:06+00:00,-80.12472,25.90695,0.0,115.5,,0.C.D,,CECE,37.0,25.90695,-80.12472,2025-01-01 07:16:06+00:00,180.0,0.0,0.0,False,False,False,True
155017179,2025-01-01 07:22:07+00:00,-80.12471,25.90695,0.0,115.5,,0.C.D,,CECE,37.0,25.90695,-80.12472,2025-01-01 07:19:06+00:00,181.0,1.001964558920015,0.0107605457912214,False,False,False,True
155017179,2025-01-01 07:25:06+00:00,-80.12471,25.90694,0.0,115.5,,0.C.D,,CECE,37.0,25.90695,-80.12471,2025-01-01 07:22:07+00:00,179.0,1.107865687036241,0.0120308024418353,False,False,False,True
155017179,2025-01-01 07:28:07+00:00,-80.12472,25.90695,0.0,115.5,,0.C.D,,CECE,37.0,25.90694,-80.12471,2025-01-01 07:25:06+00:00,181.0,1.4937534747101815,0.0160420870402245,False,False,False,True
155017179,2025-01-01 07:31:06+00:00,-80.12472,25.90695,0.1,115.5,,0.C.D,,CECE,37.0,25.90695,-80.12472,2025-01-01 07:28:07+00:00,179.0,0.0,0.0,False,False,False,True
155017179,2025-01-01 07:34:08+00:00,-80.12471,25.90694,0.0,115.5,,0.C.D,,CECE,37.0,25.90695,-80.12472,2025-01-01 07:31:06+00:00,182.0,1.4937534747101815,0.0159539437048386,False,False,False,True
155017179,2025-01-01 07:37:08+00:00,-80.12471,25.90694,0.0,115.5,,0.C.D,,CECE,37.0,25.90694,-80.12471,2025-01-01 07:34:08+00:00,180.0,0.0,0.0,False,False,False,True
155017179,2025-01-01 07:40:06+00:00,-80.12471,25.90694,0.0,115.5,,0.C.D,,CECE,37.0,25.90694,-80.12471,2025-01-01 07:37:08+00:00,178.0,0.0,0.0,False,False,False,True
155017179,2025-01-01 07:43:06+00:00,-80.12471,25.90694,0.0,115.5,,0.C.D,,CECE,37.0,25.90694,-80.12471,2025-01-01 07:40:06+00:00,180.0,0.0,0.0,False,False,False,True
155017179,2025-01-01 07:46:06+00:00,-80.12472,25.90694,0.0,115.5,,0.C.D,,CECE,37.0,25.90694,-80.12471,2025-01-01 07:43:06+00:00,180.0,1.001964643400672,0.0108203275134886,False,False,False,True
155017179,2025-01-01 07:49:06+00:00,-80.12472,25.90694,0.0,115.5,,0.C.D,,CECE,37.0,25.90694,-80.12472,2025-01-01 07:46:06+00:00,180.0,0.0,0.0,False,False,False,True
155017179,2025-01-01 07:52:06+00:00,-80.12471,25.90693,0.0,145.5,,0.C.D,,CECE,37.0,25.90694,-80.12472,2025-01-01 07:49:06+00:00,180.0,1.4937535308708614,0.0161312103524889,False,False,False,True
155017179,2025-01-01 07:55:06+00:00,-80.12471,25.90693,0.0,145.5,,0.C.D,,CECE,37.0,25.90693,-80.12471,2025-01-01 07:52:06+00:00,180.0,0.0,0.0,False,False,False,True
155017179,2025-01-01 07:58:07+00:00,-80.12471,25.90694,0.0,145.5,,0.C.D,,CECE,37.0,25.90693,-80.12471,2025-01-01 07:55:06+00:00,181.0,1.1078656872336838,0.0118978654003995,False,False,False,True
155017179,2025-01-01 08:01:08+00:00,-80.12471,25.90694,0.0,145.5,,0.C.D,,CECE,37.0,25.90694,-80.12471,2025-01-01 07:58:07+00:00,181.0,0.0,0.0,False,False,False,True
155017179,2025-01-01 08:04:06+00:00,-80.12471,25.90694,0.0,145.5,,0.C.D,,CECE,37.0,25.90694,-80.12471,2025-01-01 08:01:08+00:00,178.0,0.0,0.0,False,False,False,True
155017179,2025-01-01 08:07:08+00:00,-80.12471,25.90694,0.0,145.5,,0.C.D,,CECE,37.0,25.90694,-80.12471,2025-01-01 08:04:06+00:00,182.0,0.0,0.0,False,False,False,True
155017179,2025-01-01 08:10:07+00:00,-80.1247,25.90694,0.0,145.5,,0.C.D,,CECE,37.0,25.90694,-80.12471,2025-01-01 08:07:08+00:00,179.0,1.001964641976795,0.0108807762550847,False,False,False,True
155017179,2025-01-01 08:13:07+00:00,-80.1247,25.90694,0.0,145.5,,0.C.D,,CECE,37.0,25.90694,-80.1247,2025-01-01 08:10:07+00:00,180.0,0.0,0.0,False,False,False,True
155017179,2025-01-01 08:19:06+00:00,-80.12471,25.90694,0.0,145.5,,0.C.D,,CECE,37.0,25.90694,-80.1247,2025-01-01 08:13:07+00:00,359.0,1.001964641976795,0.0054252338430645,False,False,False,True
155017179,2025-01-01 08:22:07+00:00,-80.12471,25.90694,0.0,145.5,,0.C.D,,CECE,37.0,25.90694,-80.12471,2025-01-01 08:19:06+00:00,181.0,0.0,0.0,False,False,False,True
155017179,2025-01-01 08:25:07+00:00,-80.12471,25.90693,0.3,145.5,,0.C.D,,CECE,37.0,25.90694,-80.12471,2025-01-01 08:22:07+00:00,180.0,1.1078656872336838,0.011963964652624,False,False,False,True
155017179,2025-01-01 08:28:06+00:00,-80.12471,25.90693,0.0,145.5,,0.C.D,,CECE,37.0,25.90693,-80.12471,2025-01-01 08:25:07+00:00,179.0,0.0,0.0,False,False,False,True
155017179,2025-01-01 08:31:06+00:00,-80.12471,25.90693,0.0,145.5,,0.C.D,,CECE,37.0,25.90693,-80.12471,2025-01-01 08:28:06+00:00,180.0,0.0,0.0,False,False,False,True
155017179,2025-01-01 08:34:06+00:00,-80.12471,25.90693,0.0,145.5,,0.C.D,,CECE,37.0,25.90693,-80.12471,2025-01-01 08:31:06+00:00,180.0,0.0,0.0,False,False,False,True
155017179,2025-01-01 08:37:06+00:00,-80.12471,25.90694,0.0,145.5,,0.C.D,,CECE,37.0,25.90693,-80.12471,2025-01-01 08:34:06+00:00,180.0,1.1078656872336838,0.011963964652624,False,False,False,True
155017179,2025-01-01 08:40:06+00:00,-80.12471,25.90695,0.0,145.5,,0.C.D,,CECE,37.0,25.90694,-80.12471,2025-01-01 08:37:06+00:00,180.0,1.107865687036241,0.0119639646504918,False,False,False,True
155017179,2025-01-01 08:43:07+00:00,-80.12472,25.90696,0.0,61.8,,0.C.D,,CECE,37.0,25.90695,-80.12471,2025-01-01 08:40:06+00:00,181.0,1.4937534196066624,0.0160420864484431,False,False,False,True
155017179,2025-01-01 08:46:07+00:00,-80.12472,25.90696,0.0,61.8,,0.C.D,,CECE,37.0,25.90696,-80.12472,2025-01-01 08:43:07+00:00,180.0,0.0,0.0,False,False,False,True
155017179,2025-01-01 08:49:06+00:00,-80.12472,25.90696,0.0,61.8,,0.C.D,,CECE,37.0,25.90696,-80.12472,2025-01-01 08:46:07+00:00,179.0,0.0,0.0,False,False,False,True
155017179,2025-01-01 08:52:06+00:00,-80.12471,25.90694,0.0,61.8,,0.C.D,,CECE,37.0,25.90696,-80.12472,2025-01-01 08:49:06+00:00,180.0,2.4317480356416223,0.02626071723112,False,False,False,True
155017179,2025-01-01 08:55:07+00:00,-80.12471,25.90694,0.0,61.8,,0.C.D,,CECE,37.0,25.90694,-80.12471,2025-01-01 08:52:06+00:00,181.0,0.0,0.0,False,False,False,True
155017179,2025-01-01 08:58:06+00:00,-80.12472,25.90693,0.0,61.8,,0.C.D,,CECE,37.0,25.90694,-80.12471,2025-01-01 08:55:07+00:00,179.0,1.4937535308708614,0.0162213288460782,False,False,False,True
155017179,2025-01-01 09:01:07+00:00,-80.12471,25.90693,0.0,61.8,,0.C.D,,CECE,37.0,25.90693,-80.12472,2025-01-01 08:58:06+00:00,181.0,1.0019647278812986,0.0107605476057722,False,False,False,True
155017179,2025-01-01 09:04:10+00:00,-80.12471,25.90693,0.0,61.8,,0.C.D,,CECE,37.0,25.90693,-80.12471,2025-01-01 09:01:07+00:00,183.0,0.0,0.0,False,False,False,True
155017179,2025-01-01 09:07:06+00:00,-80.12471,25.90694,0.0,61.8,,0.C.D,,CECE,37.0,25.90693,-80.12471,2025-01-01 09:04:10+00:00,176.0,1.1078656872336838,0.0122358729401836,False,False,False,True
155017179,2025-01-01 09:10:08+00:00,-80.12471,25.90694,0.0,61.8,,0.C.D,,CECE,37.0,25.90694,-80.12471,2025-01-01 09:07:06+00:00,182.0,0.0,0.0,False,False,False,True
155017179,2025-01-01 09:13:06+00:00,-80.1247,25.90694,0.0,61.8,,0.C.D,,CECE,37.0,25.90694,-80.12471,2025-01-01 09:10:08+00:00,178.0,1.001964641976795,0.010941904211574,False,False,False,True
155017179,2025-01-01 09:16:07+00:00,-80.12471,25.90695,0.0,61.8,,0.C.D,,CECE,37.0,25.90694,-80.1247,2025-01-01 09:13:06+00:00,181.0,1.4937534736491078,0.0160420870288291,False,False,False,True
155017179,2025-01-01 09:19:06+00:00,-80.12471,25.90694,0.0,61.8,,0.C.D,,CECE,37.0,25.90695,-80.12471,2025-01-01 09:16:07+00:00,179.0,1.107865687036241,0.0120308024418353,False,False,False,True
155017179,2025-01-01 09:22:06+00:00,-80.12471,25.90694,0.0,61.8,,0.C.D,,CECE,37.0,25.90694,-80.12471,2025-01-01 09:19:06+00:00,180.0,0.0,0.0,False,False,False,True
155017179,2025-01-01 09:25:06+00:00,-80.12471,25.90694,0.0,61.8,,0.C.D,,CECE,37.0,25.90694,-80.12471,2025-01-01 09:22:06+00:00,180.0,0.0,0.0,False,False,False,True
155017179,2025-01-01 09:28:07+00:00,-80.12471,25.90694,0.0,61.8,,0.C.D,,CECE,37.0,25.90694,-80.12471,2025-01-01 09:25:06+00:00,181.0,0.0,0.0,False,False,False,True
155017179,2025-01-01 09:31:07+00:00,-80.12471,25.90694,0.0,61.8,,0.C.D,,CECE,37.0,25.90694,-80.12471,2025-01-01 09:28:07+00:00,180.0,0.0,0.0,False,False,False,True
155017179,2025-01-01 09:34:07+00:00,-80.12471,25.90695,0.0,61.8,,0.C.D,,CECE,37.0,25.90694,-80.12471,2025-01-01 09:31:07+00:00,180.0,1.107865687036241,0.0119639646504918,False,False,False,True
155017179,2025-01-01 09:37:06+00:00,-80.12471,25.90695,0.0,61.8,,0.C.D,,CECE,37.0,25.90695,-80.12471,2025-01-01 09:34:07+00:00,179.0,0.0,0.0,False,False,False,True
155017179,2025-01-01 09:40:06+00:00,-80.12471,25.90695,0.0,61.8,,0.C.D,,CECE,37.0,25.90695,-80.12471,2025-01-01 09:37:06+00:00,180.0,0.0,0.0,False,False,False,True
155017179,2025-01-01 09:43:07+00:00,-80.12471,25.90695,0.0,61.8,,0.C.D,,CECE,37.0,25.90695,-80.12471,2025-01-01 09:40:06+00:00,181.0,0.0,0.0,False,False,False,True
155017179,2025-01-01 09:46:06+00:00,-80.12471,25.90695,0.0,61.8,,0.C.D,,CECE,37.0,25.90695,-80.12471,2025-01-01 09:43:07+00:00,179.0,0.0,0.0,False,False,False,True
155017179,2025-01-01 09:49:10+00:00,-80.12471,25.90695,0.0,61.8,,0.C.D,,CECE,37.0,25.90695,-80.12471,2025-01-01 09:46:06+00:00,184.0,0.0,0.0,False,False,False,True
155017179,2025-01-01 09:52:06+00:00,-80.12471,25.90693,0.0,89.5,,0.C.D,,CECE,37.0,25.90695,-80.12471,2025-01-01 09:49:10+00:00,176.0,2.2157313739164946,0.0244717458742831,False,False,False,True
155017179,2025-01-01 09:55:08+00:00,-80.12472,25.90695,0.0,104.4,,0.C.D,,CECE,37.0,25.90693,-80.12471,2025-01-01 09:52:06+00:00,182.0,2.431748067714033,0.0259721382634354,False,False,False,True
155017179,2025-01-01 09:58:07+00:00,-80.12472,25.90695,0.0,104.4,,0.C.D,,CECE,37.0,25.90695,-80.12472,2025-01-01 09:55:08+00:00,179.0,0.0,0.0,False,False,False,True
155017179,2025-01-01 10:01:06+00:00,-80.12472,25.90695,0.0,104.4,,0.C.D,,CECE,37.0,25.90695,-80.12472,2025-01-01 09:58:07+00:00,179.0,0.0,0.0,False,False,False,True
155017179,2025-01-01 10:04:06+00:00,-80.12471,25.90695,0.0,104.4,,0.C.D,,CECE,37.0,25.90695,-80.12472,2025-01-01 10:01:06+00:00,180.0,1.001964558920015,0.0108203266011726,False,False,False,True
155017179,2025-01-01 10:07:06+00:00,-80.12471,25.90695,0.0,104.4,,0.C.D,,CECE,37.0,25.90695,-80.12471,2025-01-01 10:04:06+00:00,180.0,0.0,0.0,False,False,False,True
155017179,2025-01-01 10:10:06+00:00,-80.12471,25.90695,0.0,104.4,,0.C.D,,CECE,37.0,25.90695,-80.12471,2025-01-01 10:07:06+00:00,180.0,0.0,0.0,False,False,False,True
155017179,2025-01-01 10:13:07+00:00,-80.12471,25.90695,0.0,104.4,,0.C.D,,CECE,37.0,25.90695,-80.12471,2025-01-01 10:10:06+00:00,181.0,0.0,0.0,False,False,False,True
155017179,2025-01-01 10:16:06+00:00,-80.12471,25.90695,0.0,104.4,,0.C.D,,CECE,37.0,25.90695,-80.12471,2025-01-01 10:13:07+00:00,179.0,0.0,0.0,False,False,False,True
155017179,2025-01-01 10:19:08+00:00,-80.12471,25.90695,0.0,104.4,,0.C.D,,CECE,37.0,25.90695,-80.12471,2025-01-01 10:16:06+00:00,182.0,0.0,0.0,False,False,False,True
155017179,2025-01-01 10:22:06+00:00,-80.12471,25.90695,0.0,104.4,,0.C.D,,CECE,37.0,25.90695,-80.12471,2025-01-01 10:19:08+00:00,178.0,0.0,0.0,False,False,False,True
155017179,2025-01-01 10:25:06+00:00,-80.12471,25.90694,0.0,104.4,,0.C.D,,CECE,37.0,25.90695,-80.12471,2025-01-01 10:22:06+00:00,180.0,1.107865687036241,0.0119639646504918,False,False,False,True
155017179,2025-01-01 10:28:06+00:00,-80.12472,25.90694,0.0,104.4,,0.C.D,,CECE,37.0,25.90694,-80.12471,2025-01-01 10:25:06+00:00,180.0,1.001964643400672,0.0108203275134886,False,False,False,True
155017179,2025-01-01 10:31:06+00:00,-80.12472,25.90694,0.0,104.4,,0.C.D,,CECE,37.0,25.90694,-80.12472,2025-01-01 10:28:06+00:00,180.0,0.0,0.0,False,False,False,True
155017179,2025-01-01 10:34:06+00:00,-80.12472,25.90694,0.0,104.4,,0.C.D,,CECE,37.0,25.90694,-80.12472,2025-01-01 10:31:06+00:00,180.0,0.0,0.0,False,False,False,True
155017179,2025-01-01 10:37:07+00:00,-80.12472,25.90694,0.0,104.4,,0.C.D,,CECE,37.0,25.90694,-80.12472,2025-01-01 10:34:06+00:00,181.0,0.0,0.0,False,False,False,True
155017179,2025-01-01 10:40:06+00:00,-80.12472,25.90694,0.0,104.4,,0.C.D,,CECE,37.0,25.90694,-80.12472,2025-01-01 10:37:07+00:00,179.0,0.0,0.0,False,False,False,True
155017179,2025-01-01 10:43:07+00:00,-80.12472,25.90694,0.0,104.4,,0.C.D,,CECE,37.0,25.90694,-80.12472,2025-01-01 10:40:06+00:00,181.0,0.0,0.0,False,False,False,True
155017179,2025-01-01 10:46:07+00:00,-80.12472,25.90694,0.0,104.4,,0.C.D,,CECE,37.0,25.90694,-80.12472,2025-01-01 10:43:07+00:00,180.0,0.0,0.0,False,False,False,True
155017179,2025-01-01 10:49:06+00:00,-80.12471,25.90694,0.0,104.4,,0.C.D,,CECE,37.0,25.90694,-80.12472,2025-01-01 10:46:07+00:00,179.0,1.001964643400672,0.0108807762705472,False,False,False,True
155017179,2025-01-01 10:52:09+00:00,-80.12471,25.90694,0.0,104.4,,0.C.D,,CECE,37.0,25.90694,-80.12471,2025-01-01 10:49:06+00:00,183.0,0.0,0.0,False,False,False,True
155017179,2025-01-01 10:55:08+00:00,-80.12471,25.90694,0.0,104.4,,0.C.D,,CECE,37.0,25.90694,-80.12471,2025-01-01 10:52:09+00:00,179.0,0.0,0.0,False,False,False,True
155017179,2025-01-01 10:58:06+00:00,-80.12471,25.90694,0.0,104.4,,0.C.D,,CECE,37.0,25.90694,-80.12471,2025-01-01 10:55:08+00:00,178.0,0.0,0.0,False,False,False,True
155017179,2025-01-01 11:01:06+00:00,-80.12471,25.90694,0.0,104.4,,0.C.D,,CECE,37.0,25.90694,-80.12471,2025-01-01 10:58:06+00:00,180.0,0.0,0.0,False,False,False,True
155017179,2025-01-01 11:04:06+00:00,-80.12471,25.90694,0.0,104.4,,0.C.D,,CECE,37.0,25.90694,-80.12471,2025-01-01 11:01:06+00:00,180.0,0.0,0.0,False,False,False,True
155017179,2025-01-01 11:07:06+00:00,-80.12471,25.90694,0.0,104.4,,0.C.D,,CECE,37.0,25.90694,-80.12471,2025-01-01 11:04:06+00:00,180.0,0.0,0.0,False,False,False,True
155017179,2025-01-01 11:10:06+00:00,-80.12471,25.90694,0.0,104.4,,0.C.D,,CECE,37.0,25.90694,-80.12471,2025-01-01 11:07:06+00:00,180.0,0.0,0.0,False,False,False,True
155017179,2025-01-01 11:13:07+00:00,-80.12471,25.90694,0.0,104.4,,0.C.D,,CECE,37.0,25.90694,-80.12471,2025-01-01 11:10:06+00:00,181.0,0.0,0.0,False,False,False,True
155017179,2025-01-01 11:16:06+00:00,-80.12472,25.90694,0.0,104.4,,0.C.D,,CECE,37.0,25.90694,-80.12471,2025-01-01 11:13:07+00:00,179.0,1.001964643400672,0.0108807762705472,False,False,False,True
155017179,2025-01-01 11:19:06+00:00,-80.12472,25.90694,0.0,104.4,,0.C.D,,CECE,37.0,25.90694,-80.12472,2025-01-01 11:16:06+00:00,180.0,0.0,0.0,False,False,False,True
155017179,2025-01-01 11:22:08+00:00,-80.12471,25.90694,0.0,104.4,,0.C.D,,CECE,37.0,25.90694,-80.12472,2025-01-01 11:19:06+00:00,182.0,1.001964643400672,0.0107014228155382,False,False,False,True
155017179,2025-01-01 11:25:10+00:00,-80.12471,25.90694,0.0,104.4,,0.C.D,,CECE,37.0,25.90694,-80.12471,2025-01-01 11:22:08+00:00,182.0,0.0,0.0,False,False,False,True
155017179,2025-01-01 11:28:07+00:00,-80.12471,25.90694,0.0,104.4,,0.C.D,,CECE,37.0,25.90694,-80.12471,2025-01-01 11:25:10+00:00,177.0,0.0,0.0,False,False,False,True
155017179,2025-01-01 11:31:06+00:00,-80.1247,25.90694,0.0,104.4,,0.C.D,,CECE,37.0,25.90694,-80.12471,2025-01-01 11:28:07+00:00,179.0,1.001964641976795,0.0108807762550847,False,False,False,True
155017179,2025-01-01 11:34:06+00:00,-80.12471,25.90694,0.0,104.4,,0.C.D,,CECE,37.0,25.90694,-80.1247,2025-01-01 11:31:06+00:00,180.0,1.001964641976795,0.010820327498112,False,False,False,True
155017179,2025-01-01 11:37:07+00:00,-80.12471,25.90694,0.0,104.4,,0.C.D,,CECE,37.0,25.90694,-80.12471,2025-01-01 11:34:06+00:00,181.0,0.0,0.0,False,False,False,True
155017179,2025-01-01 11:40:06+00:00,-80.12471,25.90695,0.0,104.4,,0.C.D,,CECE,37.0,25.90694,-80.12471,2025-01-01 11:37:07+00:00,179.0,1.107865687036241,0.0120308024418353,False,False,False,True
155017179,2025-01-01 11:43:06+00:00,-80.12471,25.90695,0.0,104.4,,0.C.D,,CECE,37.0,25.90695,-80.12471,2025-01-01 11:40:06+00:00,180.0,0.0,0.0,False,False,False,True
155017179,2025-01-01 11:46:06+00:00,-80.12471,25.90695,0.0,104.4,,0.C.D,,CECE,37.0,25.90695,-80.12471,2025-01-01 11:43:06+00:00,180.0,0.0,0.0,False,False,False,True
155017179,2025-01-01 11:49:07+00:00,-80.12471,25.90695,0.0,104.4,,0.C.D,,CECE,37.0,25.90695,-80.12471,2025-01-01 11:46:06+00:00,181.0,0.0,0.0,False,False,False,True
155017179,2025-01-01 11:55:07+00:00,-80.12472,25.90695,0.0,50.3,,0.C.D,,CECE,37.0,25.90695,-80.12471,2025-01-01 11:49:07+00:00,360.0,1.001964558920015,0.0054101633005863,False,False,False,True
155017179,2025-01-01 11:58:06+00:00,-80.12471,25.90695,0.0,50.3,,0.C.D,,CECE,37.0,25.90695,-80.12472,2025-01-01 11:55:07+00:00,179.0,1.001964558920015,0.0108807753531345,False,False,False,True
155017179,2025-01-01 12:19:06+00:00,-80.12471,25.90695,0.0,50.3,,0.C.D,,CECE,37.0,25.90695,-80.12471,2025-01-01 11:58:06+00:00,1260.0,0.0,0.0,False,False,True,True
155017179,2025-01-01 12:22:09+00:00,-80.12471,25.90694,0.0,50.3,,0.C.D,,CECE,37.0,25.90695,-80.12471,2025-01-01 12:19:06+00:00,183.0,1.107865687036241,0.0117678340824509,False,False,False,True
155017179,2025-01-01 12:25:06+00:00,-80.12472,25.90694,0.0,50.3,,0.C.D,,CECE,37.0,25.90694,-80.12471,2025-01-01 12:22:09+00:00,177.0,1.001964643400672,0.0110037228950732,False,False,False,True
155017179,2025-01-01 12:28:06+00:00,-80.12472,25.90694,0.0,50.3,,0.C.D,,CECE,37.0,25.90694,-80.12472,2025-01-01 12:25:06+00:00,180.0,0.0,0.0,False,False,False,True
155017179,2025-01-01 12:31:06+00:00,-80.12472,25.90694,0.0,50.3,,0.C.D,,CECE,37.0,25.90694,-80.12472,2025-01-01 12:28:06+00:00,180.0,0.0,0.0,False,False,False,True
155017179,2025-01-01 12:34:06+00:00,-80.12472,25.90693,0.0,50.3,,0.C.D,,CECE,37.0,25.90694,-80.12472,2025-01-01 12:31:06+00:00,180.0,1.1078656872336838,0.011963964652624,False,False,False,True
155017179,2025-01-01 12:37:06+00:00,-80.12472,25.90693,0.0,50.3,,0.C.D,,CECE,37.0,25.90693,-80.12472,2025-01-01 12:34:06+00:00,180.0,0.0,0.0,False,False,False,True
155017179,2025-01-01 12:40:06+00:00,-80.12472,25.90693,0.0,50.3,,0.C.D,,CECE,37.0,25.90693,-80.12472,2025-01-01 12:37:06+00:00,180.0,0.0,0.0,False,False,False,True
155017179,2025-01-01 12:43:06+00:00,-80.12472,25.90694,0.0,50.3,,0.C.D,,CECE,37.0,25.90693,-80.12472,2025-01-01 12:40:06+00:00,180.0,1.1078656872336838,0.011963964652624,False,False,False,True
155017179,2025-01-01 12:46:07+00:00,-80.12472,25.90694,0.0,50.3,,0.C.D,,CECE,37.0,25.90694,-80.12472,2025-01-01 12:43:06+00:00,181.0,0.0,0.0,False,False,False,True
155017179,2025-01-01 12:49:06+00:00,-80.12472,25.90694,0.0,50.3,,0.C.D,,CECE,37.0,25.90694,-80.12472,2025-01-01 12:46:07+00:00,179.0,0.0,0.0,False,False,False,True
155017179,2025-01-01 12:52:06+00:00,-80.12473,25.90694,0.0,50.3,,0.C.D,,CECE,37.0,25.90694,-80.12472,2025-01-01 12:49:06+00:00,180.0,1.001964643400672,0.0108203275134886,False,False,False,True
155017179,2025-01-01 12:55:06+00:00,-80.12473,25.90694,0.0,50.3,,0.C.D,,CECE,37.0,25.90694,-80.12473,2025-01-01 12:52:06+00:00,180.0,0.0,0.0,False,False,False,True
155017179,2025-01-01 12:58:07+00:00,-80.12472,25.90694,0.0,50.3,,0.C.D,,CECE,37.0,25.90694,-80.12473,2025-01-01 12:55:06+00:00,181.0,1.001964643400672,0.010760546698497,False,False,False,True
155017179,2025-01-01 13:01:06+00:00,-80.12472,25.90695,0.0,50.3,,0.C.D,,CECE,37.0,25.90694,-80.12472,2025-01-01 12:58:07+00:00,179.0,1.107865687036241,0.0120308024418353,False,False,False,True
155017179,2025-01-01 13:04:06+00:00,-80.12472,25.90695,0.0,50.3,,0.C.D,,CECE,37.0,25.90695,-80.12472,2025-01-01 13:01:06+00:00,180.0,0.0,0.0,False,False,False,True
155017179,2025-01-01 13:07:06+00:00,-80.12472,25.90695,0.0,50.3,,0.C.D,,CECE,37.0,25.90695,-80.12472,2025-01-01 13:04:06+00:00,180.0,0.0,0.0,False,False,False,True
155017179,2025-01-01 13:10:07+00:00,-80.12474,25.90693,0.0,97.7,,0.C.D,,CECE,37.0,25.90695,-80.12472,2025-01-01 13:07:06+00:00,181.0,2.987507005226865,0.03208417467978,False,False,False,True
155017179,2025-01-01 13:16:07+00:00,-80.12472,25.90694,0.0,97.7,,0.C.D,,CECE,37.0,25.90693,-80.12474,2025-01-01 13:10:07+00:00,360.0,2.2897814973949893,0.0123638024052674,False,False,False,True
155017179,2025-01-01 13:19:08+00:00,-80.12473,25.90694,0.0,97.7,,0.C.D,,CECE,37.0,25.90694,-80.12472,2025-01-01 13:16:07+00:00,181.0,1.001964643400672,0.010760546698497,False,False,False,True
155017179,2025-01-01 13:22:06+00:00,-80.12473,25.90694,0.0,97.7,,0.C.D,,CECE,37.0,25.90694,-80.12473,2025-01-01 13:19:08+00:00,178.0,0.0,0.0,False,False,False,True
155017179,2025-01-01 13:25:07+00:00,-80.12473,25.90695,0.0,97.7,,0.C.D,,CECE,37.0,25.90694,-80.12473,2025-01-01 13:22:06+00:00,181.0,1.107865687036241,0.0118978653982791,False,False,False,True
155017179,2025-01-01 13:28:06+00:00,-80.12473,25.90695,0.0,97.7,,0.C.D,,CECE,37.0,25.90695,-80.12473,2025-01-01 13:25:07+00:00,179.0,0.0,0.0,False,False,False,True
155017179,2025-01-01 13:31:07+00:00,-80.12473,25.90695,0.0,97.7,,0.C.D,,CECE,37.0,25.90695,-80.12473,2025-01-01 13:28:06+00:00,181.0,0.0,0.0,False,False,False,True
155017179,2025-01-01 13:34:06+00:00,-80.12473,25.90694,0.0,97.7,,0.C.D,,CECE,37.0,25.90695,-80.12473,2025-01-01 13:31:07+00:00,179.0,1.107865687036241,0.0120308024418353,False,False,False,True
155017179,2025-01-01 13:37:07+00:00,-80.12473,25.90694,0.0,97.7,,0.C.D,,CECE,37.0,25.90694,-80.12473,2025-01-01 13:34:06+00:00,181.0,0.0,0.0,False,False,False,True
155017179,2025-01-01 13:40:07+00:00,-80.12473,25.90694,0.0,97.7,,0.C.D,,CECE,37.0,25.90694,-80.12473,2025-01-01 13:37:07+00:00,180.0,0.0,0.0,False,False,False,True
155017179,2025-01-01 13:43:08+00:00,-80.12473,25.90694,0.0,97.7,,0.C.D,,CECE,37.0,25.90694,-80.12473,2025-01-01 13:40:07+00:00,181.0,0.0,0.0,False,False,False,True
155017179,2025-01-01 13:46:07+00:00,-80.12473,25.90694,0.0,97.7,,0.C.D,,CECE,37.0,25.90694,-80.12473,2025-01-01 13:43:08+00:00,179.0,0.0,0.0,False,False,False,True
155017179,2025-01-01 13:49:06+00:00,-80.12473,25.90694,0.0,97.7,,0.C.D,,CECE,37.0,25.90694,-80.12473,2025-01-01 13:46:07+00:00,179.0,0.0,0.0,False,False,False,True
155017179,2025-01-01 13:52:08+00:00,-80.12473,25.90694,0.0,97.7,,0.C.D,,CECE,37.0,25.90694,-80.12473,2025-01-01 13:49:06+00:00,182.0,0.0,0.0,False,False,False,True
155017179,2025-01-01 13:55:06+00:00,-80.12473,25.90694,0.0,97.7,,0.C.D,,CECE,37.0,25.90694,-80.12473,2025-01-01 13:52:08+00:00,178.0,0.0,0.0,False,False,False,True
155017179,2025-01-01 13:58:07+00:00,-80.12473,25.90695,0.0,83.4,,0.C.D,,CECE,37.0,25.90694,-80.12473,2025-01-01 13:55:06+00:00,181.0,1.107865687036241,0.0118978653982791,False,False,False,True
155017179,2025-01-01 14:01:09+00:00,-80.12473,25.90695,0.0,83.4,,0.C.D,,CECE,37.0,25.90695,-80.12473,2025-01-01 13:58:07+00:00,182.0,0.0,0.0,False,False,False,True
155017179,2025-01-01 14:04:06+00:00,-80.12473,25.90695,0.0,83.4,,0.C.D,,CECE,37.0,25.90695,-80.12473,2025-01-01 14:01:09+00:00,177.0,0.0,0.0,False,False,False,True
155017179,2025-01-01 14:07:11+00:00,-80.12473,25.90695,0.0,83.4,,0.C.D,,CECE,37.0,25.90695,-80.12473,2025-01-01 14:04:06+00:00,185.0,0.0,0.0,False,False,False,True
155017179,2025-01-01 14:10:06+00:00,-80.12473,25.90695,0.0,83.4,,0.C.D,,CECE,37.0,25.90695,-80.12473,2025-01-01 14:07:11+00:00,175.0,0.0,0.0,False,False,False,True
155017179,2025-01-01 14:13:06+00:00,-80.12473,25.90694,0.0,83.4,,0.C.D,,CECE,37.0,25.90695,-80.12473,2025-01-01 14:10:06+00:00,180.0,1.107865687036241,0.0119639646504918,False,False,False,True
155017179,2025-01-01 14:16:06+00:00,-80.12473,25.90694,0.0,83.4,,0.C.D,,CECE,37.0,25.90694,-80.12473,2025-01-01 14:13:06+00:00,180.0,0.0,0.0,False,False,False,True
155017179,2025-01-01 14:19:06+00:00,-80.12473,25.90694,0.0,83.4,,0.C.D,,CECE,37.0,25.90694,-80.12473,2025-01-01 14:16:06+00:00,180.0,0.0,0.0,False,False,False,True
155017179,2025-01-01 14:22:07+00:00,-80.12473,25.90694,0.0,83.4,,0.C.D,,CECE,37.0,25.90694,-80.12473,2025-01-01 14:19:06+00:00,181.0,0.0,0.0,False,False,False,True
155017179,2025-01-01 14:25:07+00:00,-80.12474,25.90694,0.0,83.4,,0.C.D,,CECE,37.0,25.90694,-80.12473,2025-01-01 14:22:07+00:00,180.0,1.001964643400672,0.0108203275134886,False,False,False,True
155017179,2025-01-01 14:28:07+00:00,-80.12474,25.90694,0.0,83.4,,0.C.D,,CECE,37.0,25.90694,-80.12474,2025-01-01 14:25:07+00:00,180.0,0.0,0.0,False,False,False,True
155017179,2025-01-01 14:31:08+00:00,-80.12474,25.90693,0.0,83.4,,0.C.D,,CECE,37.0,25.90694,-80.12474,2025-01-01 14:28:07+00:00,181.0,1.1078656872336838,0.0118978654003995,False,False,False,True
155017179,2025-01-01 14:34:06+00:00,-80.12474,25.90693,0.0,83.4,,0.C.D,,CECE,37.0,25.90693,-80.12474,2025-01-01 14:31:08+00:00,178.0,0.0,0.0,False,False,False,True
155017179,2025-01-01 14:37:08+00:00,-80.12473,25.90694,0.0,83.4,,0.C.D,,CECE,37.0,25.90693,-80.12474,2025-01-01 14:34:06+00:00,182.0,1.4937535308708614,0.0159539443046594,False,False,False,True
155017179,2025-01-01 14:40:06+00:00,-80.12473,25.90694,0.0,83.4,,0.C.D,,CECE,37.0,25.90694,-80.12473,2025-01-01 14:37:08+00:00,178.0,0.0,0.0,False,False,False,True
155017179,2025-01-01 14:43:06+00:00,-80.12473,25.90694,0.0,83.4,,0.C.D,,CECE,37.0,25.90694,-80.12473,2025-01-01 14:40:06+00:00,180.0,0.0,0.0,False,False,False,True
155017179,2025-01-01 14:46:07+00:00,-80.12473,25.90693,0.0,83.4,,0.C.D,,CECE,37.0,25.90694,-80.12473,2025-01-01 14:43:06+00:00,181.0,1.1078656872336838,0.0118978654003995,False,False,False,True
155017179,2025-01-01 14:49:07+00:00,-80.12473,25.90693,0.0,83.4,,0.C.D,,CECE,37.0,25.90693,-80.12473,2025-01-01 14:46:07+00:00,180.0,0.0,0.0,False,False,False,True
155017179,2025-01-01 14:52:07+00:00,-80.12472,25.90693,0.0,83.4,,0.C.D,,CECE,37.0,25.90693,-80.12473,2025-01-01 14:49:07+00:00,180.0,1.0019647278812986,0.0108203284258043,False,False,False,True
155017179,2025-01-01 14:55:08+00:00,-80.12473,25.90693,0.0,83.4,,0.C.D,,CECE,37.0,25.90693,-80.12472,2025-01-01 14:52:07+00:00,181.0,1.0019647278812986,0.0107605476057722,False,False,False,True
155017179,2025-01-01 14:58:06+00:00,-80.12472,25.90693,0.0,83.4,,0.C.D,,CECE,37.0,25.90693,-80.12473,2025-01-01 14:55:08+00:00,178.0,1.0019647278812986,0.0109419051496897,False,False,False,True
155017179,2025-01-01 15:01:06+00:00,-80.12471,25.90693,0.0,83.4,,0.C.D,,CECE,37.0,25.90693,-80.12472,2025-01-01 14:58:06+00:00,180.0,1.0019647278812986,0.0108203284258043,False,False,False,True
155017179,2025-01-01 15:04:06+00:00,-80.12471,25.90693,0.0,83.4,,0.C.D,,CECE,37.0,25.90693,-80.12471,2025-01-01 15:01:06+00:00,180.0,0.0,0.0,False,False,False,True
155017179,2025-01-01 15:07:06+00:00,-80.12471,25.90693,0.0,83.4,,0.C.D,,CECE,37.0,25.90693,-80.12471,2025-01-01 15:04:06+00:00,180.0,0.0,0.0,False,False,False,True
155017179,2025-01-01 15:10:06+00:00,-80.12472,25.90692,0.0,83.4,,0.C.D,,CECE,37.0,25.90693,-80.12471,2025-01-01 15:07:06+00:00,180.0,1.4937535863262974,0.0161312109513583,False,False,False,True
155017179,2025-01-01 15:13:08+00:00,-80.12472,25.90693,0.0,83.4,,0.C.D,,CECE,37.0,25.90692,-80.12472,2025-01-01 15:10:06+00:00,182.0,1.107865684249947,0.0118324924817165,False,False,False,True
155017179,2025-01-01 15:16:06+00:00,-80.12472,25.90693,0.0,83.4,,0.C.D,,CECE,37.0,25.90693,-80.12472,2025-01-01 15:13:08+00:00,178.0,0.0,0.0,False,False,False,True
155017179,2025-01-01 15:19:08+00:00,-80.12472,25.90693,0.0,83.4,,0.C.D,,CECE,37.0,25.90693,-80.12472,2025-01-01 15:16:06+00:00,182.0,0.0,0.0,False,False,False,True
155017179,2025-01-01 15:22:06+00:00,-80.12472,25.90694,0.0,83.4,,0.C.D,,CECE,37.0,25.90693,-80.12472,2025-01-01 15:19:08+00:00,178.0,1.1078656872336838,0.0120983912217546,False,False,False,True
155017179,2025-01-01 15:25:06+00:00,-80.12472,25.90694,0.0,83.4,,0.C.D,,CECE,37.0,25.90694,-80.12472,2025-01-01 15:22:06+00:00,180.0,0.0,0.0,False,False,False,True
155017179,2025-01-01 15:28:06+00:00,-80.12471,25.90693,0.0,83.4,,0.C.D,,CECE,37.0,25.90694,-80.12472,2025-01-01 15:25:06+00:00,180.0,1.4937535308708614,0.0161312103524889,False,False,False,True
155017179,2025-01-01 15:31:06+00:00,-80.1247,25.90693,0.0,83.4,,0.C.D,,CECE,37.0,25.90693,-80.12471,2025-01-01 15:28:06+00:00,180.0,1.0019647264574212,0.0108203284104277,False,False,False,True
155017179,2025-01-01 15:34:07+00:00,-80.12467,25.90691,0.0,83.4,,0.C.D,,CECE,37.0,25.90693,-80.1247,2025-01-01 15:31:06+00:00,181.0,3.734282643792052,0.0401041324547444,False,False,False,True
155017179,2025-01-01 15:37:06+00:00,-80.12467,25.90691,0.0,83.4,,0.C.D,,CECE,37.0,25.90691,-80.12467,2025-01-01 15:34:07+00:00,179.0,0.0,0.0,False,False,False,True
155017179,2025-01-01 15:40:07+00:00,-80.12468,25.90691,0.0,83.4,,0.C.D,,CECE,37.0,25.90691,-80.12467,2025-01-01 15:37:06+00:00,181.0,1.00196489684246,0.0107605494203218,False,False,False,True
155017179,2025-01-01 15:43:07+00:00,-80.12469,25.90692,0.0,83.4,,0.C.D,,CECE,37.0,25.90691,-80.12468,2025-01-01 15:40:07+00:00,180.0,1.493753641075461,0.0161312115426006,False,False,False,True
155017179,2025-01-01 15:46:06+00:00,-80.12469,25.90692,0.0,83.4,,0.C.D,,CECE,37.0,25.90692,-80.12469,2025-01-01 15:43:07+00:00,179.0,0.0,0.0,False,False,False,True
155017179,2025-01-01 15:49:06+00:00,-80.12469,25.90692,0.0,83.4,,0.C.D,,CECE,37.0,25.90692,-80.12469,2025-01-01 15:46:06+00:00,180.0,0.0,0.0,False,False,False,True
155017179,2025-01-01 15:52:06+00:00,-80.12469,25.90692,0.0,83.4,,0.C.D,,CECE,37.0,25.90692,-80.12469,2025-01-01 15:49:06+00:00,180.0,0.0,0.0,False,False,False,True
155017179,2025-01-01 15:55:07+00:00,-80.12469,25.90693,0.0,83.4,,0.C.D,,CECE,37.0,25.90692,-80.12469,2025-01-01 15:52:06+00:00,181.0,1.107865684249947,0.0118978653683558,False,False,False,True
155017179,2025-01-01 15:58:07+00:00,-80.12476,25.90696,0.0,93.7,,0.C.D,,CECE,37.0,25.90693,-80.12469,2025-01-01 15:55:07+00:00,180.0,7.76137986548166,0.083816003542877,False,False,False,True
155017179,2025-01-01 16:01:07+00:00,-80.12473,25.90694,0.0,93.7,,0.C.D,,CECE,37.0,25.90696,-80.12476,2025-01-01 15:58:07+00:00,180.0,3.734282035613737,0.0403269266228189,False,False,False,True
155017179,2025-01-01 16:04:07+00:00,-80.12472,25.90693,0.0,93.7,,0.C.D,,CECE,37.0,25.90694,-80.12473,2025-01-01 16:01:07+00:00,180.0,1.4937535308708614,0.0161312103524889,False,False,False,True
155017179,2025-01-01 16:10:06+00:00,-80.12472,25.90693,0.0,93.7,,0.C.D,,CECE,37.0,25.90693,-80.12472,2025-01-01 16:04:07+00:00,359.0,0.0,0.0,False,False,False,True
155017179,2025-01-01 16:13:09+00:00,-80.12472,25.90694,0.0,93.7,,0.C.D,,CECE,37.0,25.90693,-80.12472,2025-01-01 16:10:06+00:00,183.0,1.1078656872336838,0.0117678340845482,False,False,False,True
155017179,2025-01-01 16:16:07+00:00,-80.12471,25.90694,0.0,93.7,,0.C.D,,CECE,37.0,25.90694,-80.12472,2025-01-01 16:13:09+00:00,178.0,1.001964643400672,0.0109419042271233,False,False,False,True
155017179,2025-01-01 16:19:07+00:00,-80.1247,25.90693,0.0,93.7,,0.C.D,,CECE,37.0,25.90694,-80.12471,2025-01-01 16:16:07+00:00,180.0,1.4937535301651057,0.0161312103448674,False,False,False,True
155017179,2025-01-01 16:22:06+00:00,-80.12471,25.90693,0.0,93.7,,0.C.D,,CECE,37.0,25.90693,-80.1247,2025-01-01 16:19:07+00:00,179.0,1.0019647264574212,0.0108807771724971,False,False,False,True
155017179,2025-01-01 16:25:07+00:00,-80.12471,25.90693,0.0,93.7,,0.C.D,,CECE,37.0,25.90693,-80.12471,2025-01-01 16:22:06+00:00,181.0,0.0,0.0,False,False,False,True
155017179,2025-01-01 16:28:07+00:00,-80.12471,25.90693,0.0,93.7,,0.C.D,,CECE,37.0,25.90693,-80.12471,2025-01-01 16:25:07+00:00,180.0,0.0,0.0,False,False,False,True
155017179,2025-01-01 16:31:06+00:00,-80.12471,25.90693,0.0,93.7,,0.C.D,,CECE,37.0,25.90693,-80.12471,2025-01-01 16:28:07+00:00,179.0,0.0,0.0,False,False,False,True
155017179,2025-01-01 16:34:06+00:00,-80.12471,25.90693,0.0,93.7,,0.C.D,,CECE,37.0,25.90693,-80.12471,2025-01-01 16:31:06+00:00,180.0,0.0,0.0,False,False,False,True
155017179,2025-01-01 16:40:07+00:00,-80.12471,25.90693,0.0,93.7,,0.C.D,,CECE,37.0,25.90693,-80.12471,2025-01-01 16:34:06+00:00,361.0,0.0,0.0,False,False,False,True
155017179,2025-01-01 16:43:06+00:00,-80.12471,25.90692,0.0,93.7,,0.C.D,,CECE,37.0,25.90693,-80.12471,2025-01-01 16:40:07+00:00,179.0,1.107865684249947,0.0120308024115777,False,False,False,True
155017179,2025-01-01 16:49:06+00:00,-80.12471,25.90692,0.0,93.7,,0.C.D,,CECE,37.0,25.90692,-80.12471,2025-01-01 16:43:06+00:00,360.0,0.0,0.0,False,False,False,True
155017179,2025-01-01 16:52:06+00:00,-80.12472,25.90692,0.0,93.7,,0.C.D,,CECE,37.0,25.90692,-80.12471,2025-01-01 16:49:06+00:00,180.0,1.0019648123618952,0.0108203293381197,False,False,False,True
155017179,2025-01-01 16:55:06+00:00,-80.12472,25.90692,0.0,93.7,,0.C.D,,CECE,37.0,25.90692,-80.12472,2025-01-01 16:52:06+00:00,180.0,0.0,0.0,False,False,False,True
155017179,2025-01-01 16:58:07+00:00,-80.12472,25.90692,0.0,93.7,,0.C.D,,CECE,37.0,25.90692,-80.12472,2025-01-01 16:55:06+00:00,181.0,0.0,0.0,False,False,False,True
155017179,2025-01-01 17:01:06+00:00,-80.12472,25.90692,0.0,93.7,,0.C.D,,CECE,37.0,25.90692,-80.12472,2025-01-01 16:58:07+00:00,179.0,0.0,0.0,False,False,False,True
155017179,2025-01-01 17:04:06+00:00,-80.12472,25.90692,0.0,93.7,,0.C.D,,CECE,37.0,25.90692,-80.12472,2025-01-01 17:01:06+00:00,180.0,0.0,0.0,False,False,False,True
155017179,2025-01-01 17:07:08+00:00,-80.12471,25.90692,0.0,93.7,,0.C.D,,CECE,37.0,25.90692,-80.12472,2025-01-01 17:04:06+00:00,182.0,1.0019648123618952,0.0107014246201183,False,False,False,True
155017179,2025-01-01 17:10:06+00:00,-80.12471,25.90692,0.0,93.7,,0.C.D,,CECE,37.0,25.90692,-80.12471,2025-01-01 17:07:08+00:00,178.0,0.0,0.0,False,False,False,True
155017179,2025-01-01 17:13:07+00:00,-80.12472,25.90692,0.0,93.7,,0.C.D,,CECE,37.0,25.90692,-80.12471,2025-01-01 17:10:06+00:00,181.0,1.0019648123618952,0.0107605485130472,False,False,False,True
155017179,2025-01-01 17:16:06+00:00,-80.12472,25.90693,0.0,93.7,,0.C.D,,CECE,37.0,25.90692,-80.12472,2025-01-01 17:13:07+00:00,179.0,1.107865684249947,0.0120308024115777,False,False,False,True
155017179,2025-01-01 17:19:06+00:00,-80.12472,25.90693,0.0,93.7,,0.C.D,,CECE,37.0,25.90693,-80.12472,2025-01-01 17:16:06+00:00,180.0,0.0,0.0,False,False,False,True
155017179,2025-01-01 17:22:07+00:00,-80.12472,25.90693,0.0,93.7,,0.C.D,,CECE,37.0,25.90693,-80.12472,2025-01-01 17:19:06+00:00,181.0,0.0,0.0,False,False,False,True
155017179,2025-01-01 17:25:06+00:00,-80.12472,25.90692,0.0,93.7,,0.C.D,,CECE,37.0,25.90693,-80.12472,2025-01-01 17:22:07+00:00,179.0,1.107865684249947,0.0120308024115777,False,False,False,True
155017179,2025-01-01 17:28:06+00:00,-80.12473,25.90692,0.0,93.7,,0.C.D,,CECE,37.0,25.90692,-80.12472,2025-01-01 17:25:06+00:00,180.0,1.0019648123618952,0.0108203293381197,False,False,False,True
155017179,2025-01-01 17:31:06+00:00,-80.12473,25.90692,0.0,93.7,,0.C.D,,CECE,37.0,25.90692,-80.12473,2025-01-01 17:28:06+00:00,180.0,0.0,0.0,False,False,False,True
155017179,2025-01-01 17:34:06+00:00,-80.12473,25.90691,0.0,93.7,,0.C.D,,CECE,37.0,25.90692,-80.12473,2025-01-01 17:31:06+00:00,180.0,1.107865683036294,0.0119639646072959,False,False,False,True
155017179,2025-01-01 17:40:08+00:00,-80.12472,25.90691,0.0,93.7,,0.C.D,,CECE,37.0,25.90691,-80.12473,2025-01-01 17:34:06+00:00,362.0,1.00196489684246,0.0053802747101609,False,False,False,True
155017179,2025-01-01 17:43:07+00:00,-80.12472,25.90692,0.0,93.7,,0.C.D,,CECE,37.0,25.90691,-80.12472,2025-01-01 17:40:08+00:00,179.0,1.107865683036294,0.0120308023983981,False,False,False,True
155017179,2025-01-01 17:46:06+00:00,-80.12472,25.90692,0.0,93.7,,0.C.D,,CECE,37.0,25.90692,-80.12472,2025-01-01 17:43:07+00:00,179.0,0.0,0.0,False,False,False,True
155017179,2025-01-01 17:49:08+00:00,-80.12472,25.90692,0.0,93.7,,0.C.D,,CECE,37.0,25.90692,-80.12472,2025-01-01 17:46:06+00:00,182.0,0.0,0.0,False,False,False,True
155017179,2025-01-01 17:52:08+00:00,-80.12472,25.90692,0.0,93.7,,0.C.D,,CECE,37.0,25.90692,-80.12472,2025-01-01 17:49:08+00:00,180.0,0.0,0.0,False,False,False,True
155017179,2025-01-01 17:55:06+00:00,-80.12473,25.90693,0.1,93.7,,0.C.D,,CECE,37.0,25.90692,-80.12472,2025-01-01 17:52:08+00:00,178.0,1.4937535863262974,0.0163124605126096,False,False,False,True
155017179,2025-01-01 17:58:07+00:00,-80.12473,25.90693,0.0,93.7,,0.C.D,,CECE,37.0,25.90693,-80.12473,2025-01-01 17:55:06+00:00,181.0,0.0,0.0,False,False,False,True
155017179,2025-01-01 18:01:07+00:00,-80.12472,25.90695,0.0,73.2,,0.C.D,,CECE,37.0,25.90693,-80.12473,2025-01-01 17:58:07+00:00,180.0,2.431748067714033,0.0262607175774735,False,False,False,True
155017179,2025-01-01 18:04:08+00:00,-80.12472,25.90695,0.0,73.2,,0.C.D,,CECE,37.0,25.90695,-80.12472,2025-01-01 18:01:07+00:00,181.0,0.0,0.0,False,False,False,True
155017179,2025-01-01 18:07:06+00:00,-80.12473,25.90694,0.0,73.2,,0.C.D,,CECE,37.0,25.90695,-80.12472,2025-01-01 18:04:08+00:00,178.0,1.4937534747101815,0.0163124592937114,False,False,False,True
155017179,2025-01-01 18:10:08+00:00,-80.12473,25.90695,0.0,73.2,,0.C.D,,CECE,37.0,25.90694,-80.12473,2025-01-01 18:07:06+00:00,182.0,1.107865687036241,0.0118324925114754,False,False,False,True
155017179,2025-01-01 18:13:06+00:00,-80.12473,25.90695,0.0,73.2,,0.C.D,,CECE,37.0,25.90695,-80.12473,2025-01-01 18:10:08+00:00,178.0,0.0,0.0,False,False,False,True
155017179,2025-01-01 18:16:06+00:00,-80.12473,25.90695,0.0,73.2,,0.C.D,,CECE,37.0,25.90695,-80.12473,2025-01-01 18:13:06+00:00,180.0,0.0,0.0,False,False,False,True
155017179,2025-01-01 18:19:06+00:00,-80.12473,25.90695,0.0,73.2,,0.C.D,,CECE,37.0,25.90695,-80.12473,2025-01-01 18:16:06+00:00,180.0,0.0,0.0,False,False,False,True
155017179,2025-01-01 18:22:08+00:00,-80.12473,25.90695,0.0,73.2,,0.C.D,,CECE,37.0,25.90695,-80.12473,2025-01-01 18:19:06+00:00,182.0,0.0,0.0,False,False,False,True
155017179,2025-01-01 18:25:06+00:00,-80.12473,25.90695,0.0,73.2,,0.C.D,,CECE,37.0,25.90695,-80.12473,2025-01-01 18:22:08+00:00,178.0,0.0,0.0,False,False,False,True
155017179,2025-01-01 18:31:06+00:00,-80.12473,25.90695,0.0,73.2,,0.C.D,,CECE,37.0,25.90695,-80.12473,2025-01-01 18:25:06+00:00,360.0,0.0,0.0,False,False,False,True
155017179,2025-01-01 18:34:08+00:00,-80.12472,25.90695,0.0,73.2,,0.C.D,,CECE,37.0,25.90695,-80.12473,2025-01-01 18:31:06+00:00,182.0,1.001964558920015,0.0107014219132477,False,False,False,True
155017179,2025-01-01 18:37:06+00:00,-80.12473,25.90695,0.0,73.2,,0.C.D,,CECE,37.0,25.90695,-80.12472,2025-01-01 18:34:08+00:00,178.0,1.001964558920015,0.0109419033045566,False,False,False,True
155017179,2025-01-01 18:40:06+00:00,-80.12472,25.90695,0.0,73.2,,0.C.D,,CECE,37.0,25.90695,-80.12473,2025-01-01 18:37:06+00:00,180.0,1.001964558920015,0.0108203266011726,False,False,False,True
155017179,2025-01-01 18:43:08+00:00,-80.12473,25.90695,0.0,73.2,,0.C.D,,CECE,37.0,25.90695,-80.12472,2025-01-01 18:40:06+00:00,182.0,1.001964558920015,0.0107014219132477,False,False,False,True
155017179,2025-01-01 18:46:06+00:00,-80.12473,25.90694,0.0,73.2,,0.C.D,,CECE,37.0,25.90695,-80.12473,2025-01-01 18:43:08+00:00,178.0,1.107865687036241,0.0120983912195984,False,False,False,True
155017179,2025-01-01 18:49:06+00:00,-80.1247,25.90696,0.0,71.0,,0.C.D,,CECE,37.0,25.90694,-80.12473,2025-01-01 18:46:06+00:00,180.0,3.734282035613737,0.0403269266228189,False,False,False,True
155017179,2025-01-01 18:52:07+00:00,-80.12473,25.90696,0.0,71.0,,0.C.D,,CECE,37.0,25.90696,-80.1247,2025-01-01 18:49:06+00:00,181.0,3.005893421894098,0.0322816346365448,False,False,False,True
155017179,2025-01-01 18:55:07+00:00,-80.12474,25.90695,0.0,71.0,,0.C.D,,CECE,37.0,25.90696,-80.12473,2025-01-01 18:52:07+00:00,180.0,1.4937534196066624,0.0161312091509345,False,False,False,True
155017179,2025-01-01 18:58:07+00:00,-80.12474,25.90695,0.0,71.0,,0.C.D,,CECE,37.0,25.90695,-80.12474,2025-01-01 18:55:07+00:00,180.0,0.0,0.0,False,False,False,True
155017179,2025-01-01 19:01:06+00:00,-80.12474,25.90694,0.0,71.0,,0.C.D,,CECE,37.0,25.90695,-80.12474,2025-01-01 18:58:07+00:00,179.0,1.107865687036241,0.0120308024418353,False,False,False,True
155017179,2025-01-01 19:04:07+00:00,-80.12474,25.90694,0.0,71.0,,0.C.D,,CECE,37.0,25.90694,-80.12474,2025-01-01 19:01:06+00:00,181.0,0.0,0.0,False,False,False,True
155017179,2025-01-01 19:07:06+00:00,-80.12473,25.90694,0.0,71.0,,0.C.D,,CECE,37.0,25.90694,-80.12474,2025-01-01 19:04:07+00:00,179.0,1.001964643400672,0.0108807762705472,False,False,False,True
155017179,2025-01-01 19:10:06+00:00,-80.12474,25.90694,0.0,71.0,,0.C.D,,CECE,37.0,25.90694,-80.12473,2025-01-01 19:07:06+00:00,180.0,1.001964643400672,0.0108203275134886,False,False,False,True
155017179,2025-01-01 19:13:07+00:00,-80.12474,25.90693,0.0,71.0,,0.C.D,,CECE,37.0,25.90694,-80.12474,2025-01-01 19:10:06+00:00,181.0,1.1078656872336838,0.0118978654003995,False,False,False,True
155017179,2025-01-01 19:16:06+00:00,-80.12475,25.90694,0.0,71.0,,0.C.D,,CECE,37.0,25.90693,-80.12474,2025-01-01 19:13:07+00:00,179.0,1.4937535308708614,0.0162213288460782,False,False,False,True
155017179,2025-01-01 19:19:06+00:00,-80.12475,25.90694,0.0,71.0,,0.C.D,,CECE,37.0,25.90694,-80.12475,2025-01-01 19:16:06+00:00,180.0,0.0,0.0,False,False,False,True
155017179,2025-01-01 19:22:07+00:00,-80.12475,25.90694,0.0,71.0,,0.C.D,,CECE,37.0,25.90694,-80.12475,2025-01-01 19:19:06+00:00,181.0,0.0,0.0,False,False,False,True
155017179,2025-01-01 19:25:07+00:00,-80.12475,25.90694,0.0,71.0,,0.C.D,,CECE,37.0,25.90694,-80.12475,2025-01-01 19:22:07+00:00,180.0,0.0,0.0,False,False,False,True
155017179,2025-01-01 19:28:09+00:00,-80.12475,25.90694,0.0,71.0,,0.C.D,,CECE,37.0,25.90694,-80.12475,2025-01-01 19:25:07+00:00,182.0,0.0,0.0,False,False,False,True
155017179,2025-01-01 19:31:07+00:00,-80.12475,25.90694,0.0,71.0,,0.C.D,,CECE,37.0,25.90694,-80.12475,2025-01-01 19:28:09+00:00,178.0,0.0,0.0,False,False,False,True
155017179,2025-01-01 19:34:07+00:00,-80.12474,25.90694,0.0,71.0,,0.C.D,,CECE,37.0,25.90694,-80.12475,2025-01-01 19:31:07+00:00,180.0,1.001964643400672,0.0108203275134886,False,False,False,True
155017179,2025-01-01 19:37:07+00:00,-80.12474,25.90694,0.0,71.0,,0.C.D,,CECE,37.0,25.90694,-80.12474,2025-01-01 19:34:07+00:00,180.0,0.0,0.0,False,False,False,True
155017179,2025-01-01 19:40:08+00:00,-80.12474,25.90694,0.0,71.0,,0.C.D,,CECE,37.0,25.90694,-80.12474,2025-01-01 19:37:07+00:00,181.0,0.0,0.0,False,False,False,True
155017179,2025-01-01 19:43:06+00:00,-80.12474,25.90695,0.0,71.0,,0.C.D,,CECE,37.0,25.90694,-80.12474,2025-01-01 19:40:08+00:00,178.0,1.107865687036241,0.0120983912195984,False,False,False,True
155017179,2025-01-01 19:46:08+00:00,-80.12474,25.90695,0.0,71.0,,0.C.D,,CECE,37.0,25.90695,-80.12474,2025-01-01 19:43:06+00:00,182.0,0.0,0.0,False,False,False,True
155017179,2025-01-01 19:49:07+00:00,-80.12473,25.90695,0.0,71.0,,0.C.D,,CECE,37.0,25.90695,-80.12474,2025-01-01 19:46:08+00:00,179.0,1.001964558920015,0.0108807753531345,False,False,False,True
155017179,2025-01-01 19:52:06+00:00,-80.12473,25.90695,0.0,71.0,,0.C.D,,CECE,37.0,25.90695,-80.12473,2025-01-01 19:49:07+00:00,179.0,0.0,0.0,False,False,False,True
155017179,2025-01-01 19:55:07+00:00,-80.12473,25.90695,0.0,71.0,,0.C.D,,CECE,37.0,25.90695,-80.12473,2025-01-01 19:52:06+00:00,181.0,0.0,0.0,False,False,False,True
155017179,2025-01-01 19:58:06+00:00,-80.12472,25.90696,0.0,71.0,,0.C.D,,CECE,37.0,25.90695,-80.12473,2025-01-01 19:55:07+00:00,179.0,1.4937534196066624,0.0162213276378112,False,False,False,True
155017179,2025-01-01 20:01:06+00:00,-80.12472,25.90696,0.0,71.0,,0.C.D,,CECE,37.0,25.90696,-80.12472,2025-01-01 19:58:06+00:00,180.0,0.0,0.0,False,False,False,True
155017179,2025-01-01 20:04:08+00:00,-80.12472,25.90696,0.0,180.2,,0.C.D,,CECE,37.0,25.90696,-80.12472,2025-01-01 20:01:06+00:00,182.0,0.0,0.0,False,False,False,True
155017179,2025-01-01 20:07:06+00:00,-80.12472,25.90696,0.0,180.2,,0.C.D,,CECE,37.0,25.90696,-80.12472,2025-01-01 20:04:08+00:00,178.0,0.0,0.0,False,False,False,True
155017179,2025-01-01 20:10:06+00:00,-80.12472,25.90696,0.0,180.2,,0.C.D,,CECE,37.0,25.90696,-80.12472,2025-01-01 20:07:06+00:00,180.0,0.0,0.0,False,False,False,True
155017179,2025-01-01 20:16:07+00:00,-80.12473,25.90696,0.0,180.2,,0.C.D,,CECE,37.0,25.90696,-80.12472,2025-01-01 20:10:06+00:00,361.0,1.001964474439327,0.005395176243751,False,False,False,True
155017179,2025-01-01 20:19:07+00:00,-80.12473,25.90696,0.0,180.2,,0.C.D,,CECE,37.0,25.90696,-80.12473,2025-01-01 20:16:07+00:00,180.0,0.0,0.0,False,False,False,True
155017179,2025-01-01 20:22:08+00:00,-80.12473,25.90696,0.0,180.2,,0.C.D,,CECE,37.0,25.90696,-80.12473,2025-01-01 20:19:07+00:00,181.0,0.0,0.0,False,False,False,True
155017179,2025-01-01 20:28:06+00:00,-80.12473,25.90696,0.0,180.2,,0.C.D,,CECE,37.0,25.90696,-80.12473,2025-01-01 20:22:08+00:00,358.0,0.0,0.0,False,False,False,True
155017179,2025-01-01 20:31:08+00:00,-80.12472,25.90697,0.0,180.2,,0.C.D,,CECE,37.0,25.90696,-80.12473,2025-01-01 20:28:06+00:00,182.0,1.4937533634462548,0.015953942516491,False,False,False,True
155017179,2025-01-01 20:37:06+00:00,-80.12473,25.90697,0.0,180.2,,0.C.D,,CECE,37.0,25.90697,-80.12472,2025-01-01 20:31:08+00:00,358.0,1.0019643899586093,0.005440386759154,False,False,False,True
155017179,2025-01-01 20:40:07+00:00,-80.12473,25.90697,0.0,180.2,,0.C.D,,CECE,37.0,25.90697,-80.12473,2025-01-01 20:37:06+00:00,181.0,0.0,0.0,False,False,False,True
155017179,2025-01-01 20:43:06+00:00,-80.12472,25.90697,0.0,180.2,,0.C.D,,CECE,37.0,25.90697,-80.12473,2025-01-01 20:40:07+00:00,179.0,1.0019643899586093,0.010880773518308,False,False,False,True
155017179,2025-01-01 20:46:07+00:00,-80.12471,25.90697,0.0,180.2,,0.C.D,,CECE,37.0,25.90697,-80.12472,2025-01-01 20:43:06+00:00,181.0,1.0019643899586093,0.0107605439766692,False,False,False,True
155017179,2025-01-01 20:49:07+00:00,-80.12471,25.90697,0.0,180.2,,0.C.D,,CECE,37.0,25.90697,-80.12471,2025-01-01 20:46:07+00:00,180.0,0.0,0.0,False,False,False,True
155017179,2025-01-01 20:52:06+00:00,-80.12471,25.90697,0.0,180.2,,0.C.D,,CECE,37.0,25.90697,-80.12471,2025-01-01 20:49:07+00:00,179.0,0.0,0.0,False,False,False,True
155017179,2025-01-01 20:55:06+00:00,-80.12471,25.90698,0.0,180.2,,0.C.D,,CECE,37.0,25.90697,-80.12471,2025-01-01 20:52:06+00:00,180.0,1.10786569209382,0.0119639647051091,False,False,False,True
155017179,2025-01-01 20:58:06+00:00,-80.12472,25.90698,0.0,180.2,,0.C.D,,CECE,37.0,25.90698,-80.12471,2025-01-01 20:55:06+00:00,180.0,1.001964305477861,0.0108203238642226,False,False,False,True
155017179,2025-01-01 21:01:06+00:00,-80.12473,25.90698,0.0,180.2,,0.C.D,,CECE,37.0,25.90698,-80.12472,2025-01-01 20:58:06+00:00,180.0,1.001964305477861,0.0108203238642226,False,False,False,True
155017179,2025-01-01 21:04:08+00:00,-80.12473,25.90697,0.0,180.2,,0.C.D,,CECE,37.0,25.90698,-80.12473,2025-01-01 21:01:06+00:00,182.0,1.10786569209382,0.0118324925654925,False,False,False,True
155017179,2025-01-01 21:07:08+00:00,-80.12472,25.90697,0.0,180.2,,0.C.D,,CECE,37.0,25.90697,-80.12473,2025-01-01 21:04:08+00:00,180.0,1.0019643899586093,0.0108203247765396,False,False,False,True
155017179,2025-01-01 21:13:06+00:00,-80.12471,25.90697,0.0,180.2,,0.C.D,,CECE,37.0,25.90697,-80.12472,2025-01-01 21:07:08+00:00,358.0,1.0019643899586093,0.005440386759154,False,False,False,True
155017179,2025-01-01 21:16:08+00:00,-80.12471,25.90697,0.0,180.2,,0.C.D,,CECE,37.0,25.90697,-80.12471,2025-01-01 21:13:06+00:00,182.0,0.0,0.0,False,False,False,True
155017179,2025-01-01 21:19:08+00:00,-80.12471,25.90697,0.1,180.2,,0.C.D,,CECE,37.0,25.90697,-80.12471,2025-01-01 21:16:08+00:00,180.0,0.0,0.0,False,False,False,True
155017179,2025-01-01 21:25:06+00:00,-80.12473,25.90696,0.1,180.2,,0.C.D,,CECE,37.0,25.90697,-80.12471,2025-01-01 21:19:08+00:00,358.0,2.289781054239371,0.0124328715208733,False,False,False,True
155017179,2025-01-01 21:28:07+00:00,-80.12472,25.90695,0.0,180.2,,0.C.D,,CECE,37.0,25.90696,-80.12473,2025-01-01 21:25:06+00:00,181.0,1.4937534196066624,0.0160420864484431,False,False,False,True
155017179,2025-01-01 21:31:08+00:00,-80.12472,25.90695,0.0,180.2,,0.C.D,,CECE,37.0,25.90695,-80.12472,2025-01-01 21:28:07+00:00,181.0,0.0,0.0,False,False,False,True
155017179,2025-01-01 21:34:07+00:00,-80.12472,25.90697,0.0,180.2,,0.C.D,,CECE,37.0,25.90695,-80.12472,2025-01-01 21:31:08+00:00,179.0,2.215731379483559,0.0240616049424319,False,False,False,True
155017179,2025-01-01 21:37:06+00:00,-80.12473,25.90695,0.0,180.2,,0.C.D,,CECE,37.0,25.90697,-80.12472,2025-01-01 21:34:07+00:00,179.0,2.431748003923285,0.0264074248041689,False,False,False,True
155017179,2025-01-01 21:40:06+00:00,-80.12471,25.90695,0.0,180.2,,0.C.D,,CECE,37.0,25.90695,-80.12473,2025-01-01 21:37:06+00:00,180.0,2.003929117840028,0.0216406532023453,False,False,False,True
155017179,2025-01-01 21:43:07+00:00,-80.12472,25.90695,0.1,180.2,,0.C.D,,CECE,37.0,25.90695,-80.12471,2025-01-01 21:40:06+00:00,181.0,1.001964558920015,0.0107605457912214,False,False,False,True
155017179,2025-01-01 21:46:07+00:00,-80.12472,25.90695,0.1,180.2,,0.C.D,,CECE,37.0,25.90695,-80.12472,2025-01-01 21:43:07+00:00,180.0,0.0,0.0,False,False,False,True
155017179,2025-01-01 21:49:07+00:00,-80.12472,25.90695,0.0,180.2,,0.C.D,,CECE,37.0,25.90695,-80.12472,2025-01-01 21:46:07+00:00,180.0,0.0,0.0,False,False,False,True
155017179,2025-01-01 21:52:06+00:00,-80.12471,25.90696,0.0,180.2,,0.C.D,,CECE,37.0,25.90695,-80.12472,2025-01-01 21:49:07+00:00,179.0,1.4937534196066624,0.0162213276378112,False,False,False,True
155017179,2025-01-01 21:55:10+00:00,-80.12473,25.90697,0.0,180.2,,0.C.D,,CECE,37.0,25.90696,-80.12471,2025-01-01 21:52:06+00:00,184.0,2.289781054239371,0.0241900435025687,False,False,False,True
155017179,2025-01-01 21:58:07+00:00,-80.12473,25.90696,0.0,180.2,,0.C.D,,CECE,37.0,25.90697,-80.12473,2025-01-01 21:55:10+00:00,177.0,1.107865690173238,0.0121667437468155,False,False,False,True
155017179,2025-01-01 22:01:07+00:00,-80.12473,25.90696,0.0,180.2,,0.C.D,,CECE,37.0,25.90696,-80.12473,2025-01-01 21:58:07+00:00,180.0,0.0,0.0,False,False,False,True
155017179,2025-01-01 22:04:07+00:00,-80.12472,25.90695,0.0,133.9,,0.C.D,,CECE,37.0,25.90696,-80.12473,2025-01-01 22:01:07+00:00,180.0,1.4937534196066624,0.0161312091509345,False,False,False,True
155017179,2025-01-01 22:07:07+00:00,-80.12472,25.90695,0.0,133.9,,0.C.D,,CECE,37.0,25.90695,-80.12472,2025-01-01 22:04:07+00:00,180.0,0.0,0.0,False,False,False,True
155017179,2025-01-01 22:10:08+00:00,-80.12472,25.90695,0.0,133.9,,0.C.D,,CECE,37.0,25.90695,-80.12472,2025-01-01 22:07:07+00:00,181.0,0.0,0.0,False,False,False,True
155017179,2025-01-01 22:13:07+00:00,-80.12472,25.90695,0.0,133.9,,0.C.D,,CECE,37.0,25.90695,-80.12472,2025-01-01 22:10:08+00:00,179.0,0.0,0.0,False,False,False,True
155017179,2025-01-01 22:16:07+00:00,-80.12472,25.90695,0.0,133.9,,0.C.D,,CECE,37.0,25.90695,-80.12472,2025-01-01 22:13:07+00:00,180.0,0.0,0.0,False,False,False,True
155017179,2025-01-01 22:19:06+00:00,-80.12472,25.90695,0.0,133.9,,0.C.D,,CECE,37.0,25.90695,-80.12472,2025-01-01 22:16:07+00:00,179.0,0.0,0.0,False,False,False,True
155017179,2025-01-01 22:22:06+00:00,-80.12472,25.90695,0.0,133.9,,0.C.D,,CECE,37.0,25.90695,-80.12472,2025-01-01 22:19:06+00:00,180.0,0.0,0.0,False,False,False,True
155017179,2025-01-01 22:25:07+00:00,-80.12472,25.90695,0.0,133.9,,0.C.D,,CECE,37.0,25.90695,-80.12472,2025-01-01 22:22:06+00:00,181.0,0.0,0.0,False,False,False,True
155017179,2025-01-01 22:28:08+00:00,-80.12472,25.90695,0.0,133.9,,0.C.D,,CECE,37.0,25.90695,-80.12472,2025-01-01 22:25:07+00:00,181.0,0.0,0.0,False,False,False,True
155017179,2025-01-01 22:31:09+00:00,-80.12472,25.90695,0.0,133.9,,0.C.D,,CECE,37.0,25.90695,-80.12472,2025-01-01 22:28:08+00:00,181.0,0.0,0.0,False,False,False,True
155017179,2025-01-01 22:34:07+00:00,-80.12472,25.90695,0.0,133.9,,0.C.D,,CECE,37.0,25.90695,-80.12472,2025-01-01 22:31:09+00:00,178.0,0.0,0.0,False,False,False,True
155017179,2025-01-01 22:37:07+00:00,-80.12472,25.90695,0.0,133.9,,0.C.D,,CECE,37.0,25.90695,-80.12472,2025-01-01 22:34:07+00:00,180.0,0.0,0.0,False,False,False,True
155017179,2025-01-01 22:40:08+00:00,-80.12472,25.90695,0.0,133.9,,0.C.D,,CECE,37.0,25.90695,-80.12472,2025-01-01 22:37:07+00:00,181.0,0.0,0.0,False,False,False,True
155017179,2025-01-01 22:43:06+00:00,-80.12472,25.90695,0.0,133.9,,0.C.D,,CECE,37.0,25.90695,-80.12472,2025-01-01 22:40:08+00:00,178.0,0.0,0.0,False,False,False,True
155017179,2025-01-01 22:46:09+00:00,-80.12472,25.90694,0.0,133.9,,0.C.D,,CECE,37.0,25.90695,-80.12472,2025-01-01 22:43:06+00:00,183.0,1.107865687036241,0.0117678340824509,False,False,False,True
155017179,2025-01-01 22:49:07+00:00,-80.12472,25.90695,0.0,133.9,,0.C.D,,CECE,37.0,25.90694,-80.12472,2025-01-01 22:46:09+00:00,178.0,1.107865687036241,0.0120983912195984,False,False,False,True
155017179,2025-01-01 22:52:08+00:00,-80.12472,25.90695,0.0,133.9,,0.C.D,,CECE,37.0,25.90695,-80.12472,2025-01-01 22:49:07+00:00,181.0,0.0,0.0,False,False,False,True
155017179,2025-01-01 22:55:08+00:00,-80.12471,25.90695,0.0,133.9,,0.C.D,,CECE,37.0,25.90695,-80.12472,2025-01-01 22:52:08+00:00,180.0,1.001964558920015,0.0108203266011726,False,False,False,True
155017179,2025-01-01 22:58:07+00:00,-80.12471,25.90695,0.0,133.9,,0.C.D,,CECE,37.0,25.90695,-80.12471,2025-01-01 22:55:08+00:00,179.0,0.0,0.0,False,False,False,True
155017179,2025-01-01 23:01:07+00:00,-80.12471,25.90695,0.0,133.9,,0.C.D,,CECE,37.0,25.90695,-80.12471,2025-01-01 22:58:07+00:00,180.0,0.0,0.0,False,False,False,True
155017179,2025-01-01 23:04:07+00:00,-80.12471,25.90695,0.0,133.9,,0.C.D,,CECE,37.0,25.90695,-80.12471,2025-01-01 23:01:07+00:00,180.0,0.0,0.0,False,False,False,True
155017179,2025-01-01 23:07:06+00:00,-80.12471,25.90695,0.0,133.9,,0.C.D,,CECE,37.0,25.90695,-80.12471,2025-01-01 23:04:07+00:00,179.0,0.0,0.0,False,False,False,True
155017179,2025-01-01 23:10:06+00:00,-80.12471,25.90695,0.0,133.9,,0.C.D,,CECE,37.0,25.90695,-80.12471,2025-01-01 23:07:06+00:00,180.0,0.0,0.0,False,False,False,True
155017179,2025-01-01 23:13:06+00:00,-80.12471,25.90695,0.0,133.9,,0.C.D,,CECE,37.0,25.90695,-80.12471,2025-01-01 23:10:06+00:00,180.0,0.0,0.0,False,False,False,True
155017179,2025-01-01 23:16:07+00:00,-80.12471,25.90695,0.0,133.9,,0.C.D,,CECE,37.0,25.90695,-80.12471,2025-01-01 23:13:06+00:00,181.0,0.0,0.0,False,False,False,True
155017179,2025-01-01 23:22:06+00:00,-80.12471,25.90694,0.0,133.9,,0.C.D,,CECE,37.0,25.90695,-80.12471,2025-01-01 23:16:07+00:00,359.0,1.107865687036241,0.0059986452286588,False,False,False,True
155017179,2025-01-01 23:25:08+00:00,-80.12471,25.90694,0.0,133.9,,0.C.D,,CECE,37.0,25.90694,-80.12471,2025-01-01 23:22:06+00:00,182.0,0.0,0.0,False,False,False,True
155017179,2025-01-01 23:28:07+00:00,-80.12471,25.90694,0.0,133.9,,0.C.D,,CECE,37.0,25.90694,-80.12471,2025-01-01 23:25:08+00:00,179.0,0.0,0.0,False,False,False,True
155017179,2025-01-01 23:31:06+00:00,-80.12471,25.90694,0.0,133.9,,0.C.D,,CECE,37.0,25.90694,-80.12471,2025-01-01 23:28:07+00:00,179.0,0.0,0.0,False,False,False,True
155017179,2025-01-01 23:34:07+00:00,-80.12471,25.90694,0.0,133.9,,0.C.D,,CECE,37.0,25.90694,-80.12471,2025-01-01 23:31:06+00:00,181.0,0.0,0.0,False,False,False,True
155017179,2025-01-01 23:37:08+00:00,-80.12471,25.90694,0.0,133.9,,0.C.D,,CECE,37.0,25.90694,-80.12471,2025-01-01 23:34:07+00:00,181.0,0.0,0.0,False,False,False,True
155017179,2025-01-01 23:40:06+00:00,-80.12471,25.90695,0.0,133.9,,0.C.D,,CECE,37.0,25.90694,-80.12471,2025-01-01 23:37:08+00:00,178.0,1.107865687036241,0.0120983912195984,False,False,False,True
155017179,2025-01-01 23:43:07+00:00,-80.12471,25.90695,0.0,133.9,,0.C.D,,CECE,37.0,25.90695,-80.12471,2025-01-01 23:40:06+00:00,181.0,0.0,0.0,False,False,False,True
155017179,2025-01-01 23:46:06+00:00,-80.12472,25.90695,0.0,133.9,,0.C.D,,CECE,37.0,25.90695,-80.12471,2025-01-01 23:43:07+00:00,179.0,1.001964558920015,0.0108807753531345,False,False,False,True
155017179,2025-01-01 23:49:06+00:00,-80.12472,25.90695,0.0,133.9,,0.C.D,,CECE,37.0,25.90695,-80.12472,2025-01-01 23:46:06+00:00,180.0,0.0,0.0,False,False,False,True
155017179,2025-01-01 23:52:06+00:00,-80.12472,25.90695,0.0,133.9,,0.C.D,,CECE,37.0,25.90695,-80.12472,2025-01-01 23:49:06+00:00,180.0,0.0,0.0,False,False,False,True
155017179,2025-01-01 23:55:07+00:00,-80.12473,25.90695,0.0,133.9,,0.C.D,,CECE,37.0,25.90695,-80.12472,2025-01-01 23:52:06+00:00,181.0,1.001964558920015,0.0107605457912214,False,False,False,True
155017179,2025-01-01 23:58:07+00:00,-80.12472,25.90695,0.0,133.9,,0.C.D,,CECE,37.0,25.90695,-80.12473,2025-01-01 23:55:07+00:00,180.0,1.001964558920015,0.0108203266011726,False,False,False,True
199083732,2025-01-01 19:10:47+00:00,-90.05403,28.94506,0.4,308.1,255.0,,,,,,,,,,,False,False,False,False
200000000,2025-01-01 00:00:03+00:00,-97.23516,27.8536,0.0,,,GYSGT BASILONE,,,31.0,,,,,,,False,False,False,False
200000000,2025-01-01 00:01:08+00:00,-90.01583,29.86104,0.0,220.6,71.0,GYSGT BASILONE,,,31.0,27.8536,-97.23516,2025-01-01 00:00:03+00:00,65.0,738540.653872017,22086.22868650125,True,False,False,False
200000000,2025-01-01 00:02:18+00:00,-90.01583,29.86103,0.0,220.6,75.0,GYSGT BASILONE,,,31.0,29.86104,-90.01583,2025-01-01 00:01:08+00:00,70.0,1.1085010377375106,0.030782123674224,False,False,False,True
200000000,2025-01-01 00:03:23+00:00,-97.23514,27.85358,0.0,,,GYSGT BASILONE,,,31.0,29.86103,-90.01583,2025-01-01 00:02:18+00:00,65.0,738539.2237365352,22086.18591796964,True,False,False,False
200000000,2025-01-01 00:04:29+00:00,-90.01583,29.86104,0.0,220.6,71.0,GYSGT BASILONE,,,31.0,27.85358,-97.23514,2025-01-01 00:03:23+00:00,66.0,738539.5248585534,21751.555606076523,True,False,False,False
200000000,2025-01-01 00:05:33+00:00,-97.23516,27.85361,0.0,,,GYSGT BASILONE,,,31.0,29.86104,-90.01583,2025-01-01 00:04:29+00:00,64.0,738540.2885092843,22431.31491274824,True,False,False,False
200000000,2025-01-01 00:06:39+00:00,-90.01583,29.86102,0.0,220.6,77.0,GYSGT BASILONE,,,31.0,27.85361,-97.23516,2025-01-01 00:05:33+00:00,66.0,738539.6862777508,21751.560360214287,True,False,False,False
200000000,2025-01-01 00:07:44+00:00,-97.23513,27.85359,0.0,,,GYSGT BASILONE,,,31.0,29.86102,-90.01583,2025-01-01 00:06:39+00:00,65.0,738537.6273798376,22086.138178554207,True,False,False,False
200000000,2025-01-01 00:08:49+00:00,-90.01583,29.86103,0.0,220.6,73.0,GYSGT BASILONE,,,31.0,27.85359,-97.23513,2025-01-01 00:07:44+00:00,65.0,738537.9284992769,22086.14718360053,True,False,False,False
200000000,2025-01-01 00:09:53+00:00,-97.23516,27.85359,0.0,,,GYSGT BASILONE,,,31.0,29.86103,-90.01583,2025-01-01 00:08:49+00:00,64.0,738540.7181166601,22431.32796099826,True,False,False,False
200000000,2025-01-01 00:11:00+00:00,-90.01583,29.86102,0.0,220.6,74.0,GYSGT BASILONE,,,31.0,27.85359,-97.23516,2025-01-01 00:09:53+00:00,67.0,738540.4169986307,21426.93140565102,True,False,False,False
200000000,2025-01-01 00:12:03+00:00,-97.23517,27.8536,0.0,,,GYSGT BASILONE,,,31.0,29.86102,-90.01583,2025-01-01 00:11:00+00:00,63.0,738540.9815109889,22787.388912703504,True,False,False,False
200000000,2025-01-01 00:13:04+00:00,-97.23513,27.8536,0.0,,,GYSGT BASILONE,,,31.0,27.8536,-97.23517,2025-01-01 00:12:03+00:00,61.0,3.9397793336381977,0.1255459124573651,False,False,False,True
200000000,2025-01-01 00:14:10+00:00,-90.01583,29.86103,0.0,220.6,73.0,GYSGT BASILONE,,,31.0,27.8536,-97.23513,2025-01-01 00:13:04+00:00,66.0,738537.5631354671,21751.4978291704,True,False,False,False
200000000,2025-01-01 00:15:12+00:00,-97.23516,27.85363,0.0,,,GYSGT BASILONE,,,31.0,29.86103,-90.01583,2025-01-01 00:14:10+00:00,62.0,738539.2566747403,23154.87336604237,True,False,False,False
200000000,2025-01-01 00:16:19+00:00,-90.01584,29.86104,0.0,220.6,74.0,GYSGT BASILONE,,,31.0,27.85363,-97.23516,2025-01-01 00:15:12+00:00,67.0,738538.6279146489,21426.87949978524,True,False,False,False
200000000,2025-01-01 00:17:20+00:00,-90.01584,29.86103,0.0,220.6,73.0,GYSGT BASILONE,,,31.0,29.86104,-90.01584,2025-01-01 00:16:19+00:00,61.0,1.1085010377375106,0.0353237484786177,False,False,False,True
200000000,2025-01-01 00:18:24+00:00,-97.23515,27.85363,0.0,,,GYSGT BASILONE,,,31.0,29.86103,-90.01584,2025-01-01 00:17:20+00:00,64.0,738537.3969267224,22431.22708815688,True,False,False,False
200000000,2025-01-01 00:19:28+00:00,-90.01584,29.86103,0.0,220.6,74.0,GYSGT BASILONE,,,31.0,27.85363,-97.23515,2025-01-01 00:18:24+00:00,64.0,738537.3969267224,22431.22708815688,True,False,False,False
200000000,2025-01-01 00:20:33+00:00,-97.23512,27.8536,0.0,,,GYSGT BASILONE,,,31.0,29.86103,-90.01584,2025-01-01 00:19:28+00:00,65.0,738535.7033903769,22086.08064120539,True,False,False,False
200000000,2025-01-01 00:21:39+00:00,-90.01583,29.86103,0.0,220.6,73.0,GYSGT BASILONE,,,31.0,27.8536,-97.23512,2025-01-01 00:20:33+00:00,66.0,738536.6332628642,21751.470442449787,True,False,False,False
200000000,2025-01-01 00:22:40+00:00,-90.01584,29.86103,0.0,220.6,75.0,GYSGT BASILONE,,,31.0,29.86103,-90.01583,2025-01-01 00:21:39+00:00,61.0,0.966204317655273,0.0307892885382135,False,False,False,True
200000000,2025-01-01 00:23:42+00:00,-97.23507,27.85365,0.0,,,GYSGT BASILONE,,,31.0,29.86103,-90.01584,2025-01-01 00:22:40+00:00,62.0,738529.2272197073,23154.558919979936,True,False,False,False
200000000,2025-01-01 00:24:50+00:00,-90.01583,29.86103,0.0,220.6,75.0,GYSGT BASILONE,,,31.0,27.85365,-97.23507,2025-01-01 00:23:42+00:00,68.0,738530.1570934795,21111.53618477337,True,False,False,False
200000000,2025-01-01 00:25:52+00:00,-97.23514,27.85363,0.0,,,GYSGT BASILONE,,,31.0,29.86103,-90.01583,2025-01-01 00:24:50+00:00,62.0,738537.3969267224,23154.81505874258,True,False,False,False
200000000,2025-01-01 00:26:58+00:00,-90.01583,29.86104,0.0,220.6,73.0,GYSGT BASILONE,,,31.0,27.85363,-97.23514,2025-01-01 00:25:52+00:00,66.0,738537.6980411668,21751.50180242942,True,False,False,False
200000000,2025-01-01 00:28:03+00:00,-97.23513,27.85363,0.0,,,GYSGT BASILONE,,,31.0,29.86104,-90.01583,2025-01-01 00:26:58+00:00,65.0,738536.7681677998,22086.112483619934,True,False,False,False
200000000,2025-01-01 00:29:04+00:00,-97.23516,27.85363,0.0,,,GYSGT BASILONE,,,31.0,27.85363,-97.23513,2025-01-01 00:28:03+00:00,61.0,2.9548336865939238,0.094159408415553,False,False,False,True
200000000,2025-01-01 00:30:08+00:00,-90.01584,29.86104,0.0,220.6,71.0,GYSGT BASILONE,,,31.0,27.85363,-97.23516,2025-01-01 00:29:04+00:00,64.0,738538.6279146489,22431.264476337677,True,False,False,False
200000000,2025-01-01 00:31:14+00:00,-97.23517,27.85359,0.0,,,GYSGT BASILONE,,,31.0,29.86104,-90.01584,2025-01-01 00:30:08+00:00,66.0,738541.0192362231,21751.599618668788,True,False,False,False
200000000,2025-01-01 00:32:19+00:00,-90.01585,29.86103,0.0,220.6,76.0,GYSGT BASILONE,,,31.0,27.85359,-97.23517,2025-01-01 00:31:14+00:00,65.0,738539.7882440829,22086.202799698127,True,False,False,False
200000000,2025-01-01 00:33:23+00:00,-97.23516,27.8536,0.0,,,GYSGT BASILONE,,,31.0,29.86103,-90.01585,2025-01-01 00:32:19+00:00,64.0,738538.4930081842,22431.260378891075,True,False,False,False
200000000,2025-01-01 00:34:28+00:00,-90.01583,29.86104,0.0,220.6,74.0,GYSGT BASILONE,,,31.0,27.8536,-97.23516,2025-01-01 00:33:23+00:00,65.0,738540.653872017,22086.22868650125,True,False,False,False
200000000,2025-01-01 00:35:30+00:00,-90.01584,29.86103,0.0,220.6,76.0,GYSGT BASILONE,,,31.0,29.86104,-90.01583,2025-01-01 00:34:28+00:00,62.0,1.4704846956685107,0.0461030156585206,False,False,False,True
200000000,2025-01-01 00:36:33+00:00,-97.23516,27.85358,0.0,,,GYSGT BASILONE,,,31.0,29.86103,-90.01584,2025-01-01 00:35:30+00:00,63.0,738540.1536086225,22787.36336810452,True,False,False,False
200000000,2025-01-01 00:37:38+00:00,-90.01584,29.86104,0.0,220.6,75.0,GYSGT BASILONE,,,31.0,27.85358,-97.23516,2025-01-01 00:36:33+00:00,65.0,738540.454730171,22086.2227311184,True,False,False,False
200000000,2025-01-01 00:38:44+00:00,-97.23514,27.85362,0.0,,,GYSGT BASILONE,,,31.0,29.86104,-90.01584,2025-01-01 00:37:38+00:00,66.0,738537.1335287006,21751.48517633984,True,False,False,False
200000000,2025-01-01 00:39:54+00:00,-97.23515,27.85359,0.0,,,GYSGT BASILONE,,,31.0,27.85362,-97.23514,2025-01-01 00:38:44+00:00,70.0,3.4673479417211923,0.096285280329076,False,False,False,True
200000000,2025-01-01 00:40:58+00:00,-90.01583,29.86105,0.0,220.6,72.0,GYSGT BASILONE,,,31.0,27.85359,-97.23515,2025-01-01 00:39:54+00:00,64.0,738540.3904856859,22431.31801002649,True,False,False,False
200000000,2025-01-01 00:42:02+00:00,-97.23511,27.85358,0.0,,,GYSGT BASILONE,,,31.0,29.86105,-90.01583,2025-01-01 00:40:58+00:00,64.0,738537.0363693556,22431.216137128253,True,False,False,False
200000000,2025-01-01 00:43:10+00:00,-90.01584,29.86103,0.0,220.6,75.0,GYSGT BASILONE,,,31.0,27.85358,-97.23511,2025-01-01 00:42:02+00:00,68.0,738535.5042493371,21111.68903794164,True,False,False,False
200000000,2025-01-01 00:44:14+00:00,-97.23513,27.85363,0.0,,,GYSGT BASILONE,,,31.0,29.86103,-90.01584,2025-01-01 00:43:10+00:00,64.0,738535.5371791644,22431.17060297417,True,False,False,False
200000000,2025-01-01 00:45:19+00:00,-90.01584,29.86104,0.0,220.6,72.0,GYSGT BASILONE,,,31.0,27.85363,-97.23513,2025-01-01 00:44:14+00:00,65.0,738535.8382945505,22086.084675545837,True,False,False,False
200000000,2025-01-01 00:46:20+00:00,-90.01584,29.86104,0.0,220.6,76.0,GYSGT BASILONE,,,31.0,29.86104,-90.01584,2025-01-01 00:45:19+00:00,61.0,0.0,0.0,False,False,False,True
200000000,2025-01-01 00:47:22+00:00,-97.23514,27.8536,0.0,,,GYSGT BASILONE,,,31.0,29.86104,-90.01584,2025-01-01 00:46:20+00:00,62.0,738537.8642549262,23154.82971053703,True,False,False,False
200000000,2025-01-01 00:48:28+00:00,-90.01584,29.86104,0.0,220.6,72.0,GYSGT BASILONE,,,31.0,27.8536,-97.23514,2025-01-01 00:47:22+00:00,66.0,738537.8642549262,21751.506697777208,True,False,False,False
200000000,2025-01-01 00:49:33+00:00,-97.23512,27.85358,0.0,,,GYSGT BASILONE,,,31.0,29.86104,-90.01584,2025-01-01 00:48:28+00:00,65.0,738536.7352443913,22086.111499037805,True,False,False,False
200000000,2025-01-01 00:50:39+00:00,-90.01585,29.86103,0.0,220.6,75.0,GYSGT BASILONE,,,31.0,27.85358,-97.23512,2025-01-01 00:49:33+00:00,66.0,738535.5042493367,21751.437190606524,True,False,False,False
200000000,2025-01-01 00:51:43+00:00,-97.23516,27.85362,0.0,,,GYSGT BASILONE,,,31.0,29.86103,-90.01585,2025-01-01 00:50:39+00:00,64.0,738537.7622857329,22431.238185023423,True,False,False,False
200000000,2025-01-01 00:52:53+00:00,-97.23517,27.8536,0.0,,,GYSGT BASILONE,,,31.0,27.85362,-97.23516,2025-01-01 00:51:43+00:00,70.0,2.425342757984712,0.0673496895240143,False,False,False,True
200000000,2025-01-01 00:53:58+00:00,-90.01585,29.86105,0.0,220.6,73.0,GYSGT BASILONE,,,31.0,27.8536,-97.23517,2025-01-01 00:52:53+00:00,65.0,738540.025119591,22086.20988351486,True,False,False,False
200000000,2025-01-01 00:55:03+00:00,-97.23512,27.85357,0.0,,,GYSGT BASILONE,,,31.0,29.86105,-90.01585,2025-01-01 00:53:58+00:00,65.0,738536.4718695758,22086.103622753173,True,False,False,False
200000000,2025-01-01 00:56:10+00:00,-90.01585,29.86103,0.0,220.6,75.0,GYSGT BASILONE,,,31.0,27.85357,-97.23512,2025-01-01 00:55:03+00:00,67.0,738535.8696172143,21426.799474578,True,False,False,False
200000000,2025-01-01 00:57:13+00:00,-97.23516,27.8536,0.0,,,GYSGT BASILONE,,,31.0,29.86103,-90.01585,2025-01-01 00:56:10+00:00,63.0,738538.4930081842,22787.312130936964,True,False,False,False
200000000,2025-01-01 00:58:20+00:00,-90.01584,29.86104,0.0,220.6,72.0,GYSGT BASILONE,,,31.0,27.8536,-97.23516,2025-01-01 00:57:13+00:00,67.0,738539.723999538,21426.911299988984,True,False,False,False
200000000,2025-01-01 00:59:23+00:00,-97.23514,27.85361,0.0,,,GYSGT BASILONE,,,31.0,29.86104,-90.01584,2025-01-01 00:58:20+00:00,63.0,738537.4988910761,22787.281457848087,True,False,False,False
200000000,2025-01-01 01:00:03+00:00,-97.23517,27.8536,0.0,,,GYSGT BASILONE,,,31.0,27.85361,-97.23514,2025-01-01 00:59:23+00:00,40.0,3.15580242762313,0.1533593747727736,False,False,False,True
200000000,2025-01-01 01:01:12+00:00,-97.23517,27.85359,0.0,,,GYSGT BASILONE,,,31.0,27.8536,-97.23517,2025-01-01 01:00:03+00:00,69.0,1.1081709392929349,0.0312189420092054,False,False,False,True
200000000,2025-01-01 01:02:19+00:00,-90.01584,29.86104,0.0,220.6,72.0,GYSGT BASILONE,,,31.0,27.85359,-97.23517,2025-01-01 01:01:12+00:00,67.0,738541.0192362231,21426.94887809164,True,False,False,False
200000000,2025-01-01 01:03:23+00:00,-97.23516,27.85357,0.0,,,GYSGT BASILONE,,,31.0,29.86104,-90.01584,2025-01-01 01:02:19+00:00,64.0,738540.8200976998,22431.331058417385,True,False,False,False
200000000,2025-01-01 01:04:29+00:00,-90.01585,29.86103,0.0,220.6,76.0,GYSGT BASILONE,,,31.0,27.85357,-97.23516,2025-01-01 01:03:23+00:00,66.0,738539.5891029207,21751.55749820941,True,False,False,False
200000000,2025-01-01 01:05:34+00:00,-97.23515,27.85359,0.0,,,GYSGT BASILONE,,,31.0,29.86103,-90.01585,2025-01-01 01:04:29+00:00,65.0,738537.9284992769,22086.14718360053,True,False,False,False
200000000,2025-01-01 01:06:39+00:00,-90.01584,29.86105,0.0,220.6,72.0,GYSGT BASILONE,,,31.0,27.85359,-97.23515,2025-01-01 01:05:34+00:00,65.0,738539.4606141642,22086.1930018498,True,False,False,False
200000000,2025-01-01 01:07:43+00:00,-97.23515,27.85361,0.0,,,GYSGT BASILONE,,,31.0,29.86105,-90.01584,2025-01-01 01:06:39+00:00,64.0,738538.7298827069,22431.267573362515,True,False,False,False
200000000,2025-01-01 01:08:49+00:00,-90.01585,29.86104,0.0,220.6,75.0,GYSGT BASILONE,,,31.0,27.85361,-97.23515,2025-01-01 01:07:43+00:00,66.0,738537.4988910761,21751.49593703681,True,False,False,False
200000000,2025-01-01 01:10:00+00:00,-90.01585,29.86104,0.0,220.6,74.0,GYSGT BASILONE,,,31.0,29.86104,-90.01585,2025-01-01 01:08:49+00:00,71.0,0.0,0.0,False,False,False,True
200000000,2025-01-01 01:12:39+00:00,-90.01585,29.86104,0.0,220.6,72.0,GYSGT BASILONE,,,31.0,29.86104,-90.01585,2025-01-01 01:10:00+00:00,159.0,0.0,0.0,False,False,False,True
200000000,2025-01-01 01:13:40+00:00,-90.01585,29.86104,0.0,220.6,74.0,GYSGT BASILONE,,,31.0,29.86104,-90.01585,2025-01-01 01:12:39+00:00,61.0,0.0,0.0,False,False,False,True
200000000,2025-01-01 01:14:43+00:00,-97.23516,27.85359,0.0,,,GYSGT BASILONE,,,31.0,29.86104,-90.01585,2025-01-01 01:13:40+00:00,63.0,738539.159492125,22787.33269503448,True,False,False,False
200000000,2025-01-01 01:15:48+00:00,-90.01585,29.86103,0.0,220.6,75.0,GYSGT BASILONE,,,31.0,27.85359,-97.23516,2025-01-01 01:14:43+00:00,65.0,738538.8583716212,22086.17499164757,True,False,False,False
200000000,2025-01-01 01:16:53+00:00,-97.23515,27.85357,0.0,,,GYSGT BASILONE,,,31.0,29.86103,-90.01585,2025-01-01 01:15:48+00:00,65.0,738538.6592313221,22086.169036310974,True,False,False,False
200000000,2025-01-01 01:17:58+00:00,-90.01585,29.86103,0.0,220.6,75.0,GYSGT BASILONE,,,31.0,27.85357,-97.23515,2025-01-01 01:16:53+00:00,65.0,738538.6592313221,22086.169036310974,True,False,False,False
200000000,2025-01-01 01:19:02+00:00,-97.23517,27.8536,0.0,,,GYSGT BASILONE,,,31.0,29.86103,-90.01585,2025-01-01 01:17:58+00:00,64.0,738539.4228810184,22431.28862145373,True,False,False,False
200000000,2025-01-01 01:20:09+00:00,-90.01584,29.86103,0.0,220.6,76.0,GYSGT BASILONE,,,31.0,27.8536,-97.23517,2025-01-01 01:19:02+00:00,67.0,738540.352753968,21426.929541750345,True,False,False,False
200000000,2025-01-01 01:21:13+00:00,-97.23516,27.8536,0.0,,,GYSGT BASILONE,,,31.0,29.86103,-90.01584,2025-01-01 01:20:09+00:00,64.0,738539.4228810184,22431.28862145373,True,False,False,False
200000000,2025-01-01 01:22:19+00:00,-90.01583,29.86105,0.0,220.6,72.0,GYSGT BASILONE,,,31.0,27.8536,-97.23516,2025-01-01 01:21:13+00:00,66.0,738540.9549915997,21751.59772652835,True,False,False,False
200000000,2025-01-01 01:23:22+00:00,-97.23517,27.85359,0.0,,,GYSGT BASILONE,,,31.0,29.86105,-90.01583,2025-01-01 01:22:19+00:00,63.0,738542.250229074,22787.42805849656,True,False,False,False
200000000,2025-01-01 01:24:33+00:00,-97.23517,27.8536,0.0,,,GYSGT BASILONE,,,31.0,27.85359,-97.23517,2025-01-01 01:23:22+00:00,71.0,1.1081709392929349,0.0303395351920447,False,False,False,True
200000000,2025-01-01 01:25:38+00:00,-90.01584,29.86103,0.0,220.6,76.0,GYSGT BASILONE,,,31.0,27.8536,-97.23517,2025-01-01 01:24:33+00:00,65.0,738540.352753968,22086.21968149651,True,False,False,False
200000000,2025-01-01 01:26:44+00:00,-97.23519,27.85357,0.0,,,GYSGT BASILONE,,,31.0,29.86103,-90.01584,2025-01-01 01:25:38+00:00,66.0,738543.3085904798,21751.667045007853,True,False,False,False
200000000,2025-01-01 01:27:48+00:00,-90.01583,29.86104,0.0,220.6,76.0,GYSGT BASILONE,,,31.0,27.85357,-97.23519,2025-01-01 01:26:44+00:00,64.0,738544.5395838403,22431.44402851019,True,False,False,False
200000000,2025-01-01 01:28:54+00:00,-97.23517,27.85359,0.0,,,GYSGT BASILONE,,,31.0,29.86104,-90.01583,2025-01-01 01:27:48+00:00,66.0,738541.9491084457,21751.627005378195,True,False,False,False
200000000,2025-01-01 01:29:59+00:00,-90.01584,29.86105,0.0,220.6,77.0,GYSGT BASILONE,,,31.0,27.85359,-97.23517,2025-01-01 01:28:54+00:00,65.0,738541.3203573214,22086.248617898087,True,False,False,False
200000000,2025-01-01 01:31:03+00:00,-97.23518,27.8536,0.0,,,GYSGT BASILONE,,,31.0,29.86105,-90.01584,2025-01-01 01:29:59+00:00,64.0,738541.8848637254,22431.3633980235,True,False,False,False
200000000,2025-01-01 01:32:09+00:00,-90.01584,29.86103,0.0,220.6,76.0,GYSGT BASILONE,,,31.0,27.8536,-97.23518,2025-01-01 01:31:03+00:00,66.0,738541.2826270334,21751.60737608686,True,False,False,False
200000000,2025-01-01 01:33:12+00:00,-97.23516,27.85358,0.0,,,GYSGT BASILONE,,,31.0,29.86103,-90.01584,2025-01-01 01:32:09+00:00,63.0,738540.1536086225,22787.36336810452,True,False,False,False
200000000,2025-01-01 01:34:19+00:00,-90.01584,29.86104,0.0,220.6,76.0,GYSGT BASILONE,,,31.0,27.85358,-97.23516,2025-01-01 01:33:12+00:00,67.0,738540.454730171,21426.93250033874,True,False,False,False
200000000,2025-01-01 01:35:23+00:00,-97.23516,27.8536,0.0,,,GYSGT BASILONE,,,31.0,29.86104,-90.01584,2025-01-01 01:34:19+00:00,64.0,738539.723999538,22431.29776717597,True,False,False,False
200000000,2025-01-01 01:36:29+00:00,-90.01585,29.86105,0.0,220.6,73.0,GYSGT BASILONE,,,31.0,27.8536,-97.23516,2025-01-01 01:35:23+00:00,66.0,738539.095247697,21751.542953125503,True,False,False,False
200000000,2025-01-01 01:37:32+00:00,-97.23515,27.85361,0.0,,,GYSGT BASILONE,,,31.0,29.86105,-90.01585,2025-01-01 01:36:29+00:00,63.0,738537.8000105546,22787.2907487701,True,False,False,False
200000000,2025-01-01 01:38:39+00:00,-90.01586,29.86104,0.0,220.6,76.0,GYSGT BASILONE,,,31.0,27.85361,-97.23515,2025-01-01 01:37:32+00:00,67.0,738536.5690185701,21426.81976598593,True,False,False,False
200000000,2025-01-01 01:40:39+00:00,-90.01586,29.86104,0.0,220.6,77.0,GYSGT BASILONE,,,31.0,29.86104,-90.01586,2025-01-01 01:38:39+00:00,120.0,0.0,0.0,False,False,False,True
200000000,2025-01-01 01:41:43+00:00,-97.23516,27.85361,0.0,,,GYSGT BASILONE,,,31.0,29.86104,-90.01586,2025-01-01 01:40:39+00:00,64.0,738537.4988910747,22431.23018506917,True,False,False,False
200000000,2025-01-01 01:42:50+00:00,-90.01586,29.86104,0.0,220.6,76.0,GYSGT BASILONE,,,31.0,27.85361,-97.23516,2025-01-01 01:41:43+00:00,67.0,738537.4988910747,21426.846743946666,True,False,False,False
200000000,2025-01-01 01:43:53+00:00,-97.23516,27.85362,0.0,,,GYSGT BASILONE,,,31.0,29.86104,-90.01586,2025-01-01 01:42:50+00:00,63.0,738537.1335287,22787.270184736957,True,False,False,False
200000000,2025-01-01 01:44:58+00:00,-90.01586,29.86105,0.0,220.6,76.0,GYSGT BASILONE,,,31.0,27.85362,-97.23516,2025-01-01 01:43:53+00:00,65.0,738537.4346466641,22086.132414824177,True,False,False,False
200000000,2025-01-01 01:46:03+00:00,-97.23515,27.85358,0.0,,,GYSGT BASILONE,,,31.0,29.86105,-90.01586,2025-01-01 01:44:58+00:00,65.0,738537.9662401568,22086.14831225025,True,False,False,False
200000000,2025-01-01 01:47:09+00:00,-90.01586,29.86104,0.0,220.6,77.0,GYSGT BASILONE,,,31.0,27.85358,-97.23515,2025-01-01 01:46:03+00:00,66.0,738537.6651156624,21751.500832703477,True,False,False,False
200000000,2025-01-01 01:48:12+00:00,-97.23514,27.85359,0.0,,,GYSGT BASILONE,,,31.0,29.86104,-90.01586,2025-01-01 01:47:09+00:00,63.0,738536.3698768459,22787.246622562037,True,False,False,False
200000000,2025-01-01 02:00:04+00:00,-97.23507,27.8536,0.0,,,GYSGT BASILONE,,,31.0,27.85359,-97.23514,2025-01-01 01:48:12+00:00,712.0,6.983104404257218,0.0190646596420945,False,False,True,True
200000000,2025-01-01 02:01:08+00:00,-90.01585,29.86103,0.0,220.6,76.0,GYSGT BASILONE,,,31.0,27.8536,-97.23507,2025-01-01 02:00:04+00:00,64.0,738530.1241578842,22431.006195985337,True,False,False,False
200000000,2025-01-01 02:02:14+00:00,-97.23518,27.8536,0.0,,,GYSGT BASILONE,,,31.0,29.86103,-90.01585,2025-01-01 02:01:08+00:00,66.0,738540.352753968,21751.57998935262,True,False,False,False
200000000,2025-01-01 02:03:19+00:00,-90.01585,29.86103,0.0,220.6,75.0,GYSGT BASILONE,,,31.0,27.8536,-97.23518,2025-01-01 02:02:14+00:00,65.0,738540.352753968,22086.21968149651,True,False,False,False
200000000,2025-01-01 02:04:24+00:00,-97.23515,27.85359,0.0,,,GYSGT BASILONE,,,31.0,29.86103,-90.01585,2025-01-01 02:03:19+00:00,65.0,738537.9284992769,22086.14718360053,True,False,False,False
200000000,2025-01-01 02:05:29+00:00,-90.01585,29.86104,0.0,220.6,76.0,GYSGT BASILONE,,,31.0,27.85359,-97.23515,2025-01-01 02:04:24+00:00,65.0,738538.2296202516,22086.156188692767,True,False,False,False
200000000,2025-01-01 02:06:34+00:00,-97.23518,27.85359,0.0,,,GYSGT BASILONE,,,31.0,29.86104,-90.01585,2025-01-01 02:05:29+00:00,65.0,738541.0192362231,22086.239612802157,True,False,False,False
200000000,2025-01-01 02:07:39+00:00,-90.01585,29.86103,0.0,220.6,76.0,GYSGT BASILONE,,,31.0,27.85359,-97.23518,2025-01-01 02:06:34+00:00,65.0,738540.7181166601,22086.23060775213,True,False,False,False
200000000,2025-01-01 02:08:43+00:00,-97.23516,27.8536,0.0,,,GYSGT BASILONE,,,31.0,29.86103,-90.01585,2025-01-01 02:07:39+00:00,64.0,738538.4930081842,22431.260378891075,True,False,False,False
200000000,2025-01-01 02:09:49+00:00,-90.01586,29.86104,0.0,220.6,76.0,GYSGT BASILONE,,,31.0,27.8536,-97.23516,2025-01-01 02:08:43+00:00,66.0,738537.864254925,21751.50669777717,True,False,False,False
200000000,2025-01-01 02:10:53+00:00,-97.2352,27.85364,0.0,,,GYSGT BASILONE,,,31.0,29.86104,-90.01586,2025-01-01 02:09:49+00:00,64.0,738540.1223040242,22431.309864678973,True,False,False,False
200000000,2025-01-01 02:11:54+00:00,-97.23517,27.85362,0.0,,,GYSGT BASILONE,,,31.0,27.85364,-97.2352,2025-01-01 02:10:53+00:00,61.0,3.693672089322992,0.1177034025263869,False,False,False,True
200000000,2025-01-01 02:12:58+00:00,-90.01587,29.86104,0.0,220.6,76.0,GYSGT BASILONE,,,31.0,27.85362,-97.23517,2025-01-01 02:11:54+00:00,64.0,738537.1335287,22431.21908810044,True,False,False,False
200000000,2025-01-01 02:14:03+00:00,-97.23516,27.85362,0.0,,,GYSGT BASILONE,,,31.0,29.86104,-90.01587,2025-01-01 02:12:58+00:00,65.0,738536.2036558217,22086.095601758963,True,False,False,False
200000000,2025-01-01 02:15:09+00:00,-90.01587,29.86103,0.0,220.6,76.0,GYSGT BASILONE,,,31.0,27.85362,-97.23516,2025-01-01 02:14:03+00:00,66.0,738535.9025389217,21751.44892107966,True,False,False,False
200000000,2025-01-01 02:16:13+00:00,-97.23516,27.85363,0.0,,,GYSGT BASILONE,,,31.0,29.86103,-90.01587,2025-01-01 02:15:09+00:00,64.0,738535.5371791633,22431.170602974136,True,False,False,False
200000000,2025-01-01 02:17:18+00:00,-90.01586,29.86105,0.0,220.6,75.0,GYSGT BASILONE,,,31.0,27.85363,-97.23516,2025-01-01 02:16:13+00:00,65.0,738537.0692842494,22086.121488576853,True,False,False,False
200000000,2025-01-01 02:18:23+00:00,-97.23515,27.85361,0.0,,,GYSGT BASILONE,,,31.0,29.86105,-90.01586,2025-01-01 02:17:18+00:00,65.0,738536.87013852,22086.115533077857,True,False,False,False
200000000,2025-01-01 02:19:29+00:00,-90.01587,29.86105,,,75.0,GYSGT BASILONE,,,31.0,27.85361,-97.23515,2025-01-01 02:18:23+00:00,66.0,738535.9402666005,21751.450032239827,True,False,False,False
200000000,2025-01-01 02:20:33+00:00,-97.23517,27.85362,0.0,,,GYSGT BASILONE,,,31.0,29.86105,-90.01587,2025-01-01 02:19:29+00:00,64.0,738537.4346466641,22431.228233805803,True,False,False,False
200000000,2025-01-01 02:21:39+00:00,-90.01587,29.86105,0.0,220.6,76.0,GYSGT BASILONE,,,31.0,27.85362,-97.23517,2025-01-01 02:20:33+00:00,66.0,738537.4346466641,21751.4940449026,True,False,False,False
200000000,2025-01-01 02:22:42+00:00,-97.23519,27.85364,0.0,,,GYSGT BASILONE,,,31.0,29.86105,-90.01587,2025-01-01 02:21:39+00:00,63.0,738538.563669963,22787.31431117811,True,False,False,False
200000000,2025-01-01 02:23:50+00:00,-90.01587,29.86105,0.0,220.6,74.0,GYSGT BASILONE,,,31.0,27.85364,-97.23519,2025-01-01 02:22:42+00:00,68.0,738538.563669963,21111.77649417972,True,False,False,False
200000000,2025-01-01 02:24:53+00:00,-97.23516,27.85363,0.0,,,GYSGT BASILONE,,,31.0,29.86105,-90.01587,2025-01-01 02:23:50+00:00,63.0,738536.1394114692,22787.239511644293,True,False,False,False
200000000,2025-01-01 03:00:03+00:00,-97.23513,27.85362,0.0,,,GYSGT BASILONE,,,31.0,27.85363,-97.23516,2025-01-01 02:24:53+00:00,2110.0,3.155801920755352,0.0029072862585976,False,False,True,True
200000000,2025-01-01 03:01:14+00:00,-97.23515,27.85361,0.0,,,GYSGT BASILONE,,,31.0,27.85362,-97.23513,2025-01-01 03:00:03+00:00,71.0,2.260200670129121,0.0618798376144195,False,False,False,True
200000000,2025-01-01 03:20:29+00:00,-90.01586,29.86104,0.0,220.6,76.0,GYSGT BASILONE,,,31.0,27.85361,-97.23515,2025-01-01 03:01:14+00:00,1155.0,738536.5690185701,1242.9410600182316,True,False,True,False
200000000,2025-01-01 03:21:33+00:00,-97.23516,27.85363,0.0,,,GYSGT BASILONE,,,31.0,29.86104,-90.01586,2025-01-01 03:20:29+00:00,64.0,738536.7681678002,22431.20799117651,True,False,False,False
200000000,2025-01-01 03:22:39+00:00,-90.01586,29.86104,0.0,220.6,75.0,GYSGT BASILONE,,,31.0,27.85363,-97.23516,2025-01-01 03:21:33+00:00,66.0,738536.7681678002,21751.474415686316,True,False,False,False
200000000,2025-01-01 03:23:43+00:00,-97.23512,27.85359,0.0,,,GYSGT BASILONE,,,31.0,29.86104,-90.01586,2025-01-01 03:22:39+00:00,64.0,738534.5101339045,22431.13940904201,True,False,False,False
200000000,2025-01-01 03:24:49+00:00,-90.01586,29.86104,0.0,220.6,74.0,GYSGT BASILONE,,,31.0,27.85359,-97.23512,2025-01-01 03:23:43+00:00,66.0,738534.5101339045,21751.40791179832,True,False,False,False
200000000,2025-01-01 03:25:54+00:00,-97.23516,27.85362,0.0,,,GYSGT BASILONE,,,31.0,29.86104,-90.01586,2025-01-01 03:24:49+00:00,65.0,738537.1335287,22086.12340982197,True,False,False,False
200000000,2025-01-01 03:26:59+00:00,-90.01587,29.86104,0.0,220.6,76.0,GYSGT BASILONE,,,31.0,27.85362,-97.23516,2025-01-01 03:25:54+00:00,65.0,738536.2036558217,22086.095601758963,True,False,False,False
200000000,2025-01-01 03:28:03+00:00,-97.23518,27.85361,0.0,,,GYSGT BASILONE,,,31.0,29.86104,-90.01587,2025-01-01 03:26:59+00:00,64.0,738538.4287636952,22431.258427625333,True,False,False,False
200000000,2025-01-01 03:29:10+00:00,-90.01587,29.86104,0.0,220.6,76.0,GYSGT BASILONE,,,31.0,27.85361,-97.23518,2025-01-01 03:28:03+00:00,67.0,738538.4287636952,21426.873721910764,True,False,False,False
200000000,2025-01-01 03:30:13+00:00,-97.23513,27.85359,0.0,,,GYSGT BASILONE,,,31.0,29.86104,-90.01587,2025-01-01 03:29:10+00:00,63.0,738534.5101339045,22787.18924093157,True,False,False,False
200000000,2025-01-01 03:31:20+00:00,-90.01587,29.86104,0.0,220.6,76.0,GYSGT BASILONE,,,31.0,27.85359,-97.23513,2025-01-01 03:30:13+00:00,67.0,738534.5101339045,21426.760032517745,True,False,False,False
200000000,2025-01-01 03:32:23+00:00,-97.23516,27.85356,0.0,,,GYSGT BASILONE,,,31.0,29.86104,-90.01587,2025-01-01 03:31:20+00:00,63.0,738538.3958544298,22787.309133296425,True,False,False,False
200000000,2025-01-01 03:33:28+00:00,-90.01586,29.86103,0.0,220.6,76.0,GYSGT BASILONE,,,31.0,27.85356,-97.23516,2025-01-01 03:32:23+00:00,65.0,738539.0245995548,22086.179962732287,True,False,False,False
200000000,2025-01-01 03:34:33+00:00,-97.23514,27.85357,0.0,,,GYSGT BASILONE,,,31.0,29.86103,-90.01586,2025-01-01 03:33:28+00:00,65.0,738536.7994884672,22086.11342027172,True,False,False,False
200000000,2025-01-01 03:35:38+00:00,-90.01587,29.86104,0.0,220.6,76.0,GYSGT BASILONE,,,31.0,27.85357,-97.23514,2025-01-01 03:34:33+00:00,65.0,738536.1707426272,22086.09461748229,True,False,False,False
200000000,2025-01-01 03:36:42+00:00,-97.23516,27.8536,0.0,,,GYSGT BASILONE,,,31.0,29.86104,-90.01587,2025-01-01 03:35:38+00:00,64.0,738536.9343827915,22431.213039541337,True,False,False,False
200000000,2025-01-01 03:37:50+00:00,-90.01585,29.86104,0.0,220.6,75.0,GYSGT BASILONE,,,31.0,27.8536,-97.23516,2025-01-01 03:36:42+00:00,68.0,738538.7941271727,21111.783082002403,True,False,False,False
200000000,2025-01-01 03:38:53+00:00,-97.23516,27.85359,0.0,,,GYSGT BASILONE,,,31.0,29.86104,-90.01585,2025-01-01 03:37:50+00:00,63.0,738539.159492125,22787.33269503448,True,False,False,False
200000000,2025-01-01 03:39:59+00:00,-90.01586,29.86103,0.0,220.6,76.0,GYSGT BASILONE,,,31.0,27.85359,-97.23516,2025-01-01 03:38:53+00:00,66.0,738537.928499276,21751.508589909587,True,False,False,False
200000000,2025-01-01 03:41:02+00:00,-97.23516,27.85359,0.0,,,GYSGT BASILONE,,,31.0,29.86103,-90.01586,2025-01-01 03:39:59+00:00,63.0,738537.928499276,22787.29471323861,True,False,False,False
200000000,2025-01-01 03:42:08+00:00,-90.01587,29.86103,0.0,220.6,76.0,GYSGT BASILONE,,,31.0,27.85359,-97.23516,2025-01-01 03:41:02+00:00,66.0,738536.9986270462,21751.481203199965,True,False,False,False
200000000,2025-01-01 03:43:12+00:00,-97.23517,27.85362,0.0,,,GYSGT BASILONE,,,31.0,29.86103,-90.01587,2025-01-01 03:42:08+00:00,64.0,738536.8324122694,22431.20994244165,True,False,False,False
200000000,2025-01-01 03:44:18+00:00,-90.01586,29.86103,0.0,220.6,77.0,GYSGT BASILONE,,,31.0,27.85362,-97.23517,2025-01-01 03:43:12+00:00,66.0,738537.7622857329,21751.503694568168,True,False,False,False
200000000,2025-01-01 03:45:23+00:00,-97.23516,27.85361,0.0,,,GYSGT BASILONE,,,31.0,29.86103,-90.01586,2025-01-01 03:44:18+00:00,65.0,738537.1977731305,22086.12533106649,True,False,False,False
200000000,2025-01-01 03:46:24+00:00,-97.23513,27.8536,0.0,,,GYSGT BASILONE,,,31.0,27.85361,-97.23516,2025-01-01 03:45:23+00:00,61.0,3.15580242762313,0.100563524441163,False,False,False,True
200000000,2025-01-01 03:47:30+00:00,-90.01586,29.86103,0.0,220.6,76.0,GYSGT BASILONE,,,31.0,27.8536,-97.23513,2025-01-01 03:46:24+00:00,66.0,738534.7735180047,21751.415669018763,True,False,False,False
200000000,2025-01-01 03:48:33+00:00,-97.23514,27.85359,0.0,,,GYSGT BASILONE,,,31.0,29.86103,-90.01586,2025-01-01 03:47:30+00:00,63.0,738536.0687549321,22787.23733156488,True,False,False,False
200000000,2025-01-01 03:49:39+00:00,-90.01586,29.86103,0.0,220.6,76.0,GYSGT BASILONE,,,31.0,27.85359,-97.23514,2025-01-01 03:48:33+00:00,66.0,738536.0687549321,21751.453816493748,True,False,False,False
200000000,2025-01-01 03:50:42+00:00,-97.23515,27.85359,0.0,,,GYSGT BASILONE,,,31.0,29.86103,-90.01586,2025-01-01 03:49:39+00:00,63.0,738536.9986270462,22787.266022399963,True,False,False,False
200000000,2025-01-01 03:51:44+00:00,-97.23519,27.8536,0.0,,,GYSGT BASILONE,,,31.0,27.85359,-97.23515,2025-01-01 03:50:42+00:00,62.0,4.092664835906335,0.1283142841069059,False,False,False,True
200000000,2025-01-01 03:52:49+00:00,-90.01585,29.86105,0.0,220.6,76.0,GYSGT BASILONE,,,31.0,27.8536,-97.23519,2025-01-01 03:51:44+00:00,65.0,738541.8848637254,22086.26549959237,True,False,False,False
200000000,2025-01-01 03:53:53+00:00,-97.23517,27.85362,0.0,,,GYSGT BASILONE,,,31.0,29.86105,-90.01585,2025-01-01 03:52:49+00:00,64.0,738539.2943918271,22431.28471891577,True,False,False,False
200000000,2025-01-01 03:54:59+00:00,-90.01585,29.86105,0.0,220.6,76.0,GYSGT BASILONE,,,31.0,27.85362,-97.23517,2025-01-01 03:53:53+00:00,66.0,738539.2943918271,21751.54881834256,True,False,False,False
200000000,2025-01-01 03:56:03+00:00,-97.23513,27.85359,0.0,,,GYSGT BASILONE,,,31.0,29.86105,-90.01585,2025-01-01 03:54:59+00:00,64.0,738536.6710002951,22431.20503995646,True,False,False,False
200000000,2025-01-01 03:57:09+00:00,-90.01585,29.86105,0.0,220.6,76.0,GYSGT BASILONE,,,31.0,27.85359,-97.23513,2025-01-01 03:56:03+00:00,66.0,738536.6710002951,21751.471553897176,True,False,False,False
200000000,2025-01-01 03:58:13+00:00,-97.23515,27.8536,0.0,,,GYSGT BASILONE,,,31.0,29.86105,-90.01585,2025-01-01 03:57:09+00:00,64.0,738538.1653759204,22431.250427880143,True,False,False,False
200000000,2025-01-01 03:59:20+00:00,-90.01586,29.86103,0.0,220.6,77.0,GYSGT BASILONE,,,31.0,27.8536,-97.23515,2025-01-01 03:58:13+00:00,67.0,738536.6332628642,21426.82162987591,True,False,False,False
200000000,2025-01-01 04:00:00+00:00,-90.01585,29.86103,0.0,220.6,76.0,GYSGT BASILONE,,,31.0,29.86103,-90.01586,2025-01-01 03:59:20+00:00,40.0,0.966204317655273,0.0469536650207756,False,False,False,True
200000000,2025-01-01 04:01:04+00:00,-97.23516,27.85361,0.0,,,GYSGT BASILONE,,,31.0,29.86103,-90.01585,2025-01-01 04:00:00+00:00,64.0,738538.1276462204,22431.24928193483,True,False,False,False
200000000,2025-01-01 04:02:09+00:00,-90.01586,29.86103,0.0,220.6,77.0,GYSGT BASILONE,,,31.0,27.85361,-97.23516,2025-01-01 04:01:04+00:00,65.0,738537.1977731305,22086.12533106649,True,False,False,False
200000000,2025-01-01 04:03:14+00:00,-97.23516,27.85357,0.0,,,GYSGT BASILONE,,,31.0,29.86103,-90.01586,2025-01-01 04:02:09+00:00,65.0,738538.6592313204,22086.16903631092,True,False,False,False
200000000,2025-01-01 04:04:18+00:00,-90.01586,29.86104,0.0,220.6,76.0,GYSGT BASILONE,,,31.0,27.85357,-97.23516,2025-01-01 04:03:14+00:00,64.0,738538.9603553236,22431.274573392067,True,False,False,False
200000000,2025-01-01 04:05:23+00:00,-97.23515,27.8536,0.0,,,GYSGT BASILONE,,,31.0,29.86104,-90.01586,2025-01-01 04:04:18+00:00,65.0,738536.934382793,22086.117454317668,True,False,False,False
200000000,2025-01-01 04:06:28+00:00,-90.01586,29.86104,0.0,220.6,76.0,GYSGT BASILONE,,,31.0,27.8536,-97.23515,2025-01-01 04:05:23+00:00,65.0,738536.934382793,22086.117454317668,True,False,False,False
200000000,2025-01-01 04:07:39+00:00,-90.01585,29.86104,0.0,220.6,76.0,GYSGT BASILONE,,,31.0,29.86104,-90.01586,2025-01-01 04:06:28+00:00,71.0,0.9662042213269676,0.02645276638851,False,False,False,True
200000000,2025-01-01 04:08:44+00:00,-97.23514,27.85364,0.0,,,GYSGT BASILONE,,,31.0,29.86104,-90.01585,2025-01-01 04:07:39+00:00,65.0,738535.4729347525,22086.07374937676,True,False,False,False
200000000,2025-01-01 04:09:49+00:00,-90.01585,29.86104,0.0,220.6,76.0,GYSGT BASILONE,,,31.0,27.85364,-97.23514,2025-01-01 04:08:44+00:00,65.0,738535.4729347525,22086.07374937676,True,False,False,False
200000000,2025-01-01 04:10:53+00:00,-97.23515,27.8536,0.0,,,GYSGT BASILONE,,,31.0,29.86104,-90.01585,2025-01-01 04:09:49+00:00,64.0,738537.8642549262,22431.241282082745,True,False,False,False
200000000,2025-01-01 04:11:59+00:00,-90.01584,29.86103,0.0,220.6,76.0,GYSGT BASILONE,,,31.0,27.8536,-97.23515,2025-01-01 04:10:53+00:00,66.0,738538.4930081861,21751.52521589443,True,False,False,False
200000000,2025-01-01 04:13:03+00:00,-97.23519,27.85361,0.0,,,GYSGT BASILONE,,,31.0,29.86103,-90.01584,2025-01-01 04:11:59+00:00,64.0,738541.8471397414,22431.362252251794,True,False,False,False
200000000,2025-01-01 04:14:08+00:00,-90.01584,29.86104,0.0,220.6,77.0,GYSGT BASILONE,,,31.0,27.85361,-97.23519,2025-01-01 04:13:03+00:00,65.0,738542.1482553361,22086.27337637927,True,False,False,False
200000000,2025-01-01 04:15:12+00:00,-97.23516,27.85359,0.0,,,GYSGT BASILONE,,,31.0,29.86104,-90.01584,2025-01-01 04:14:08+00:00,64.0,738540.0893641162,22431.30886421162,True,False,False,False
200000000,2025-01-01 04:16:18+00:00,-90.01584,29.86103,0.0,220.6,76.0,GYSGT BASILONE,,,31.0,27.85359,-97.23516,2025-01-01 04:15:12+00:00,66.0,738539.7882440829,21751.563363339064,True,False,False,False
200000000,2025-01-01 04:17:24+00:00,-97.23516,27.85359,0.0,,,GYSGT BASILONE,,,31.0,29.86103,-90.01584,2025-01-01 04:16:18+00:00,66.0,738539.7882440829,21751.563363339064,True,False,False,False
200000000,2025-01-01 04:18:29+00:00,-90.01585,29.86103,0.0,220.6,76.0,GYSGT BASILONE,,,31.0,27.85359,-97.23516,2025-01-01 04:17:24+00:00,65.0,738538.8583716212,22086.17499164757,True,False,False,False
200000000,2025-01-01 04:19:34+00:00,-97.23514,27.8536,0.0,,,GYSGT BASILONE,,,31.0,29.86103,-90.01585,2025-01-01 04:18:29+00:00,65.0,738536.6332628642,22086.108449256702,True,False,False,False
200000000,2025-01-01 04:20:38+00:00,-90.01585,29.86104,0.0,220.6,76.0,GYSGT BASILONE,,,31.0,27.8536,-97.23514,2025-01-01 04:19:34+00:00,64.0,738536.934382793,22431.21303954138,True,False,False,False
200000000,2025-01-01 04:21:43+00:00,-97.23512,27.8536,0.0,,,GYSGT BASILONE,,,31.0,29.86104,-90.01585,2025-01-01 04:20:38+00:00,65.0,738535.0746388749,22086.061838246624,True,False,False,False
200000000,2025-01-01 04:22:49+00:00,-90.01584,29.86105,0.0,220.6,76.0,GYSGT BASILONE,,,31.0,27.8536,-97.23512,2025-01-01 04:21:43+00:00,66.0,738536.3056327109,21751.4607930468,True,False,False,False
200000000,2025-01-01 04:23:53+00:00,-97.23514,27.8536,0.0,,,GYSGT BASILONE,,,31.0,29.86105,-90.01584,2025-01-01 04:22:49+00:00,64.0,738538.1653759204,22431.250427880143,True,False,False,False
200000000,2025-01-01 04:25:00+00:00,-90.01585,29.86104,0.0,220.6,76.0,GYSGT BASILONE,,,31.0,27.8536,-97.23514,2025-01-01 04:23:53+00:00,67.0,738536.934382793,21426.83036612908,True,False,False,False
200000000,2025-01-01 04:26:03+00:00,-97.23515,27.85357,0.0,,,GYSGT BASILONE,,,31.0,29.86104,-90.01585,2025-01-01 04:25:00+00:00,63.0,738538.9603553249,22787.326550747537,True,False,False,False
200000000,2025-01-01 04:27:10+00:00,-90.01584,29.86103,0.0,220.6,76.0,GYSGT BASILONE,,,31.0,27.85357,-97.23515,2025-01-01 04:26:03+00:00,67.0,738539.5891029225,21426.90738629589,True,False,False,False
200000000,2025-01-01 04:28:13+00:00,-97.23512,27.85358,0.0,,,GYSGT BASILONE,,,31.0,29.86103,-90.01584,2025-01-01 04:27:10+00:00,63.0,738536.4341209618,22787.248604788736,True,False,False,False
200000000,2025-01-01 04:29:20+00:00,-90.01584,29.86104,0.0,220.6,77.0,GYSGT BASILONE,,,31.0,27.85358,-97.23512,2025-01-01 04:28:13+00:00,67.0,738536.7352443913,21426.82458861877,True,False,False,False
200000000,2025-01-01 04:30:23+00:00,-97.23515,27.85359,0.0,,,GYSGT BASILONE,,,31.0,29.86104,-90.01584,2025-01-01 04:29:20+00:00,63.0,738539.1594921261,22787.332695034514,True,False,False,False
200000000,2025-01-01 04:31:30+00:00,-90.01585,29.86104,0.0,220.6,76.0,GYSGT BASILONE,,,31.0,27.85359,-97.23515,2025-01-01 04:30:23+00:00,67.0,738538.2296202516,21426.867944254176,True,False,False,False
200000000,2025-01-01 04:32:33+00:00,-97.23516,27.85357,0.0,,,GYSGT BASILONE,,,31.0,29.86104,-90.01585,2025-01-01 04:31:30+00:00,63.0,738539.8902264538,22787.35524155222,True,False,False,False
200000000,2025-01-01 04:33:39+00:00,-90.01585,29.86104,0.0,220.6,75.0,GYSGT BASILONE,,,31.0,27.85357,-97.23516,2025-01-01 04:32:33+00:00,66.0,738539.8902264538,21751.56636693621,True,False,False,False
200000000,2025-01-01 04:34:43+00:00,-97.23514,27.8536,0.0,,,GYSGT BASILONE,,,31.0,29.86104,-90.01585,2025-01-01 04:33:39+00:00,64.0,738536.934382793,22431.21303954138,True,False,False,False
200000000,2025-01-01 04:35:48+00:00,-90.01583,29.86103,0.0,220.6,76.0,GYSGT BASILONE,,,31.0,27.8536,-97.23514,2025-01-01 04:34:43+00:00,65.0,738538.4930081861,22086.16406536973,True,False,False,False
200000000,2025-01-01 04:36:59+00:00,-90.01584,29.86103,0.0,220.6,77.0,GYSGT BASILONE,,,31.0,29.86103,-90.01583,2025-01-01 04:35:48+00:00,71.0,0.966204317655273,0.026452769025789,False,False,False,True
200000000,2025-01-01 04:38:03+00:00,-97.23517,27.85361,0.0,,,GYSGT BASILONE,,,31.0,29.86103,-90.01584,2025-01-01 04:36:59+00:00,64.0,738539.9873927507,22431.30576708632,True,False,False,False
200000000,2025-01-01 04:39:10+00:00,-90.01585,29.86102,0.0,220.6,76.0,GYSGT BASILONE,,,31.0,27.85361,-97.23517,2025-01-01 04:38:03+00:00,67.0,738538.7564039584,21426.883227586128,True,False,False,False
200000000,2025-01-01 04:40:14+00:00,-97.23517,27.85359,0.0,,,GYSGT BASILONE,,,31.0,29.86102,-90.01585,2025-01-01 04:39:10+00:00,64.0,738539.4871255843,22431.29057272181,True,False,False,False
200000000,2025-01-01 04:41:24+00:00,-97.23516,27.85359,0.0,,,GYSGT BASILONE,,,31.0,27.85359,-97.23517,2025-01-01 04:40:14+00:00,70.0,0.9849449241243946,0.027351076304428,False,False,False,True
200000000,2025-01-01 04:42:29+00:00,-90.01585,29.86103,0.0,220.6,76.0,GYSGT BASILONE,,,31.0,27.85359,-97.23516,2025-01-01 04:41:24+00:00,65.0,738538.8583716212,22086.17499164757,True,False,False,False
200000000,2025-01-01 04:43:33+00:00,-97.23515,27.8536,0.0,,,GYSGT BASILONE,,,31.0,29.86103,-90.01585,2025-01-01 04:42:29+00:00,64.0,738537.5631354671,22431.23213633197,True,False,False,False
200000000,2025-01-01 04:44:39+00:00,-90.01584,29.86103,0.0,220.6,77.0,GYSGT BASILONE,,,31.0,27.8536,-97.23515,2025-01-01 04:43:33+00:00,66.0,738538.4930081861,21751.52521589443,True,False,False,False
200000000,2025-01-01 04:45:43+00:00,-97.23512,27.85359,0.0,,,GYSGT BASILONE,,,31.0,29.86103,-90.01584,2025-01-01 04:44:39+00:00,64.0,738536.0687549321,22431.186748259177,True,False,False,False
200000000,2025-01-01 04:46:50+00:00,-90.01584,29.86104,0.0,220.6,73.0,GYSGT BASILONE,,,31.0,27.85359,-97.23512,2025-01-01 04:45:43+00:00,67.0,738536.3698768459,21426.813988379225,True,False,False,False
200000000,2025-01-01 04:47:52+00:00,-97.23516,27.8536,0.0,,,GYSGT BASILONE,,,31.0,29.86104,-90.01584,2025-01-01 04:46:50+00:00,62.0,738539.723999538,23154.888017730034,True,False,False,False
200000000,2025-01-01 04:48:58+00:00,-90.01584,29.86103,0.0,220.6,77.0,GYSGT BASILONE,,,31.0,27.8536,-97.23516,2025-01-01 04:47:52+00:00,66.0,738539.4228810184,21751.5526026218,True,False,False,False
200000000,2025-01-01 04:50:02+00:00,-97.23517,27.85357,0.0,,,GYSGT BASILONE,,,31.0,29.86103,-90.01584,2025-01-01 04:48:58+00:00,64.0,738541.4488464692,22431.350155089385,True,False,False,False
200000000,2025-01-01 04:51:08+00:00,-90.01586,29.86103,0.0,220.6,77.0,GYSGT BASILONE,,,31.0,27.85357,-97.23517,2025-01-01 04:50:02+00:00,66.0,738539.5891029207,21751.55749820941,True,False,False,False
200000000,2025-01-01 04:52:13+00:00,-97.23514,27.8536,0.0,,,GYSGT BASILONE,,,31.0,29.86103,-90.01586,2025-01-01 04:51:08+00:00,65.0,738535.7033903769,22086.08064120539,True,False,False,False
200000000,2025-01-01 04:53:18+00:00,-90.01585,29.86103,0.0,220.6,76.0,GYSGT BASILONE,,,31.0,27.8536,-97.23514,2025-01-01 04:52:13+00:00,65.0,738536.6332628642,22086.108449256702,True,False,False,False
200000000,2025-01-01 04:54:23+00:00,-97.23511,27.85359,0.0,,,GYSGT BASILONE,,,31.0,29.86103,-90.01585,2025-01-01 04:53:18+00:00,65.0,738534.2090110518,22086.03595144681,True,False,False,False
200000000,2025-01-01 04:55:34+00:00,-97.23513,27.85362,0.0,,,GYSGT BASILONE,,,31.0,27.85359,-97.23511,2025-01-01 04:54:23+00:00,71.0,3.8643046532579146,0.1057970416505473,False,False,False,True
200000000,2025-01-01 04:56:39+00:00,-90.01585,29.86103,0.0,220.6,76.0,GYSGT BASILONE,,,31.0,27.85362,-97.23513,2025-01-01 04:55:34+00:00,65.0,738534.9726656908,22086.05878871502,True,False,False,False
200000000,2025-01-01 04:57:43+00:00,-97.23509,27.8536,0.0,,,GYSGT BASILONE,,,31.0,29.86103,-90.01585,2025-01-01 04:56:39+00:00,64.0,738531.9839015863,22431.062681050927,True,False,False,False
200000000,2025-01-01 04:58:49+00:00,-90.01585,29.86102,0.0,220.6,77.0,GYSGT BASILONE,,,31.0,27.8536,-97.23509,2025-01-01 04:57:43+00:00,66.0,738531.6827808408,21751.324640253177,True,False,False,False
200000000,2025-01-01 04:59:53+00:00,-97.23509,27.85361,0.0,,,GYSGT BASILONE,,,31.0,29.86102,-90.01585,2025-01-01 04:58:49+00:00,64.0,738531.3174177844,22431.042438271656,True,False,False,False
200000000,2025-01-01 05:00:04+00:00,-97.2351,27.8536,0.0,,,GYSGT BASILONE,,,31.0,27.85361,-97.23509,2025-01-01 04:59:53+00:00,11.0,1.4826189908095984,0.2619976453723027,False,False,False,True
200000000,2025-01-01 05:01:09+00:00,-90.01586,29.86103,0.0,220.6,76.0,GYSGT BASILONE,,,31.0,27.8536,-97.2351,2025-01-01 05:00:04+00:00,65.0,738531.9839015863,22085.96940903476,True,False,False,False
200000000,2025-01-01 05:02:14+00:00,-97.23513,27.85362,0.0,,,GYSGT BASILONE,,,31.0,29.86103,-90.01586,2025-01-01 05:01:09+00:00,65.0,738534.0427925751,22086.03098064491,True,False,False,False
200000000,2025-01-01 05:03:18+00:00,-90.01585,29.86103,0.0,220.6,77.0,GYSGT BASILONE,,,31.0,27.85362,-97.23513,2025-01-01 05:02:14+00:00,64.0,738534.9726656908,22431.153457288696,True,False,False,False
200000000,2025-01-01 05:04:22+00:00,-97.23513,27.85361,0.0,,,GYSGT BASILONE,,,31.0,29.86103,-90.01585,2025-01-01 05:03:18+00:00,64.0,738535.3380272959,22431.164554234045,True,False,False,False
200000000,2025-01-01 05:05:28+00:00,-90.01585,29.86103,0.0,220.6,76.0,GYSGT BASILONE,,,31.0,27.85361,-97.23513,2025-01-01 05:04:22+00:00,66.0,738535.3380272959,21751.43229501483,True,False,False,False
200000000,2025-01-01 05:06:34+00:00,-97.23509,27.85358,0.0,,,GYSGT BASILONE,,,31.0,29.86103,-90.01585,2025-01-01 05:05:28+00:00,66.0,738532.7146351523,21751.35503055143,True,False,False,False
200000000,2025-01-01 05:07:40+00:00,-90.01585,29.86104,0.0,220.6,76.0,GYSGT BASILONE,,,31.0,27.85358,-97.23509,2025-01-01 05:06:34+00:00,66.0,738533.0157604618,21751.363899330547,True,False,False,False
200000000,2025-01-01 05:08:43+00:00,-97.23514,27.8536,0.0,,,GYSGT BASILONE,,,31.0,29.86104,-90.01585,2025-01-01 05:07:40+00:00,63.0,738536.934382793,22787.264040169022,True,False,False,False
200000000,2025-01-01 05:09:44+00:00,-97.23512,27.85361,0.0,,,GYSGT BASILONE,,,31.0,27.8536,-97.23514,2025-01-01 05:08:43+00:00,61.0,2.2602008279445585,0.0720240783178975,False,False,False,True
200000000,2025-01-01 05:10:49+00:00,-90.01586,29.86104,0.0,220.6,76.0,GYSGT BASILONE,,,31.0,27.85361,-97.23512,2025-01-01 05:09:44+00:00,65.0,738533.7794017477,22086.023103881435,True,False,False,False
200000000,2025-01-01 05:11:53+00:00,-97.23514,27.8536,0.0,,,GYSGT BASILONE,,,31.0,29.86104,-90.01586,2025-01-01 05:10:49+00:00,64.0,738536.004510776,22431.184797003545,True,False,False,False
200000000,2025-01-01 05:12:59+00:00,-90.01585,29.86104,0.0,220.6,77.0,GYSGT BASILONE,,,31.0,27.8536,-97.23514,2025-01-01 05:11:53+00:00,66.0,738536.934382793,21751.47931107043,True,False,False,False
200000000,2025-01-01 05:14:03+00:00,-97.23515,27.85359,0.0,,,GYSGT BASILONE,,,31.0,29.86104,-90.01585,2025-01-01 05:12:59+00:00,64.0,738538.2296202516,22431.25237914109,True,False,False,False
200000000,2025-01-01 05:15:08+00:00,-90.01584,29.86103,0.0,16.0,76.0,GYSGT BASILONE,,,31.0,27.85359,-97.23515,2025-01-01 05:14:03+00:00,65.0,738538.858371623,22086.174991647626,True,False,False,False
200000000,2025-01-01 05:16:13+00:00,-97.23512,27.85361,0.0,,,GYSGT BASILONE,,,31.0,29.86103,-90.01584,2025-01-01 05:15:08+00:00,65.0,738535.3380272959,22086.069714938138,True,False,False,False
200000000,2025-01-01 05:17:19+00:00,-90.01585,29.86103,0.0,16.0,75.0,GYSGT BASILONE,,,31.0,27.85361,-97.23512,2025-01-01 05:16:13+00:00,66.0,738534.4081545513,21751.40490829005,True,False,False,False
200000000,2025-01-01 05:18:23+00:00,-97.23515,27.85358,0.0,,,GYSGT BASILONE,,,31.0,29.86103,-90.01585,2025-01-01 05:17:19+00:00,64.0,738538.2938645611,22431.25433040138,True,False,False,False
200000000,2025-01-01 05:19:29+00:00,-90.01585,29.86103,0.0,16.0,75.0,GYSGT BASILONE,,,31.0,27.85358,-97.23515,2025-01-01 05:18:23+00:00,66.0,738538.2938645611,21751.519350692248,True,False,False,False
200000000,2025-01-01 05:20:33+00:00,-97.23511,27.85359,0.0,,,GYSGT BASILONE,,,31.0,29.86103,-90.01585,2025-01-01 05:19:29+00:00,64.0,738534.2090110518,22431.13026318817,True,False,False,False
200000000,2025-01-01 05:21:40+00:00,-90.01585,29.86102,0.0,16.0,76.0,GYSGT BASILONE,,,31.0,27.85359,-97.23511,2025-01-01 05:20:33+00:00,67.0,738533.9078897315,21426.742559886203,True,False,False,False
200000000,2025-01-01 05:22:44+00:00,-97.23514,27.85359,0.0,,,GYSGT BASILONE,,,31.0,29.86102,-90.01585,2025-01-01 05:21:40+00:00,64.0,738536.6975071374,22431.205845035533,True,False,False,False
200000000,2025-01-01 05:23:49+00:00,-90.01584,29.86103,0.0,16.0,77.0,GYSGT BASILONE,,,31.0,27.85359,-97.23514,2025-01-01 05:22:44+00:00,65.0,738537.9284992769,22086.14718360053,True,False,False,False
200000000,2025-01-01 05:24:54+00:00,-97.23514,27.85359,0.0,,,GYSGT BASILONE,,,31.0,29.86103,-90.01584,2025-01-01 05:23:49+00:00,65.0,738537.9284992769,22086.14718360053,True,False,False,False
200000000,2025-01-01 05:25:59+00:00,-90.01584,29.86103,0.0,16.0,76.0,GYSGT BASILONE,,,31.0,27.85359,-97.23514,2025-01-01 05:24:54+00:00,65.0,738537.9284992769,22086.14718360053,True,False,False,False
200000000,2025-01-01 05:27:03+00:00,-97.23515,27.8536,0.0,,,GYSGT BASILONE,,,31.0,29.86103,-90.01584,2025-01-01 05:25:59+00:00,64.0,738538.4930081861,22431.260378891133,True,False,False,False
200000000,2025-01-01 05:28:09+00:00,-90.01584,29.86103,0.0,16.0,77.0,GYSGT BASILONE,,,31.0,27.8536,-97.23515,2025-01-01 05:27:03+00:00,66.0,738538.4930081861,21751.52521589443,True,False,False,False
200000000,2025-01-01 05:29:13+00:00,-97.23515,27.85356,0.0,,,GYSGT BASILONE,,,31.0,29.86103,-90.01584,2025-01-01 05:28:09+00:00,64.0,738539.9544707848,22431.30476716391,True,False,False,False
200000000,2025-01-01 05:30:16+00:00,-90.01584,29.86104,0.1,16.0,76.0,GYSGT BASILONE,,,31.0,27.85356,-97.23515,2025-01-01 05:29:13+00:00,63.0,738540.255595832,22787.3665148794,True,False,False,False
200000000,2025-01-01 05:31:20+00:00,-90.01585,29.86103,0.0,16.0,77.0,GYSGT BASILONE,,,31.0,29.86104,-90.01584,2025-01-01 05:30:16+00:00,64.0,1.4704846956685107,0.0446622964191918,False,False,False,True
200000000,2025-01-01 05:32:24+00:00,-97.2351,27.85359,0.0,,,GYSGT BASILONE,,,31.0,29.86103,-90.01585,2025-01-01 05:31:20+00:00,64.0,738533.2791392838,22431.102020657898,True,False,False,False
200000000,2025-01-01 05:33:28+00:00,-90.01584,29.86105,0.0,16.0,69.0,GYSGT BASILONE,,,31.0,27.85359,-97.2351,2025-01-01 05:32:24+00:00,64.0,738534.8112582942,22431.148554942534,True,False,False,False
200000000,2025-01-01 05:34:38+00:00,-90.01585,29.86103,0.0,203.6,76.0,GYSGT BASILONE,,,31.0,29.86105,-90.01584,2025-01-01 05:33:28+00:00,70.0,2.4183979846651065,0.0671568391215917,False,False,False,True
200000000,2025-01-01 05:35:44+00:00,-97.23515,27.85358,0.0,,,GYSGT BASILONE,,,31.0,29.86103,-90.01585,2025-01-01 05:34:38+00:00,66.0,738538.2938645611,21751.519350692248,True,False,False,False
200000000,2025-01-01 05:36:50+00:00,-90.01585,29.86104,0.0,203.6,72.0,GYSGT BASILONE,,,31.0,27.85358,-97.23515,2025-01-01 05:35:44+00:00,66.0,738538.5949870504,21751.528219388307,True,False,False,False
200000000,2025-01-01 05:37:53+00:00,-97.23513,27.85359,0.0,,,GYSGT BASILONE,,,31.0,29.86104,-90.01585,2025-01-01 05:36:50+00:00,63.0,738536.3698768459,22787.246622562037,True,False,False,False
200000000,2025-01-01 05:39:00+00:00,-90.01584,29.86103,0.0,203.6,76.0,GYSGT BASILONE,,,31.0,27.85359,-97.23513,2025-01-01 05:37:53+00:00,67.0,738536.9986270462,21426.83223001788,True,False,False,False
200000000,2025-01-01 05:40:03+00:00,-97.23514,27.85359,0.0,,,GYSGT BASILONE,,,31.0,29.86103,-90.01584,2025-01-01 05:39:00+00:00,63.0,738537.9284992769,22787.29471323864,True,False,False,False
200000000,2025-01-01 05:41:09+00:00,-90.01584,29.86105,0.0,203.6,74.0,GYSGT BASILONE,,,31.0,27.85359,-97.23514,2025-01-01 05:40:03+00:00,66.0,738538.5307427583,21751.526327257627,True,False,False,False
200000000,2025-01-01 05:42:10+00:00,-90.01585,29.86104,0.0,203.6,75.0,GYSGT BASILONE,,,31.0,29.86105,-90.01584,2025-01-01 05:41:09+00:00,61.0,1.4704846342548366,0.0468588008434413,False,False,False,True
200000000,2025-01-01 05:43:12+00:00,-97.23512,27.8536,0.0,,,GYSGT BASILONE,,,31.0,29.86104,-90.01585,2025-01-01 05:42:10+00:00,62.0,738535.0746388749,23154.74224977469,True,False,False,False
200000000,2025-01-01 05:44:19+00:00,-90.01584,29.86105,0.0,203.6,72.0,GYSGT BASILONE,,,31.0,27.8536,-97.23512,2025-01-01 05:43:12+00:00,67.0,738536.3056327109,21426.812124493863,True,False,False,False
200000000,2025-01-01 05:45:24+00:00,-97.23514,27.8536,0.0,,,GYSGT BASILONE,,,31.0,29.86105,-90.01584,2025-01-01 05:44:19+00:00,65.0,738538.1653759204,22086.154267451213,True,False,False,False
200000000,2025-01-01 05:46:28+00:00,-90.01585,29.86103,0.0,203.6,76.0,GYSGT BASILONE,,,31.0,27.8536,-97.23514,2025-01-01 05:45:24+00:00,64.0,738536.6332628642,22431.203893776343,True,False,False,False
200000000,2025-01-01 05:47:33+00:00,-97.23515,27.85359,0.0,,,GYSGT BASILONE,,,31.0,29.86103,-90.01585,2025-01-01 05:46:28+00:00,65.0,738537.9284992769,22086.14718360053,True,False,False,False
200000000,2025-01-01 05:48:38+00:00,-90.01586,29.86104,0.0,203.6,76.0,GYSGT BASILONE,,,31.0,27.85359,-97.23515,2025-01-01 05:47:33+00:00,65.0,738537.2997484908,22086.128380663176,True,False,False,False
200000000,2025-01-01 05:49:43+00:00,-97.23511,27.85358,0.0,,,GYSGT BASILONE,,,31.0,29.86104,-90.01586,2025-01-01 05:48:38+00:00,65.0,738533.9456312708,22086.02807501368,True,False,False,False
200000000,2025-01-01 05:50:49+00:00,-90.01586,29.86104,0.0,203.6,76.0,GYSGT BASILONE,,,31.0,27.85358,-97.23511,2025-01-01 05:49:43+00:00,66.0,738533.9456312708,21751.391285998325,True,False,False,False
200000000,2025-01-01 05:51:53+00:00,-97.23517,27.85359,0.0,,,GYSGT BASILONE,,,31.0,29.86104,-90.01586,2025-01-01 05:50:49+00:00,64.0,738539.159492125,22431.280621674567,True,False,False,False
200000000,2025-01-01 05:52:58+00:00,-90.01586,29.86104,0.0,203.6,76.0,GYSGT BASILONE,,,31.0,27.85359,-97.23517,2025-01-01 05:51:53+00:00,65.0,738539.159492125,22086.18399672573,True,False,False,False
200000000,2025-01-01 05:54:03+00:00,-97.23514,27.85358,0.0,,,GYSGT BASILONE,,,31.0,29.86104,-90.01586,2025-01-01 05:52:58+00:00,65.0,738536.7352443913,22086.111499037805,True,False,False,False
200000000,2025-01-01 06:00:03+00:00,-97.23515,27.85358,0.0,,,GYSGT BASILONE,,,31.0,27.85358,-97.23514,2025-01-01 05:54:03+00:00,360.0,0.9849450144892838,0.0053182653249023,False,False,False,True
200000000,2025-01-01 06:01:13+00:00,-97.23514,27.85358,0.0,,,GYSGT BASILONE,,,31.0,27.85358,-97.23515,2025-01-01 06:00:03+00:00,70.0,0.9849450144892838,0.0273510788137835,False,False,False,True
200000000,2025-01-01 06:02:29+00:00,-90.01584,29.86104,0.0,203.6,74.0,GYSGT BASILONE,,,31.0,27.85358,-97.23514,2025-01-01 06:01:13+00:00,76.0,738538.5949870504,18889.48503262669,True,False,False,False
200000000,2025-01-01 06:03:33+00:00,-97.23513,27.85362,0.0,,,GYSGT BASILONE,,,31.0,29.86104,-90.01584,2025-01-01 06:02:29+00:00,64.0,738536.2036558236,22431.1908455365,True,False,False,False
200000000,2025-01-01 06:04:38+00:00,-90.01585,29.86104,0.0,203.6,77.0,GYSGT BASILONE,,,31.0,27.85362,-97.23513,2025-01-01 06:03:33+00:00,65.0,738535.2737830605,22086.06779369945,True,False,False,False
200000000,2025-01-01 06:05:40+00:00,-90.01584,29.86104,0.0,203.6,74.0,GYSGT BASILONE,,,31.0,29.86104,-90.01585,2025-01-01 06:04:38+00:00,62.0,0.9662042213269676,0.0302926840900679,False,False,False,True
200000000,2025-01-01 06:06:44+00:00,-97.23515,27.85364,0.0,,,GYSGT BASILONE,,,31.0,29.86104,-90.01584,2025-01-01 06:05:40+00:00,64.0,738537.3326821147,22431.22513688753,True,False,False,False
200000000,2025-01-01 06:07:50+00:00,-90.01583,29.86103,0.0,203.6,76.0,GYSGT BASILONE,,,31.0,27.85364,-97.23515,2025-01-01 06:06:44+00:00,66.0,738537.9614435089,21751.509560187125,True,False,False,False
200000000,2025-01-01 06:08:52+00:00,-97.23514,27.85362,0.0,,,GYSGT BASILONE,,,31.0,29.86103,-90.01583,2025-01-01 06:07:50+00:00,62.0,738537.7622857346,23154.82651357262,True,False,False,False
200000000,2025-01-01 06:09:59+00:00,-90.01584,29.86103,0.0,203.6,73.0,GYSGT BASILONE,,,31.0,27.85362,-97.23514,2025-01-01 06:08:52+00:00,67.0,738536.8324122708,21426.8274077055,True,False,False,False
200000000,2025-01-01 06:11:04+00:00,-97.23515,27.85364,0.0,,,GYSGT BASILONE,,,31.0,29.86103,-90.01584,2025-01-01 06:09:59+00:00,65.0,738537.0315691847,22086.120360699137,True,False,False,False
200000000,2025-01-01 06:12:19+00:00,-90.01586,29.86103,0.0,203.6,76.0,GYSGT BASILONE,,,31.0,27.85364,-97.23515,2025-01-01 06:11:04+00:00,75.0,738535.1718208811,19141.256111897357,True,False,False,False
200000000,2025-01-01 06:13:23+00:00,-97.23511,27.85361,0.0,,,GYSGT BASILONE,,,31.0,29.86103,-90.01586,2025-01-01 06:12:19+00:00,64.0,738532.5484094121,22431.07982656487,True,False,False,False
200000000,2025-01-01 06:14:29+00:00,-90.01586,29.86103,0.0,203.6,76.0,GYSGT BASILONE,,,31.0,27.85361,-97.23511,2025-01-01 06:13:23+00:00,66.0,738532.5484094121,21751.35013485078,True,False,False,False
200000000,2025-01-01 06:15:33+00:00,-97.23516,27.85359,0.0,,,GYSGT BASILONE,,,31.0,29.86103,-90.01586,2025-01-01 06:14:29+00:00,64.0,738537.928499276,22431.243233344263,True,False,False,False
200000000,2025-01-01 06:16:39+00:00,-90.01586,29.86104,0.0,203.6,76.0,GYSGT BASILONE,,,31.0,27.85359,-97.23516,2025-01-01 06:15:33+00:00,66.0,738538.229620249,21751.517458560986,True,False,False,False
200000000,2025-01-01 06:17:43+00:00,-97.23509,27.85361,0.0,,,GYSGT BASILONE,,,31.0,29.86104,-90.01586,2025-01-01 06:16:39+00:00,64.0,738530.9897859686,22431.03248727433,True,False,False,False
200000000,2025-01-01 06:18:49+00:00,-90.01586,29.86104,0.0,203.6,76.0,GYSGT BASILONE,,,31.0,27.85361,-97.23509,2025-01-01 06:17:43+00:00,66.0,738530.9897859686,21751.3042300842,True,False,False,False
200000000,2025-01-01 06:19:53+00:00,-97.23506,27.85362,0.0,,,GYSGT BASILONE,,,31.0,29.86104,-90.01586,2025-01-01 06:18:49+00:00,64.0,738527.8348051283,22430.93666261876,True,False,False,False
200000000,2025-01-01 06:20:58+00:00,-90.01585,29.86103,0.0,203.6,76.0,GYSGT BASILONE,,,31.0,27.85362,-97.23506,2025-01-01 06:19:53+00:00,65.0,738528.4635563041,22085.864132296712,True,False,False,False
200000000,2025-01-01 06:22:04+00:00,-97.23511,27.85363,0.0,,,GYSGT BASILONE,,,31.0,29.86103,-90.01585,2025-01-01 06:20:58+00:00,66.0,738532.747558698,21751.35600021969,True,False,False,False
200000000,2025-01-01 06:23:08+00:00,-90.01585,29.86103,0.0,203.6,76.0,GYSGT BASILONE,,,31.0,27.85363,-97.23511,2025-01-01 06:22:04+00:00,64.0,738532.747558698,22431.08587522656,True,False,False,False
200000000,2025-01-01 06:24:09+00:00,-90.01585,29.86103,0.0,203.6,76.0,GYSGT BASILONE,,,31.0,29.86103,-90.01585,2025-01-01 06:23:08+00:00,61.0,0.0,0.0,False,False,False,True
200000000,2025-01-01 06:25:13+00:00,-97.23516,27.8536,0.0,,,GYSGT BASILONE,,,31.0,29.86103,-90.01585,2025-01-01 06:24:09+00:00,64.0,738538.4930081842,22431.260378891075,True,False,False,False
200000000,2025-01-01 06:26:18+00:00,-90.01585,29.86104,0.0,203.6,76.0,GYSGT BASILONE,,,31.0,27.8536,-97.23516,2025-01-01 06:25:13+00:00,65.0,738538.7941271727,22086.173070402518,True,False,False,False
200000000,2025-01-01 06:27:23+00:00,-97.23517,27.85359,0.0,,,GYSGT BASILONE,,,31.0,29.86104,-90.01585,2025-01-01 06:26:18+00:00,65.0,738540.0893641162,22086.21180476221,True,False,False,False
200000000,2025-01-01 06:28:29+00:00,-90.01584,29.86104,0.0,203.6,76.0,GYSGT BASILONE,,,31.0,27.85359,-97.23517,2025-01-01 06:27:23+00:00,66.0,738541.0192362231,21751.599618668788,True,False,False,False
200000000,2025-01-01 06:29:33+00:00,-97.23516,27.85363,0.0,,,GYSGT BASILONE,,,31.0,29.86104,-90.01584,2025-01-01 06:28:29+00:00,64.0,738538.6279146489,22431.264476337677,True,False,False,False
200000000,2025-01-01 06:30:39+00:00,-90.01584,29.86104,0.0,203.6,77.0,GYSGT BASILONE,,,31.0,27.85363,-97.23516,2025-01-01 06:29:33+00:00,66.0,738538.6279146489,21751.529189175923,True,False,False,False
200000000,2025-01-01 06:31:43+00:00,-97.23511,27.85362,0.0,,,GYSGT BASILONE,,,31.0,29.86104,-90.01584,2025-01-01 06:30:39+00:00,64.0,738534.3439104151,22431.13436041908,True,False,False,False
200000000,2025-01-01 06:32:48+00:00,-90.01583,29.86106,0.0,203.6,70.0,GYSGT BASILONE,,,31.0,27.85362,-97.23511,2025-01-01 06:31:43+00:00,65.0,738535.8760224059,22086.08580380605,True,False,False,False
200000000,2025-01-01 06:33:50+00:00,-90.01584,29.86105,0.0,203.6,76.0,GYSGT BASILONE,,,31.0,29.86106,-90.01583,2025-01-01 06:32:48+00:00,62.0,1.4704845721325497,0.0461030117853892,False,False,False,True
200000000,2025-01-01 06:34:53+00:00,-97.2351,27.85362,0.0,,,GYSGT BASILONE,,,31.0,29.86105,-90.01584,2025-01-01 06:33:50+00:00,63.0,738533.7151577297,22787.164712257163,True,False,False,False
200000000,2025-01-01 06:36:04+00:00,-97.23511,27.85362,0.0,,,GYSGT BASILONE,,,31.0,27.85362,-97.2351,2025-01-01 06:34:53+00:00,71.0,0.9849446530295488,0.0269658424555627,False,False,False,True
200000000,2025-01-01 06:37:08+00:00,-90.01584,29.86104,0.0,203.6,76.0,GYSGT BASILONE,,,31.0,27.85362,-97.23511,2025-01-01 06:36:04+00:00,64.0,738534.3439104151,22431.13436041908,True,False,False,False
200000000,2025-01-01 06:38:14+00:00,-97.23516,27.85366,0.0,,,GYSGT BASILONE,,,31.0,29.86104,-90.01584,2025-01-01 06:37:08+00:00,66.0,738537.5318430319,21751.496907541805,True,False,False,False
200000000,2025-01-01 06:39:19+00:00,-90.01585,29.86102,0.0,203.6,76.0,GYSGT BASILONE,,,31.0,27.85366,-97.23516,2025-01-01 06:38:14+00:00,65.0,738535.9997501652,22086.089503913245,True,False,False,False
200000000,2025-01-01 06:40:22+00:00,-97.23518,27.85361,0.0,,,GYSGT BASILONE,,,31.0,29.86102,-90.01585,2025-01-01 06:39:19+00:00,63.0,738539.6862777508,22787.348948795923,True,False,False,False
200000000,2025-01-01 06:41:29+00:00,-90.01585,29.86104,0.0,203.6,76.0,GYSGT BASILONE,,,31.0,27.85361,-97.23518,2025-01-01 06:40:22+00:00,67.0,738540.2885092843,21426.92767784906,True,False,False,False
200000000,2025-01-01 06:42:32+00:00,-97.23513,27.85364,0.0,,,GYSGT BASILONE,,,31.0,29.86104,-90.01585,2025-01-01 06:41:29+00:00,63.0,738534.5430612437,22787.19025689156,True,False,False,False
200000000,2025-01-01 06:43:39+00:00,-90.01585,29.86104,0.0,203.6,77.0,GYSGT BASILONE,,,31.0,27.85364,-97.23513,2025-01-01 06:42:32+00:00,67.0,738534.5430612437,21426.760987823403,True,False,False,False
200000000,2025-01-01 06:44:43+00:00,-97.23512,27.85364,0.0,,,GYSGT BASILONE,,,31.0,29.86104,-90.01585,2025-01-01 06:43:39+00:00,64.0,738533.6131878537,22431.11216654809,True,False,False,False
200000000,2025-01-01 06:45:49+00:00,-90.01585,29.86104,0.0,203.6,76.0,GYSGT BASILONE,,,31.0,27.85364,-97.23512,2025-01-01 06:44:43+00:00,66.0,738533.6131878537,21751.38149483451,True,False,False,False
200000000,2025-01-01 06:46:54+00:00,-97.23515,27.85364,0.0,,,GYSGT BASILONE,,,31.0,29.86104,-90.01585,2025-01-01 06:45:49+00:00,65.0,738536.4028083755,22086.101557462043,True,False,False,False
200000000,2025-01-01 06:47:59+00:00,-90.01584,29.86103,0.0,203.6,76.0,GYSGT BASILONE,,,31.0,27.85364,-97.23515,2025-01-01 06:46:54+00:00,65.0,738537.0315691847,22086.120360699137,True,False,False,False
200000000,2025-01-01 06:49:03+00:00,-97.23514,27.85364,0.0,,,GYSGT BASILONE,,,31.0,29.86103,-90.01584,2025-01-01 06:47:59+00:00,64.0,738536.1016949752,22431.187748730637,True,False,False,False
200000000,2025-01-01 06:50:08+00:00,-90.01584,29.86103,0.0,203.6,76.0,GYSGT BASILONE,,,31.0,27.85364,-97.23514,2025-01-01 06:49:03+00:00,65.0,738536.1016949752,22086.09255259632,True,False,False,False
200000000,2025-01-01 06:51:13+00:00,-97.23513,27.85363,0.0,,,GYSGT BASILONE,,,31.0,29.86103,-90.01584,2025-01-01 06:50:08+00:00,65.0,738535.5371791644,22086.07567062072,True,False,False,False
200000000,2025-01-01 06:52:18+00:00,-90.01583,29.86104,0.0,203.6,76.0,GYSGT BASILONE,,,31.0,27.85363,-97.23513,2025-01-01 06:51:13+00:00,65.0,738536.7681677998,22086.112483619934,True,False,False,False
200000000,2025-01-01 06:53:19+00:00,-90.01584,29.86105,0.0,203.6,76.0,GYSGT BASILONE,,,31.0,29.86104,-90.01583,2025-01-01 06:52:18+00:00,61.0,1.4704846342548366,0.0468588008434413,False,False,False,True
200000000,2025-01-01 06:54:22+00:00,-97.23516,27.85364,0.0,,,GYSGT BASILONE,,,31.0,29.86105,-90.01584,2025-01-01 06:53:19+00:00,63.0,738538.563669963,22787.31431117811,True,False,False,False
200000000,2025-01-01 06:55:29+00:00,-90.01584,29.86104,0.0,203.6,76.0,GYSGT BASILONE,,,31.0,27.85364,-97.23516,2025-01-01 06:54:22+00:00,67.0,738538.2625559673,21426.86889980286,True,False,False,False
200000000,2025-01-01 06:56:33+00:00,-97.23513,27.85362,0.0,,,GYSGT BASILONE,,,31.0,29.86104,-90.01584,2025-01-01 06:55:29+00:00,64.0,738536.2036558236,22431.1908455365,True,False,False,False
200000000,2025-01-01 06:57:38+00:00,-90.01586,29.86106,0.0,203.6,76.0,GYSGT BASILONE,,,31.0,27.85362,-97.23513,2025-01-01 06:56:33+00:00,65.0,738534.9461506988,22086.05799577807,True,False,False,False
200000000,2025-01-01 06:58:43+00:00,-97.23516,27.85361,0.0,,,GYSGT BASILONE,,,31.0,29.86106,-90.01586,2025-01-01 06:57:38+00:00,65.0,738538.1011315674,22086.15234620901,True,False,False,False
200000000,2025-01-01 06:59:49+00:00,-90.01586,29.86105,0.0,203.6,76.0,GYSGT BASILONE,,,31.0,27.85361,-97.23516,2025-01-01 06:58:43+00:00,66.0,738537.8000105538,21751.504805644166,True,False,False,False
200000000,2025-01-01 07:00:03+00:00,-97.23514,27.85363,0.0,,,GYSGT BASILONE,,,31.0,29.86105,-90.01586,2025-01-01 06:59:49+00:00,14.0,738535.2095388058,102542.44869356517,True,False,False,False
200000000,2025-01-01 07:01:23+00:00,-97.23508,27.85359,0.0,,,GYSGT BASILONE,,,31.0,27.85363,-97.23514,2025-01-01 07:00:03+00:00,80.0,7.387345035258729,0.1794977096667166,False,False,False,True
200000000,2025-01-01 07:02:24+00:00,-97.23511,27.85363,0.0,,,GYSGT BASILONE,,,31.0,27.85359,-97.23508,2025-01-01 07:01:23+00:00,61.0,5.327262966389996,0.1697597843375005,False,False,False,True
200000000,2025-01-01 07:03:30+00:00,-90.01584,29.86105,0.0,203.6,77.0,GYSGT BASILONE,,,31.0,27.85363,-97.23511,2025-01-01 07:02:24+00:00,66.0,738534.2796662585,21751.40112403727,True,False,False,False
200000000,2025-01-01 07:04:33+00:00,-97.23516,27.8536,0.0,,,GYSGT BASILONE,,,31.0,29.86105,-90.01584,2025-01-01 07:03:30+00:00,63.0,738540.025119591,22787.35940362644,True,False,False,False
200000000,2025-01-01 07:05:34+00:00,-97.23513,27.85361,0.0,,,GYSGT BASILONE,,,31.0,27.8536,-97.23516,2025-01-01 07:04:33+00:00,61.0,3.15580242762313,0.100563524441163,False,False,False,True
200000000,2025-01-01 07:06:38+00:00,-90.01585,29.86104,0.0,203.6,77.0,GYSGT BASILONE,,,31.0,27.85361,-97.23513,2025-01-01 07:05:34+00:00,64.0,738535.6391461801,22431.17369996736,True,False,False,False
200000000,2025-01-01 07:07:44+00:00,-97.2351,27.85363,0.0,,,GYSGT BASILONE,,,31.0,29.86104,-90.01585,2025-01-01 07:06:38+00:00,66.0,738532.1188027062,21751.33748202201,True,False,False,False
200000000,2025-01-01 07:08:49+00:00,-90.01585,29.86104,0.0,203.6,77.0,GYSGT BASILONE,,,31.0,27.85363,-97.2351,2025-01-01 07:07:44+00:00,65.0,738532.1188027062,22085.973443283885,True,False,False,False
200000000,2025-01-01 07:09:53+00:00,-97.2352,27.85362,0.0,,,GYSGT BASILONE,,,31.0,29.86104,-90.01585,2025-01-01 07:08:49+00:00,64.0,738541.7828948247,22431.360300973065,True,False,False,False
200000000,2025-01-01 07:10:59+00:00,-90.01585,29.86103,0.0,203.6,77.0,GYSGT BASILONE,,,31.0,27.85362,-97.2352,2025-01-01 07:09:53+00:00,66.0,738541.4817807453,21751.61324158612,True,False,False,False
200000000,2025-01-01 07:12:02+00:00,-97.23514,27.85361,0.0,,,GYSGT BASILONE,,,31.0,29.86103,-90.01585,2025-01-01 07:10:59+00:00,63.0,738536.2679001567,22787.243476111755,True,False,False,False
200000000,2025-01-01 07:13:04+00:00,-90.01586,29.86105,0.1,203.6,75.0,GYSGT BASILONE,,,31.0,27.85361,-97.23514,2025-01-01 07:12:02+00:00,62.0,738535.9402666005,23154.76938915853,True,False,False,False
200000000,2025-01-01 07:14:10+00:00,-90.01585,29.86105,0.0,203.6,72.0,GYSGT BASILONE,,,31.0,29.86105,-90.01586,2025-01-01 07:13:04+00:00,66.0,0.9662041249986324,0.0284567610051112,False,False,False,True
200000000,2025-01-01 07:15:13+00:00,-97.23514,27.85363,0.0,,,GYSGT BASILONE,,,31.0,29.86105,-90.01585,2025-01-01 07:14:10+00:00,63.0,738536.1394114698,22787.23951164431,True,False,False,False
200000000,2025-01-01 07:16:18+00:00,-90.01585,29.86105,0.0,203.6,76.0,GYSGT BASILONE,,,31.0,27.85363,-97.23514,2025-01-01 07:15:13+00:00,65.0,738536.1394114698,22086.09368051679,True,False,False,False
200000000,2025-01-01 07:17:23+00:00,-97.23516,27.85361,0.0,,,GYSGT BASILONE,,,31.0,29.86105,-90.01585,2025-01-01 07:16:18+00:00,65.0,738538.729882704,22086.171149156853,True,False,False,False
200000000,2025-01-01 07:18:30+00:00,-90.01583,29.86105,0.1,203.6,71.0,GYSGT BASILONE,,,31.0,27.85361,-97.23516,2025-01-01 07:17:23+00:00,67.0,738540.5896273531,21426.93641404827,True,False,False,False
200000000,2025-01-01 07:19:33+00:00,-97.23514,27.85361,0.0,,,GYSGT BASILONE,,,31.0,29.86105,-90.01583,2025-01-01 07:18:30+00:00,63.0,738538.7298827069,22787.319439606366,True,False,False,False
200000000,2025-01-01 07:20:39+00:00,-90.01585,29.86104,0.0,203.6,76.0,GYSGT BASILONE,,,31.0,27.85361,-97.23514,2025-01-01 07:19:33+00:00,66.0,738536.5690185701,21751.46855031905,True,False,False,False
200000000,2025-01-01 07:21:42+00:00,-97.23514,27.85362,0.0,,,GYSGT BASILONE,,,31.0,29.86104,-90.01585,2025-01-01 07:20:39+00:00,63.0,738536.2036558236,22787.24149387835,True,False,False,False
200000000,2025-01-01 07:22:48+00:00,-90.01585,29.86105,0.0,203.6,76.0,GYSGT BASILONE,,,31.0,27.85362,-97.23514,2025-01-01 07:21:42+00:00,66.0,738536.5047742575,21751.46665818777,True,False,False,False
200000000,2025-01-01 07:23:53+00:00,-97.23516,27.85361,0.0,,,GYSGT BASILONE,,,31.0,29.86105,-90.01585,2025-01-01 07:22:48+00:00,65.0,738538.729882704,22086.171149156853,True,False,False,False
200000000,2025-01-01 07:24:59+00:00,-90.01585,29.86104,0.0,203.6,76.0,GYSGT BASILONE,,,31.0,27.85361,-97.23516,2025-01-01 07:23:53+00:00,66.0,738538.4287636952,21751.523323757898,True,False,False,False
200000000,2025-01-01 07:26:04+00:00,-97.23514,27.85362,0.0,,,GYSGT BASILONE,,,31.0,29.86104,-90.01585,2025-01-01 07:24:59+00:00,65.0,738536.2036558236,22086.095601759014,True,False,False,False
200000000,2025-01-01 07:27:09+00:00,-90.01584,29.86104,0.0,203.6,76.0,GYSGT BASILONE,,,31.0,27.85362,-97.23514,2025-01-01 07:26:04+00:00,65.0,738537.1335287006,22086.12340982199,True,False,False,False
200000000,2025-01-01 07:28:13+00:00,-97.23516,27.85362,0.0,,,GYSGT BASILONE,,,31.0,29.86104,-90.01584,2025-01-01 07:27:09+00:00,64.0,738538.993274803,22431.27557323896,True,False,False,False
200000000,2025-01-01 07:29:19+00:00,-90.01585,29.86104,0.0,203.6,76.0,GYSGT BASILONE,,,31.0,27.85362,-97.23516,2025-01-01 07:28:13+00:00,66.0,738538.0634016935,21751.512563071938,True,False,False,False
200000000,2025-01-01 07:30:23+00:00,-97.23517,27.85362,0.0,,,GYSGT BASILONE,,,31.0,29.86104,-90.01585,2025-01-01 07:29:19+00:00,64.0,738538.993274803,22431.27557323896,True,False,False,False
200000000,2025-01-01 07:31:29+00:00,-90.01585,29.86105,0.0,203.6,75.0,GYSGT BASILONE,,,31.0,27.85362,-97.23517,2025-01-01 07:30:23+00:00,66.0,738539.2943918271,21751.54881834256,True,False,False,False
200000000,2025-01-01 07:32:33+00:00,-97.23512,27.8536,0.0,,,GYSGT BASILONE,,,31.0,29.86105,-90.01585,2025-01-01 07:31:29+00:00,64.0,738535.3757612793,22431.16570030945,True,False,False,False
200000000,2025-01-01 07:33:38+00:00,-90.01584,29.86104,0.0,203.6,74.0,GYSGT BASILONE,,,31.0,27.8536,-97.23512,2025-01-01 07:32:33+00:00,65.0,738536.004510776,22086.08964628041,True,False,False,False
200000000,2025-01-01 07:34:42+00:00,-97.23517,27.85362,0.0,,,GYSGT BASILONE,,,31.0,29.86104,-90.01584,2025-01-01 07:33:38+00:00,64.0,738539.9231480277,22431.303815813477,True,False,False,False
200000000,2025-01-01 07:35:43+00:00,-97.23515,27.85361,0.0,,,GYSGT BASILONE,,,31.0,27.85362,-97.23517,2025-01-01 07:34:42+00:00,61.0,2.2602006690688343,0.0720240732551272,False,False,False,True
200000000,2025-01-01 07:36:49+00:00,-90.01584,29.86104,0.0,203.6,76.0,GYSGT BASILONE,,,31.0,27.85361,-97.23515,2025-01-01 07:35:43+00:00,66.0,738538.4287636965,21751.52332375793,True,False,False,False
200000000,2025-01-01 07:37:52+00:00,-97.23512,27.85361,0.0,,,GYSGT BASILONE,,,31.0,29.86104,-90.01584,2025-01-01 07:36:49+00:00,63.0,738535.6391461801,22787.224076157312,True,False,False,False
200000000,2025-01-01 07:38:59+00:00,-90.01583,29.86103,0.0,203.6,77.0,GYSGT BASILONE,,,31.0,27.85361,-97.23512,2025-01-01 07:37:52+00:00,67.0,738536.2679001567,21426.811029776727,True,False,False,False
200000000,2025-01-01 07:40:03+00:00,-97.23515,27.85361,0.0,,,GYSGT BASILONE,,,31.0,29.86103,-90.01583,2025-01-01 07:38:59+00:00,64.0,738539.0575194295,22431.27752450887,True,False,False,False
200000000,2025-01-01 07:41:09+00:00,-90.01584,29.86104,0.0,203.6,76.0,GYSGT BASILONE,,,31.0,27.85361,-97.23515,2025-01-01 07:40:03+00:00,66.0,738538.4287636965,21751.52332375793,True,False,False,False
200000000,2025-01-01 07:42:14+00:00,-97.23512,27.85361,0.0,,,GYSGT BASILONE,,,31.0,29.86104,-90.01584,2025-01-01 07:41:09+00:00,65.0,738535.6391461801,22086.07871996786,True,False,False,False
200000000,2025-01-01 07:43:22+00:00,-97.23514,27.85362,0.0,,,GYSGT BASILONE,,,31.0,27.85361,-97.23512,2025-01-01 07:42:14+00:00,68.0,2.260200670129121,0.0646098304503498,False,False,False,True
200000000,2025-01-01 07:44:29+00:00,-90.01584,29.86104,0.0,203.6,76.0,GYSGT BASILONE,,,31.0,27.85362,-97.23514,2025-01-01 07:43:22+00:00,67.0,738537.1335287006,21426.836143857152,True,False,False,False
200000000,2025-01-01 07:45:33+00:00,-97.23508,27.8536,0.0,,,GYSGT BASILONE,,,31.0,29.86104,-90.01584,2025-01-01 07:44:29+00:00,64.0,738532.285023866,22431.07182688737,True,False,False,False
200000000,2025-01-01 07:46:39+00:00,-90.01584,29.86104,0.0,203.6,76.0,GYSGT BASILONE,,,31.0,27.8536,-97.23508,2025-01-01 07:45:33+00:00,66.0,738532.285023866,21751.342377587756,True,False,False,False
200000000,2025-01-01 07:47:43+00:00,-97.23514,27.85359,0.0,,,GYSGT BASILONE,,,31.0,29.86104,-90.01584,2025-01-01 07:46:39+00:00,64.0,738538.2296202516,22431.25237914109,True,False,False,False
200000000,2025-01-01 07:48:49+00:00,-90.01584,29.86104,0.0,203.6,76.0,GYSGT BASILONE,,,31.0,27.85359,-97.23514,2025-01-01 07:47:43+00:00,66.0,738538.2296202516,21751.51745856106,True,False,False,False
200000000,2025-01-01 07:49:54+00:00,-97.23513,27.85361,0.0,,,GYSGT BASILONE,,,31.0,29.86104,-90.01584,2025-01-01 07:48:49+00:00,65.0,738536.5690185701,22086.10652801627,True,False,False,False
200000000,2025-01-01 07:50:59+00:00,-90.01585,29.86104,0.0,203.6,76.0,GYSGT BASILONE,,,31.0,27.85361,-97.23513,2025-01-01 07:49:54+00:00,65.0,738535.6391461801,22086.07871996786,True,False,False,False
200000000,2025-01-01 07:52:04+00:00,-97.23512,27.85363,0.0,,,GYSGT BASILONE,,,31.0,29.86104,-90.01585,2025-01-01 07:50:59+00:00,65.0,738533.9785483964,22086.02905940792,True,False,False,False
200000000,2025-01-01 07:53:08+00:00,-90.01584,29.86104,0.0,203.6,76.0,GYSGT BASILONE,,,31.0,27.85363,-97.23512,2025-01-01 07:52:04+00:00,64.0,738534.9084214156,22431.151506029444,True,False,False,False
200000000,2025-01-01 07:54:13+00:00,-97.23513,27.85359,0.0,,,GYSGT BASILONE,,,31.0,29.86104,-90.01584,2025-01-01 07:53:08+00:00,65.0,738537.2997484908,22086.128380663176,True,False,False,False
200000000,2025-01-01 07:55:14+00:00,-97.23514,27.8536,0.0,,,GYSGT BASILONE,,,31.0,27.85359,-97.23513,2025-01-01 07:54:13+00:00,61.0,1.482619050124984,0.0472454789245073,False,False,False,True
200000000,2025-01-01 07:56:23+00:00,-97.23516,27.85361,0.0,,,GYSGT BASILONE,,,31.0,27.8536,-97.23514,2025-01-01 07:55:14+00:00,69.0,2.2602008261787385,0.0636734604921634,False,False,False,True
200000000,2025-01-01 07:57:24+00:00,-97.2352,27.8536,0.0,,,GYSGT BASILONE,,,31.0,27.85361,-97.23516,2025-01-01 07:56:23+00:00,61.0,4.092664488640028,0.1304177858950497,False,False,False,True
200000000,2025-01-01 07:58:30+00:00,-90.01585,29.86104,0.0,203.6,76.0,GYSGT BASILONE,,,31.0,27.8536,-97.2352,2025-01-01 07:57:24+00:00,66.0,738542.5136173229,21751.64363136208,True,False,False,False
200000000,2025-01-01 07:59:33+00:00,-97.23517,27.8536,0.0,,,GYSGT BASILONE,,,31.0,29.86104,-90.01585,2025-01-01 07:58:30+00:00,63.0,738539.723999538,22787.35011268669,True,False,False,False
200000000,2025-01-01 08:00:04+00:00,-97.23516,27.85361,0.0,,,GYSGT BASILONE,,,31.0,27.8536,-97.23517,2025-01-01 07:59:33+00:00,31.0,1.4826189908095984,0.09296690642243,False,False,False,True
200000000,2025-01-01 08:01:09+00:00,-90.01584,29.86104,0.0,203.6,74.0,GYSGT BASILONE,,,31.0,27.85361,-97.23516,2025-01-01 08:00:04+00:00,65.0,738539.3586364322,22086.18995218219,True,False,False,False
200000000,2025-01-01 08:02:13+00:00,-97.23516,27.8536,0.0,,,GYSGT BASILONE,,,31.0,29.86104,-90.01584,2025-01-01 08:01:09+00:00,64.0,738539.723999538,22431.29776717597,True,False,False,False
200000000,2025-01-01 08:03:19+00:00,-90.01584,29.86104,0.0,203.6,71.0,GYSGT BASILONE,,,31.0,27.8536,-97.23516,2025-01-01 08:02:13+00:00,66.0,738539.723999538,21751.56147120094,True,False,False,False
200000000,2025-01-01 08:04:23+00:00,-97.23514,27.85359,0.0,,,GYSGT BASILONE,,,31.0,29.86104,-90.01584,2025-01-01 08:03:19+00:00,64.0,738538.2296202516,22431.25237914109,True,False,False,False
200000000,2025-01-01 08:05:29+00:00,-90.01584,29.86105,0.0,203.6,71.0,GYSGT BASILONE,,,31.0,27.85359,-97.23514,2025-01-01 08:04:23+00:00,66.0,738538.5307427583,21751.526327257627,True,False,False,False
200000000,2025-01-01 08:06:33+00:00,-97.23518,27.85361,0.0,,,GYSGT BASILONE,,,31.0,29.86105,-90.01584,2025-01-01 08:05:29+00:00,64.0,738541.5194998509,22431.35230100922,True,False,False,False
200000000,2025-01-01 08:07:39+00:00,-90.01584,29.86104,0.0,203.6,75.0,GYSGT BASILONE,,,31.0,27.85361,-97.23518,2025-01-01 08:06:33+00:00,66.0,738541.2183822524,21751.60548394178,True,False,False,False
200000000,2025-01-01 08:08:42+00:00,-97.23515,27.85359,0.0,,,GYSGT BASILONE,,,31.0,29.86104,-90.01584,2025-01-01 08:07:39+00:00,63.0,738539.1594921261,22787.332695034514,True,False,False,False
200000000,2025-01-01 08:09:53+00:00,-97.23513,27.85359,0.0,,,GYSGT BASILONE,,,31.0,27.85359,-97.23515,2025-01-01 08:08:42+00:00,71.0,1.9698898482487883,0.0539316997552102,False,False,False,True
200000000,2025-01-01 08:11:29+00:00,-90.01584,29.86104,0.0,203.6,76.0,GYSGT BASILONE,,,31.0,27.85359,-97.23513,2025-01-01 08:09:53+00:00,96.0,738537.2997484908,14954.149424407358,True,False,False,False
200000000,2025-01-01 08:12:34+00:00,-97.23516,27.85359,0.0,,,GYSGT BASILONE,,,31.0,29.86104,-90.01584,2025-01-01 08:11:29+00:00,65.0,738540.0893641162,22086.21180476221,True,False,False,False
200000000,2025-01-01 08:13:38+00:00,-90.01586,29.86103,0.0,203.6,76.0,GYSGT BASILONE,,,31.0,27.85359,-97.23516,2025-01-01 08:12:34+00:00,64.0,738537.928499276,22431.243233344263,True,False,False,False
200000000,2025-01-01 08:14:44+00:00,-97.23516,27.8536,0.0,,,GYSGT BASILONE,,,31.0,29.86103,-90.01586,2025-01-01 08:13:38+00:00,66.0,738537.5631354653,21751.497829170345,True,False,False,False
200000000,2025-01-01 08:15:49+00:00,-90.01585,29.86103,0.0,203.6,75.0,GYSGT BASILONE,,,31.0,27.8536,-97.23516,2025-01-01 08:14:44+00:00,65.0,738538.4930081842,22086.164065369678,True,False,False,False
200000000,2025-01-01 08:16:54+00:00,-97.23516,27.85361,0.0,,,GYSGT BASILONE,,,31.0,29.86103,-90.01585,2025-01-01 08:15:49+00:00,65.0,738538.1276462204,22086.15313913583,True,False,False,False
200000000,2025-01-01 08:17:59+00:00,-90.01585,29.86103,0.0,203.6,76.0,GYSGT BASILONE,,,31.0,27.85361,-97.23516,2025-01-01 08:16:54+00:00,65.0,738538.1276462204,22086.15313913583,True,False,False,False
200000000,2025-01-01 08:19:03+00:00,-97.23513,27.85362,0.0,,,GYSGT BASILONE,,,31.0,29.86103,-90.01585,2025-01-01 08:17:59+00:00,64.0,738534.9726656908,22431.153457288696,True,False,False,False
200000000,2025-01-01 08:20:09+00:00,-90.01585,29.86102,0.0,203.6,76.0,GYSGT BASILONE,,,31.0,27.85362,-97.23513,2025-01-01 08:19:03+00:00,66.0,738534.6715498546,21751.41266584044,True,False,False,False
200000000,2025-01-01 08:21:12+00:00,-97.23513,27.85361,0.0,,,GYSGT BASILONE,,,31.0,29.86102,-90.01585,2025-01-01 08:20:09+00:00,63.0,738535.0369099458,22787.205494397287,True,False,False,False
200000000,2025-01-01 08:22:20+00:00,-90.01586,29.86103,0.0,203.6,76.0,GYSGT BASILONE,,,31.0,27.85361,-97.23513,2025-01-01 08:21:12+00:00,68.0,738534.4081545513,21111.657705105044,True,False,False,False
200000000,2025-01-01 08:23:24+00:00,-97.23516,27.85361,0.0,,,GYSGT BASILONE,,,31.0,29.86103,-90.01586,2025-01-01 08:22:20+00:00,64.0,738537.1977731305,22431.221039364405,True,False,False,False
200000000,2025-01-01 08:24:29+00:00,-90.01585,29.86103,0.0,203.6,76.0,GYSGT BASILONE,,,31.0,27.85361,-97.23516,2025-01-01 08:23:24+00:00,65.0,738538.1276462204,22086.15313913583,True,False,False,False
200000000,2025-01-01 08:25:33+00:00,-97.23513,27.85366,0.0,,,GYSGT BASILONE,,,31.0,29.86103,-90.01585,2025-01-01 08:24:29+00:00,64.0,738533.5112340169,22431.10906995518,True,False,False,False
200000000,2025-01-01 08:26:39+00:00,-90.01584,29.86103,0.0,203.6,76.0,GYSGT BASILONE,,,31.0,27.85366,-97.23513,2025-01-01 08:25:33+00:00,66.0,738534.4411087391,21751.40587886078,True,False,False,False
200000000,2025-01-01 08:27:44+00:00,-97.23513,27.85361,0.0,,,GYSGT BASILONE,,,31.0,29.86103,-90.01584,2025-01-01 08:26:39+00:00,65.0,738536.2679001567,22086.097523000622,True,False,False,False
200000000,2025-01-01 08:28:49+00:00,-90.01585,29.86103,0.0,203.6,76.0,GYSGT BASILONE,,,31.0,27.85361,-97.23513,2025-01-01 08:27:44+00:00,65.0,738535.3380272959,22086.069714938138,True,False,False,False
200000000,2025-01-01 08:29:52+00:00,-97.23515,27.85361,0.0,,,GYSGT BASILONE,,,31.0,29.86103,-90.01585,2025-01-01 08:28:49+00:00,63.0,738537.1977731322,22787.27216697342,True,False,False,False
200000000,2025-01-01 08:30:59+00:00,-90.01585,29.86103,0.0,203.6,74.0,GYSGT BASILONE,,,31.0,27.85361,-97.23515,2025-01-01 08:29:52+00:00,67.0,738537.1977731322,21426.838007751125,True,False,False,False
200000000,2025-01-01 08:32:03+00:00,-97.23512,27.85364,0.0,,,GYSGT BASILONE,,,31.0,29.86103,-90.01585,2025-01-01 08:30:59+00:00,64.0,738533.3120730403,22431.10302093841,True,False,False,False
200000000,2025-01-01 08:33:10+00:00,-90.01585,29.86103,0.0,203.6,77.0,GYSGT BASILONE,,,31.0,27.85364,-97.23512,2025-01-01 08:32:03+00:00,67.0,738533.3120730403,21426.725273732216,True,False,False,False
200000000,2025-01-01 08:34:12+00:00,-97.23515,27.85362,0.0,,,GYSGT BASILONE,,,31.0,29.86103,-90.01585,2025-01-01 08:33:10+00:00,62.0,738536.8324122708,23154.797359939817,True,False,False,False
200000000,2025-01-01 08:35:19+00:00,-90.01585,29.86103,0.0,203.6,76.0,GYSGT BASILONE,,,31.0,27.85362,-97.23515,2025-01-01 08:34:12+00:00,67.0,738536.8324122708,21426.8274077055,True,False,False,False
200000000,2025-01-01 08:36:22+00:00,-97.23514,27.85364,0.0,,,GYSGT BASILONE,,,31.0,29.86103,-90.01585,2025-01-01 08:35:19+00:00,63.0,738535.1718208811,22787.20965702066,True,False,False,False
200000000,2025-01-01 08:37:23+00:00,-97.23518,27.85364,0.0,,,GYSGT BASILONE,,,31.0,27.85364,-97.23514,2025-01-01 08:36:22+00:00,61.0,3.9397778877983,0.1255458663838991,False,False,False,True
200000000,2025-01-01 08:38:29+00:00,-90.01585,29.86103,0.0,203.6,76.0,GYSGT BASILONE,,,31.0,27.85364,-97.23518,2025-01-01 08:37:23+00:00,66.0,738538.8913179479,21751.536946961813,True,False,False,False
200000000,2025-01-01 08:39:34+00:00,-97.23513,27.85361,0.0,,,GYSGT BASILONE,,,31.0,29.86103,-90.01585,2025-01-01 08:38:29+00:00,65.0,738535.3380272959,22086.069714938138,True,False,False,False
200000000,2025-01-01 08:40:38+00:00,-90.01586,29.86103,0.0,203.6,76.0,GYSGT BASILONE,,,31.0,27.85361,-97.23513,2025-01-01 08:39:34+00:00,64.0,738534.4081545513,22431.13631167411,True,False,False,False
200000000,2025-01-01 08:41:43+00:00,-97.23514,27.8536,0.0,,,GYSGT BASILONE,,,31.0,29.86103,-90.01586,2025-01-01 08:40:38+00:00,65.0,738535.7033903769,22086.08064120539,True,False,False,False
200000000,2025-01-01 08:42:48+00:00,-90.01583,29.86102,0.0,203.6,75.0,GYSGT BASILONE,,,31.0,27.8536,-97.23514,2025-01-01 08:41:43+00:00,65.0,738538.1918907315,22086.15506038276,True,False,False,False
200000000,2025-01-01 08:43:54+00:00,-97.23513,27.85362,0.0,,,GYSGT BASILONE,,,31.0,29.86102,-90.01583,2025-01-01 08:42:48+00:00,66.0,738536.5312973759,21751.467439349868,True,False,False,False
200000000,2025-01-01 08:45:00+00:00,-90.01585,29.86103,0.0,203.6,77.0,GYSGT BASILONE,,,31.0,27.85362,-97.23513,2025-01-01 08:43:54+00:00,66.0,738534.9726656908,21751.421534340552,True,False,False,False
200000000,2025-01-01 08:46:04+00:00,-97.23513,27.85362,0.0,,,GYSGT BASILONE,,,31.0,29.86103,-90.01585,2025-01-01 08:45:00+00:00,64.0,738534.9726656908,22431.153457288696,True,False,False,False
200000000,2025-01-01 08:47:09+00:00,-90.01584,29.86104,0.0,203.6,74.0,GYSGT BASILONE,,,31.0,27.85362,-97.23513,2025-01-01 08:46:04+00:00,65.0,738536.2036558236,22086.095601759014,True,False,False,False
200000000,2025-01-01 08:48:13+00:00,-97.23513,27.85364,0.0,,,GYSGT BASILONE,,,31.0,29.86104,-90.01584,2025-01-01 08:47:09+00:00,64.0,738535.4729347525,22431.16865171077,True,False,False,False
200000000,2025-01-01 08:49:18+00:00,-90.01584,29.86103,0.0,203.6,75.0,GYSGT BASILONE,,,31.0,27.85364,-97.23513,2025-01-01 08:48:13+00:00,65.0,738535.1718208811,22086.064744496944,True,False,False,False
200000000,2025-01-01 08:50:24+00:00,-97.23512,27.8536,0.0,,,GYSGT BASILONE,,,31.0,29.86103,-90.01584,2025-01-01 08:49:18+00:00,66.0,738535.7033903769,21751.44305573258,True,False,False,False
200000000,2025-01-01 08:51:30+00:00,-90.01585,29.86103,0.0,203.6,76.0,GYSGT BASILONE,,,31.0,27.8536,-97.23512,2025-01-01 08:50:24+00:00,66.0,738534.7735180047,21751.415669018763,True,False,False,False
200000000,2025-01-01 08:52:34+00:00,-97.23515,27.85361,0.0,,,GYSGT BASILONE,,,31.0,29.86103,-90.01585,2025-01-01 08:51:30+00:00,64.0,738537.1977731322,22431.22103936446,True,False,False,False
200000000,2025-01-01 08:53:38+00:00,-90.01585,29.86103,0.0,203.6,76.0,GYSGT BASILONE,,,31.0,27.85361,-97.23515,2025-01-01 08:52:34+00:00,64.0,738537.1977731322,22431.22103936446,True,False,False,False
200000000,2025-01-01 08:54:39+00:00,-90.01584,29.86102,0.0,203.6,76.0,GYSGT BASILONE,,,31.0,29.86103,-90.01585,2025-01-01 08:53:38+00:00,61.0,1.4704847581412013,0.0468588047912326,False,False,False,True
200000000,2025-01-01 08:55:43+00:00,-97.23516,27.85366,0.0,,,GYSGT BASILONE,,,31.0,29.86102,-90.01584,2025-01-01 08:54:39+00:00,64.0,738536.9296257047,22431.212895056717,True,False,False,False
200000000,2025-01-01 08:56:50+00:00,-90.01585,29.86103,0.0,203.6,76.0,GYSGT BASILONE,,,31.0,27.85366,-97.23516,2025-01-01 08:55:43+00:00,67.0,738536.3008585307,21426.81198598278,True,False,False,False
200000000,2025-01-01 08:57:54+00:00,-97.23514,27.85362,0.0,,,GYSGT BASILONE,,,31.0,29.86103,-90.01585,2025-01-01 08:56:50+00:00,64.0,738535.9025389227,22431.18169986343,True,False,False,False
200000000,2025-01-01 08:58:58+00:00,-90.01584,29.86103,0.0,203.6,76.0,GYSGT BASILONE,,,31.0,27.85362,-97.23514,2025-01-01 08:57:54+00:00,64.0,738536.8324122708,22431.209942441696,True,False,False,False
200000000,2025-01-01 08:59:59+00:00,-90.01584,29.86103,0.0,203.6,76.0,GYSGT BASILONE,,,31.0,29.86103,-90.01584,2025-01-01 08:58:58+00:00,61.0,0.0,0.0,False,False,False,True
200000000,2025-01-01 09:00:02+00:00,-97.23512,27.85359,0.0,,,GYSGT BASILONE,,,31.0,29.86103,-90.01584,2025-01-01 08:59:59+00:00,3.0,738536.0687549321,478531.9839628624,True,False,False,False
200000000,2025-01-01 09:01:08+00:00,-90.01584,29.86103,0.0,203.6,76.0,GYSGT BASILONE,,,31.0,27.85359,-97.23512,2025-01-01 09:00:02+00:00,66.0,738536.0687549321,21751.453816493748,True,False,False,False
200000000,2025-01-01 09:02:14+00:00,-97.23509,27.85359,0.0,,,GYSGT BASILONE,,,31.0,29.86103,-90.01584,2025-01-01 09:01:08+00:00,66.0,738533.2791392838,21751.37165639554,True,False,False,False
200000000,2025-01-01 09:03:18+00:00,-90.01585,29.86103,0.0,203.6,76.0,GYSGT BASILONE,,,31.0,27.85359,-97.23509,2025-01-01 09:02:14+00:00,64.0,738532.3492676322,22431.07377813116,True,False,False,False
200000000,2025-01-01 09:04:24+00:00,-97.23517,27.85362,0.0,,,GYSGT BASILONE,,,31.0,29.86103,-90.01585,2025-01-01 09:03:18+00:00,66.0,738538.6921593132,21751.531081317567,True,False,False,False
200000000,2025-01-01 09:05:28+00:00,-90.01583,29.86104,0.0,203.6,70.0,GYSGT BASILONE,,,31.0,27.85362,-97.23517,2025-01-01 09:04:24+00:00,64.0,738540.8530213684,22431.332058391512,True,False,False,False
200000000,2025-01-01 09:06:32+00:00,-97.23515,27.8536,0.0,,,GYSGT BASILONE,,,31.0,29.86104,-90.01583,2025-01-01 09:05:28+00:00,64.0,738539.7239995387,22431.297767175987,True,False,False,False
200000000,2025-01-01 09:07:39+00:00,-90.01584,29.86103,0.0,203.6,76.0,GYSGT BASILONE,,,31.0,27.8536,-97.23515,2025-01-01 09:06:32+00:00,67.0,738538.4930081861,21426.87558580645,True,False,False,False
200000000,2025-01-01 09:08:43+00:00,-97.23511,27.8536,0.0,,,GYSGT BASILONE,,,31.0,29.86103,-90.01584,2025-01-01 09:07:39+00:00,64.0,738534.7735180053,22431.147408675613,True,False,False,False
200000000,2025-01-01 09:09:49+00:00,-90.01584,29.86103,0.0,203.6,75.0,GYSGT BASILONE,,,31.0,27.8536,-97.23511,2025-01-01 09:08:43+00:00,66.0,738534.7735180053,21751.415669018777,True,False,False,False
200000000,2025-01-01 09:10:54+00:00,-97.23518,27.85361,0.0,,,GYSGT BASILONE,,,31.0,29.86103,-90.01584,2025-01-01 09:09:49+00:00,65.0,738540.9172661889,22086.236563364742,True,False,False,False
200000000,2025-01-01 09:11:59+00:00,-90.01585,29.86104,0.0,203.6,76.0,GYSGT BASILONE,,,31.0,27.85361,-97.23518,2025-01-01 09:10:54+00:00,65.0,738540.2885092843,22086.217760244417,True,False,False,False
200000000,2025-01-01 09:13:03+00:00,-97.23514,27.85361,0.0,,,GYSGT BASILONE,,,31.0,29.86104,-90.01585,2025-01-01 09:11:59+00:00,64.0,738536.5690185701,22431.20194251652,True,False,False,False
200000000,2025-01-01 09:14:09+00:00,-90.01586,29.86103,0.0,203.6,76.0,GYSGT BASILONE,,,31.0,27.85361,-97.23514,2025-01-01 09:13:03+00:00,66.0,738535.3380272959,21751.43229501483,True,False,False,False
200000000,2025-01-01 09:15:12+00:00,-97.23516,27.85361,0.0,,,GYSGT BASILONE,,,31.0,29.86103,-90.01586,2025-01-01 09:14:09+00:00,63.0,738537.1977731305,22787.27216697337,True,False,False,False
200000000,2025-01-01 09:16:13+00:00,-97.23514,27.8536,0.0,,,GYSGT BASILONE,,,31.0,27.85361,-97.23516,2025-01-01 09:15:12+00:00,61.0,2.2602008261787385,0.0720240782616275,False,False,False,True
200000000,2025-01-01 09:17:19+00:00,-90.01584,29.86104,0.0,203.6,75.0,GYSGT BASILONE,,,31.0,27.8536,-97.23514,2025-01-01 09:16:13+00:00,66.0,738537.8642549262,21751.506697777208,True,False,False,False
200000000,2025-01-01 09:18:23+00:00,-97.23516,27.8536,0.0,,,GYSGT BASILONE,,,31.0,29.86104,-90.01584,2025-01-01 09:17:19+00:00,64.0,738539.723999538,22431.29776717597,True,False,False,False
200000000,2025-01-01 09:19:28+00:00,-90.01584,29.86102,0.0,203.6,76.0,GYSGT BASILONE,,,31.0,27.8536,-97.23516,2025-01-01 09:18:23+00:00,65.0,738539.1217640348,22086.182868458483,True,False,False,False
200000000,2025-01-01 09:20:32+00:00,-97.23513,27.85359,0.0,,,GYSGT BASILONE,,,31.0,29.86102,-90.01584,2025-01-01 09:19:28+00:00,64.0,738536.6975071374,22431.205845035533,True,False,False,False
200000000,2025-01-01 09:21:39+00:00,-90.01583,29.86103,0.0,203.6,76.0,GYSGT BASILONE,,,31.0,27.85359,-97.23513,2025-01-01 09:20:32+00:00,67.0,738537.9284992769,21426.85920797066,True,False,False,False
200000000,2025-01-01 09:22:43+00:00,-97.23512,27.85362,0.0,,,GYSGT BASILONE,,,31.0,29.86103,-90.01583,2025-01-01 09:21:39+00:00,64.0,738535.9025389227,22431.18169986343,True,False,False,False
200000000,2025-01-01 09:23:59+00:00,-90.01584,29.86104,0.0,203.6,76.0,GYSGT BASILONE,,,31.0,27.85362,-97.23512,2025-01-01 09:22:43+00:00,76.0,738535.2737830605,18889.40008671664,True,False,False,False
200000000,2025-01-01 09:25:03+00:00,-97.23514,27.85357,0.0,,,GYSGT BASILONE,,,31.0,29.86104,-90.01584,2025-01-01 09:23:59+00:00,64.0,738538.9603553249,22431.274573392107,True,False,False,False
200000000,2025-01-01 09:26:09+00:00,-90.01584,29.86103,0.0,203.6,76.0,GYSGT BASILONE,,,31.0,27.85357,-97.23514,2025-01-01 09:25:03+00:00,66.0,738538.6592313221,21751.53011151838,True,False,False,False
200000000,2025-01-01 09:27:13+00:00,-97.23516,27.85359,0.0,,,GYSGT BASILONE,,,31.0,29.86103,-90.01584,2025-01-01 09:26:09+00:00,64.0,738539.7882440829,22431.29971844341,True,False,False,False
200000000,2025-01-01 09:28:23+00:00,-97.23515,27.85359,0.0,,,GYSGT BASILONE,,,31.0,27.85359,-97.23516,2025-01-01 09:27:13+00:00,70.0,0.984944922724704,0.0273510762655598,False,False,False,True
200000000,2025-01-01 09:29:30+00:00,-90.01583,29.86101,0.0,203.6,75.0,GYSGT BASILONE,,,31.0,27.85359,-97.23515,2025-01-01 09:28:23+00:00,67.0,738539.1860086207,21426.89569150742,True,False,False,False
200000000,2025-01-01 09:30:40+00:00,-90.01584,29.86101,0.0,203.6,76.0,GYSGT BASILONE,,,31.0,29.86101,-90.01583,2025-01-01 09:29:30+00:00,70.0,0.9662045103117954,0.026830671076064,False,False,False,True
200000000,2025-01-01 09:31:43+00:00,-97.23517,27.85361,0.0,,,GYSGT BASILONE,,,31.0,29.86101,-90.01584,2025-01-01 09:30:40+00:00,63.0,738539.3851642855,22787.33965805944,True,False,False,False
200000000,2025-01-01 09:32:59+00:00,-90.01584,29.86101,0.0,203.6,76.0,GYSGT BASILONE,,,31.0,27.85361,-97.23517,2025-01-01 09:31:43+00:00,76.0,738539.3851642855,18889.505242865063,True,False,False,False
200000000,2025-01-01 09:34:02+00:00,-97.23518,27.85357,0.0,,,GYSGT BASILONE,,,31.0,29.86101,-90.01584,2025-01-01 09:32:59+00:00,63.0,738541.7764787752,22787.413441119086,True,False,False,False
200000000,2025-01-01 09:35:03+00:00,-97.23517,27.85357,0.0,,,GYSGT BASILONE,,,31.0,27.85357,-97.23518,2025-01-01 09:34:02+00:00,61.0,0.9849451048541424,0.0313864867642569,False,False,False,True
200000000,2025-01-01 09:36:09+00:00,-90.01585,29.86101,0.0,203.6,77.0,GYSGT BASILONE,,,31.0,27.85357,-97.23517,2025-01-01 09:35:03+00:00,66.0,738539.9167331153,21751.56714761362,True,False,False,False
200000000,2025-01-01 09:37:13+00:00,-97.23517,27.85362,0.0,,,GYSGT BASILONE,,,31.0,29.86101,-90.01585,2025-01-01 09:36:09+00:00,64.0,738538.0899329379,22431.24813648816,True,False,False,False
200000000,2025-01-01 09:38:23+00:00,-97.2351,27.85361,0.0,,,GYSGT BASILONE,,,31.0,27.85362,-97.23517,2025-01-01 09:37:13+00:00,70.0,6.983103154575689,0.1939147890855772,False,False,False,True
200000000,2025-01-01 09:39:29+00:00,-90.01585,29.86103,0.0,13.0,77.0,GYSGT BASILONE,,,31.0,27.85361,-97.2351,2025-01-01 09:38:23+00:00,66.0,738532.5484094121,21751.35013485078,True,False,False,False
200000000,2025-01-01 09:40:30+00:00,-90.01585,29.86103,0.0,13.0,75.0,GYSGT BASILONE,,,31.0,29.86103,-90.01585,2025-01-01 09:39:29+00:00,61.0,0.0,0.0,False,False,False,True
200000000,2025-01-01 09:41:34+00:00,-97.23516,27.8536,0.0,,,GYSGT BASILONE,,,31.0,29.86103,-90.01585,2025-01-01 09:40:30+00:00,64.0,738538.4930081842,22431.260378891075,True,False,False,False
200000000,2025-01-01 09:42:39+00:00,-90.01585,29.86102,0.0,13.0,76.0,GYSGT BASILONE,,,31.0,27.8536,-97.23516,2025-01-01 09:41:34+00:00,65.0,738538.1918907296,22086.155060382705,True,False,False,False
200000000,2025-01-01 09:43:42+00:00,-97.23513,27.85359,0.0,,,GYSGT BASILONE,,,31.0,29.86102,-90.01585,2025-01-01 09:42:39+00:00,63.0,738535.767634553,22787.22804061507,True,False,False,False
200000000,2025-01-01 09:44:50+00:00,-90.01584,29.86104,0.0,13.0,76.0,GYSGT BASILONE,,,31.0,27.85359,-97.23513,2025-01-01 09:43:42+00:00,68.0,738537.2997484908,21111.74036386921,True,False,False,False
200000000,2025-01-01 09:45:58+00:00,-90.01585,29.86105,0.0,13.0,76.0,GYSGT BASILONE,,,31.0,29.86104,-90.01584,2025-01-01 09:44:50+00:00,68.0,1.4704846342548366,0.0420351007566164,False,False,False,True
200000000,2025-01-01 09:47:02+00:00,-97.23513,27.85361,0.0,,,GYSGT BASILONE,,,31.0,29.86105,-90.01585,2025-01-01 09:45:58+00:00,64.0,738535.9402666005,22431.182845747324,True,False,False,False
200000000,2025-01-01 09:48:09+00:00,-90.01585,29.86105,0.0,13.0,76.0,GYSGT BASILONE,,,31.0,27.85361,-97.23513,2025-01-01 09:47:02+00:00,67.0,738535.9402666005,21426.80152429595,True,False,False,False
200000000,2025-01-01 09:49:14+00:00,-97.23513,27.85361,0.0,,,GYSGT BASILONE,,,31.0,29.86105,-90.01585,2025-01-01 09:48:09+00:00,65.0,738535.9402666005,22086.08772504352,True,False,False,False
200000000,2025-01-01 09:50:19+00:00,-90.01585,29.86105,0.0,13.0,76.0,GYSGT BASILONE,,,31.0,27.85361,-97.23513,2025-01-01 09:49:14+00:00,65.0,738535.9402666005,22086.08772504352,True,False,False,False
200000000,2025-01-01 09:51:24+00:00,-97.23512,27.85362,0.0,,,GYSGT BASILONE,,,31.0,29.86105,-90.01585,2025-01-01 09:50:19+00:00,65.0,738534.6450297887,22086.048990687763,True,False,False,False
200000000,2025-01-01 09:52:29+00:00,-90.01586,29.86105,0.0,13.0,76.0,GYSGT BASILONE,,,31.0,27.85362,-97.23512,2025-01-01 09:51:24+00:00,65.0,738533.7151577278,22086.0211826492,True,False,False,False
200000000,2025-01-01 09:53:34+00:00,-97.2351,27.85358,0.0,,,GYSGT BASILONE,,,31.0,29.86105,-90.01586,2025-01-01 09:52:29+00:00,65.0,738533.3168873064,22086.00927228033,True,False,False,False
200000000,2025-01-01 09:54:40+00:00,-90.01585,29.86104,0.0,13.0,76.0,GYSGT BASILONE,,,31.0,27.85358,-97.2351,2025-01-01 09:53:34+00:00,66.0,738533.9456312708,21751.391285998325,True,False,False,False
200000000,2025-01-01 09:55:44+00:00,-97.23515,27.85364,0.0,,,GYSGT BASILONE,,,31.0,29.86104,-90.01585,2025-01-01 09:54:40+00:00,64.0,738536.4028083755,22431.196894297387,True,False,False,False
200000000,2025-01-01 09:56:49+00:00,-90.01584,29.86104,0.0,13.0,76.0,GYSGT BASILONE,,,31.0,27.85364,-97.23515,2025-01-01 09:55:44+00:00,65.0,738537.3326821147,22086.1293655508,True,False,False,False
200000000,2025-01-01 09:57:52+00:00,-97.23512,27.8536,0.0,,,GYSGT BASILONE,,,31.0,29.86104,-90.01584,2025-01-01 09:56:49+00:00,63.0,738536.004510776,22787.235349336934,True,False,False,False
200000000,2025-01-01 09:58:59+00:00,-90.01583,29.86104,0.0,13.0,77.0,GYSGT BASILONE,,,31.0,27.8536,-97.23512,2025-01-01 09:57:52+00:00,67.0,738536.934382793,21426.83036612908,True,False,False,False
200000000,2025-01-01 10:00:02+00:00,-97.23511,27.85364,0.0,,,GYSGT BASILONE,,,31.0,29.86104,-90.01583,2025-01-01 09:58:59+00:00,63.0,738534.5430612458,22787.19025689162,True,False,False,False
200000000,2025-01-01 10:01:03+00:00,-97.23511,27.85358,0.0,,,GYSGT BASILONE,,,31.0,27.85364,-97.23511,2025-01-01 10:00:02+00:00,61.0,6.6490256518793895,0.2118793774286759,False,False,False,True
200000000,2025-01-01 10:02:30+00:00,-90.01584,29.86104,0.0,13.0,76.0,GYSGT BASILONE,,,31.0,27.85358,-97.23511,2025-01-01 10:01:03+00:00,87.0,738535.8053732367,16501.097010536923,True,False,False,False
200000000,2025-01-01 10:03:34+00:00,-97.23511,27.85357,0.0,,,GYSGT BASILONE,,,31.0,29.86104,-90.01584,2025-01-01 10:02:30+00:00,64.0,738536.1707426287,22431.189845880494,True,False,False,False
200000000,2025-01-01 10:04:38+00:00,-90.01584,29.86105,0.0,13.0,76.0,GYSGT BASILONE,,,31.0,27.85357,-97.23511,2025-01-01 10:03:34+00:00,64.0,738536.4718695773,22431.19899185873,True,False,False,False
200000000,2025-01-01 10:05:40+00:00,-90.01583,29.86104,0.0,13.0,76.0,GYSGT BASILONE,,,31.0,29.86105,-90.01584,2025-01-01 10:04:38+00:00,62.0,1.4704846342548366,0.0461030137330632,False,False,False,True
200000000,2025-01-01 10:06:43+00:00,-97.23517,27.85362,0.0,,,GYSGT BASILONE,,,31.0,29.86104,-90.01583,2025-01-01 10:05:40+00:00,63.0,738540.8530213684,22787.38494820725,True,False,False,False
200000000,2025-01-01 10:07:50+00:00,-90.01584,29.86104,0.0,13.0,76.0,GYSGT BASILONE,,,31.0,27.85362,-97.23517,2025-01-01 10:06:43+00:00,67.0,738539.9231480277,21426.91707779197,True,False,False,False
200000000,2025-01-01 10:08:54+00:00,-97.2351,27.85358,0.0,,,GYSGT BASILONE,,,31.0,29.86104,-90.01584,2025-01-01 10:07:50+00:00,64.0,738534.8755021967,22431.15050619047,True,False,False,False
200000000,2025-01-01 10:10:02+00:00,-97.23514,27.8536,0.0,,,GYSGT BASILONE,,,31.0,27.85358,-97.2351,2025-01-01 10:08:54+00:00,68.0,4.520402125097762,0.1292196833360299,False,False,False,True
200000000,2025-01-01 10:11:08+00:00,-90.01584,29.86103,0.0,13.0,76.0,GYSGT BASILONE,,,31.0,27.8536,-97.23514,2025-01-01 10:10:02+00:00,66.0,738537.5631354671,21751.4978291704,True,False,False,False
200000000,2025-01-01 10:12:12+00:00,-97.23516,27.85359,0.0,,,GYSGT BASILONE,,,31.0,29.86103,-90.01584,2025-01-01 10:11:08+00:00,64.0,738539.7882440829,22431.29971844341,True,False,False,False
200000000,2025-01-01 10:13:18+00:00,-90.01584,29.86105,0.0,13.0,76.0,GYSGT BASILONE,,,31.0,27.85359,-97.23516,2025-01-01 10:12:12+00:00,66.0,738540.3904856847,21751.58110063172,True,False,False,False
200000000,2025-01-01 10:14:24+00:00,-97.23509,27.85359,0.0,,,GYSGT BASILONE,,,31.0,29.86105,-90.01584,2025-01-01 10:13:18+00:00,66.0,738533.8813874675,21751.389393882044,True,False,False,False
200000000,2025-01-01 10:15:30+00:00,-90.01584,29.86105,0.0,13.0,76.0,GYSGT BASILONE,,,31.0,27.85359,-97.23509,2025-01-01 10:14:24+00:00,66.0,738533.8813874675,21751.389393882044,True,False,False,False
200000000,2025-01-01 10:16:34+00:00,-97.23512,27.85357,0.0,,,GYSGT BASILONE,,,31.0,29.86105,-90.01584,2025-01-01 10:15:30+00:00,64.0,738537.4017398888,22431.227234344773,True,False,False,False
200000000,2025-01-01 10:17:39+00:00,-90.01584,29.86104,0.0,13.0,76.0,GYSGT BASILONE,,,31.0,27.85357,-97.23512,2025-01-01 10:16:34+00:00,65.0,738537.1006134114,22086.12242548267,True,False,False,False
200000000,2025-01-01 10:18:43+00:00,-97.23511,27.85359,0.0,,,GYSGT BASILONE,,,31.0,29.86104,-90.01584,2025-01-01 10:17:39+00:00,64.0,738535.4400053188,22431.167651561547,True,False,False,False
200000000,2025-01-01 10:19:50+00:00,-90.01585,29.86104,0.0,13.0,76.0,GYSGT BASILONE,,,31.0,27.85359,-97.23511,2025-01-01 10:18:43+00:00,67.0,738534.5101339063,21426.760032517795,True,False,False,False
200000000,2025-01-01 10:20:52+00:00,-97.23515,27.85359,0.0,,,GYSGT BASILONE,,,31.0,29.86104,-90.01585,2025-01-01 10:19:50+00:00,62.0,738538.2296202516,23154.841165565,True,False,False,False
200000000,2025-01-01 10:21:53+00:00,-97.23516,27.85357,0.0,,,GYSGT BASILONE,,,31.0,27.85359,-97.23515,2025-01-01 10:20:52+00:00,61.0,2.425342858994948,0.077286532180799,False,False,False,True
200000000,2025-01-01 10:23:00+00:00,-90.01585,29.86107,0.0,13.0,76.0,GYSGT BASILONE,,,31.0,27.85357,-97.23516,2025-01-01 10:21:53+00:00,67.0,738540.7936062602,21426.942331993923,True,False,False,False
200000000,2025-01-01 10:24:04+00:00,-97.23512,27.85357,0.0,,,GYSGT BASILONE,,,31.0,29.86107,-90.01585,2025-01-01 10:23:00+00:00,64.0,738537.074128076,22431.217283954986,True,False,False,False
200000000,2025-01-01 10:25:09+00:00,-90.01585,29.86104,0.0,13.0,77.0,GYSGT BASILONE,,,31.0,27.85357,-97.23512,2025-01-01 10:24:04+00:00,65.0,738536.1707426272,22086.09461748229,True,False,False,False
200000000,2025-01-01 10:26:10+00:00,-90.01586,29.86104,0.0,13.0,76.0,GYSGT BASILONE,,,31.0,29.86104,-90.01585,2025-01-01 10:25:09+00:00,61.0,0.9662042213269676,0.0307892854685936,False,False,False,True
200000000,2025-01-01 10:27:13+00:00,-97.23513,27.85361,0.0,,,GYSGT BASILONE,,,31.0,29.86104,-90.01586,2025-01-01 10:26:10+00:00,63.0,738534.709273906,22787.195385317293,True,False,False,False
200000000,2025-01-01 10:28:20+00:00,-90.01586,29.86104,0.0,13.0,76.0,GYSGT BASILONE,,,31.0,27.85361,-97.23513,2025-01-01 10:27:13+00:00,67.0,738534.709273906,21426.76581007447,True,False,False,False
200000000,2025-01-01 10:29:23+00:00,-97.23516,27.8536,0.0,,,GYSGT BASILONE,,,31.0,29.86104,-90.01586,2025-01-01 10:28:20+00:00,63.0,738537.864254925,22787.292731004654,True,False,False,False
200000000,2025-01-01 10:30:28+00:00,-90.01586,29.86105,0.0,13.0,76.0,GYSGT BASILONE,,,31.0,27.8536,-97.23516,2025-01-01 10:29:23+00:00,65.0,738538.1653759187,22086.15426745117,True,False,False,False
200000000,2025-01-01 10:31:34+00:00,-97.23511,27.85357,0.0,,,GYSGT BASILONE,,,31.0,29.86105,-90.01586,2025-01-01 10:30:28+00:00,66.0,738534.6121292969,21751.41091577897,True,False,False,False
200000000,2025-01-01 10:32:39+00:00,-90.01587,29.86104,0.0,13.0,77.0,GYSGT BASILONE,,,31.0,27.85357,-97.23511,2025-01-01 10:31:34+00:00,65.0,738533.3811309724,22086.011193501992,True,False,False,False
200000000,2025-01-01 10:33:43+00:00,-97.23511,27.85356,0.0,,,GYSGT BASILONE,,,31.0,29.86104,-90.01587,2025-01-01 10:32:39+00:00,64.0,738533.7465029573,22431.11621566107,True,False,False,False
200000000,2025-01-01 10:34:49+00:00,-90.01586,29.86105,0.0,13.0,74.0,GYSGT BASILONE,,,31.0,27.85356,-97.23511,2025-01-01 10:33:43+00:00,66.0,738534.9775024242,21751.42167679261,True,False,False,False
200000000,2025-01-01 10:35:53+00:00,-97.23513,27.85359,0.0,,,GYSGT BASILONE,,,31.0,29.86105,-90.01586,2025-01-01 10:34:49+00:00,64.0,738535.7411292369,22431.176797447748,True,False,False,False
200000000,2025-01-01 10:36:58+00:00,-90.01582,29.86106,0.0,13.0,76.0,GYSGT BASILONE,,,31.0,27.85359,-97.23513,2025-01-01 10:35:53+00:00,65.0,738539.7617377354,22086.202007019685,True,False,False,False
200000000,2025-01-01 10:38:00+00:00,-90.01584,29.86106,0.0,13.0,76.0,GYSGT BASILONE,,,31.0,29.86106,-90.01582,2025-01-01 10:36:58+00:00,62.0,1.9324080559674777,0.0605853560566422,False,False,False,True
200000000,2025-01-01 10:39:03+00:00,-97.23506,27.85356,0.0,,,GYSGT BASILONE,,,31.0,29.86106,-90.01584,2025-01-01 10:38:00+00:00,63.0,738532.4890263402,22787.1268804597,True,False,False,False
200000000,2025-01-01 10:40:09+00:00,-90.01584,29.86105,0.0,13.0,76.0,GYSGT BASILONE,,,31.0,27.85356,-97.23506,2025-01-01 10:39:03+00:00,66.0,738532.1878939919,21751.33951690693,True,False,False,False
200000000,2025-01-01 10:41:13+00:00,-97.23506,27.85359,0.0,,,GYSGT BASILONE,,,31.0,29.86105,-90.01584,2025-01-01 10:40:09+00:00,64.0,738531.0917756812,22431.03558495688,True,False,False,False
200000000,2025-01-01 10:42:18+00:00,-90.01587,29.86107,0.0,13.0,76.0,GYSGT BASILONE,,,31.0,27.85359,-97.23506,2025-01-01 10:41:13+00:00,65.0,738528.9044248983,22085.87731657376,True,False,False,False
200000000,2025-01-01 10:43:23+00:00,-97.23509,27.85357,0.0,,,GYSGT BASILONE,,,31.0,29.86107,-90.01587,2025-01-01 10:42:18+00:00,65.0,738532.4247829473,22085.982593693603,True,False,False,False
200000000,2025-01-01 10:44:29+00:00,-90.01584,29.86105,0.0,13.0,76.0,GYSGT BASILONE,,,31.0,27.85357,-97.23509,2025-01-01 10:43:23+00:00,66.0,738534.6121292969,21751.41091577897,True,False,False,False
200000000,2025-01-01 10:45:33+00:00,-97.23507,27.85356,0.0,,,GYSGT BASILONE,,,31.0,29.86105,-90.01584,2025-01-01 10:44:29+00:00,64.0,738533.1177633535,22431.09711926745,True,False,False,False
200000000,2025-01-01 10:46:40+00:00,-90.01585,29.86104,0.0,13.0,76.0,GYSGT BASILONE,,,31.0,27.85356,-97.23507,2025-01-01 10:45:33+00:00,67.0,738531.8867631779,21426.68392187665,True,False,False,False
200000000,2025-01-01 10:47:43+00:00,-97.23507,27.85357,0.0,,,GYSGT BASILONE,,,31.0,29.86104,-90.01585,2025-01-01 10:46:40+00:00,63.0,738531.5213904463,22787.09702443818,True,False,False,False
200000000,2025-01-01 10:48:49+00:00,-90.01582,29.86104,0.0,13.0,76.0,GYSGT BASILONE,,,31.0,27.85357,-97.23507,2025-01-01 10:47:43+00:00,66.0,738534.3110014079,21751.40204692389,True,False,False,False
200000000,2025-01-01 10:49:54+00:00,-97.23515,27.85358,0.0,,,GYSGT BASILONE,,,31.0,29.86104,-90.01582,2025-01-01 10:48:49+00:00,65.0,738541.3846019054,22086.250539147197,True,False,False,False
200000000,2025-01-01 10:50:59+00:00,-90.01583,29.86104,0.0,13.0,76.0,GYSGT BASILONE,,,31.0,27.85358,-97.23515,2025-01-01 10:49:54+00:00,65.0,738540.4547301722,22086.22273111843,True,False,False,False
200000000,2025-01-01 10:52:03+00:00,-97.23513,27.85357,0.0,,,GYSGT BASILONE,,,31.0,29.86104,-90.01583,2025-01-01 10:50:59+00:00,64.0,738538.9603553249,22431.274573392107,True,False,False,False
200000000,2025-01-01 10:53:10+00:00,-90.01585,29.86104,0.0,13.0,77.0,GYSGT BASILONE,,,31.0,27.85357,-97.23513,2025-01-01 10:52:03+00:00,67.0,738537.1006134114,21426.8351889011,True,False,False,False
200000000,2025-01-01 10:54:12+00:00,-97.23513,27.85361,0.0,,,GYSGT BASILONE,,,31.0,29.86104,-90.01585,2025-01-01 10:53:10+00:00,62.0,738535.6391461801,23154.7599483534,True,False,False,False
200000000,2025-01-01 10:55:18+00:00,-90.01584,29.86103,0.0,13.0,76.0,GYSGT BASILONE,,,31.0,27.85361,-97.23513,2025-01-01 10:54:12+00:00,66.0,738536.2679001567,21751.45968174304,True,False,False,False
200000000,2025-01-01 10:56:22+00:00,-97.23514,27.8536,0.0,,,GYSGT BASILONE,,,31.0,29.86103,-90.01584,2025-01-01 10:55:18+00:00,64.0,738537.5631354671,22431.23213633197,True,False,False,False
200000000,2025-01-01 10:57:29+00:00,-90.01584,29.86104,0.0,13.0,74.0,GYSGT BASILONE,,,31.0,27.8536,-97.23514,2025-01-01 10:56:22+00:00,67.0,738537.8642549262,21426.85734407904,True,False,False,False
200000000,2025-01-01 10:58:34+00:00,-97.23511,27.8536,0.0,,,GYSGT BASILONE,,,31.0,29.86104,-90.01584,2025-01-01 10:57:29+00:00,65.0,738535.0746388767,22086.06183824668,True,False,False,False
200000000,2025-01-01 10:59:43+00:00,-97.23511,27.8536,0.0,,,GYSGT BASILONE,,,31.0,27.8536,-97.23511,2025-01-01 10:58:34+00:00,69.0,0.0,0.0,False,False,False,True
200000000,2025-01-01 11:00:08+00:00,-90.01585,29.86104,0.0,13.0,72.0,GYSGT BASILONE,,,31.0,27.8536,-97.23511,2025-01-01 10:59:43+00:00,25.0,738534.1447670896,57423.688478562384,True,False,False,False
200000000,2025-01-01 11:01:14+00:00,-97.23515,27.8536,0.0,,,GYSGT BASILONE,,,31.0,29.86104,-90.01585,2025-01-01 11:00:08+00:00,66.0,738537.8642549262,21751.506697777208,True,False,False,False
200000000,2025-01-01 11:02:19+00:00,-90.01585,29.86103,0.0,13.0,76.0,GYSGT BASILONE,,,31.0,27.8536,-97.23515,2025-01-01 11:01:14+00:00,65.0,738537.5631354671,22086.13625731149,True,False,False,False
200000000,2025-01-01 11:03:23+00:00,-90.01583,29.86104,0.1,13.0,70.0,GYSGT BASILONE,,,31.0,29.86103,-90.01585,2025-01-01 11:02:19+00:00,64.0,2.227774071343894,0.0676630679818924,False,False,False,True
200000000,2025-01-01 11:04:26+00:00,-90.01584,29.86103,0.1,230.2,78.0,GYSGT BASILONE,,,31.0,29.86104,-90.01583,2025-01-01 11:03:23+00:00,63.0,1.4704846956685107,0.045371221759179,False,False,False,True
200000000,2025-01-01 11:05:29+00:00,-90.01584,29.86104,0.0,230.2,76.0,GYSGT BASILONE,,,31.0,29.86103,-90.01584,2025-01-01 11:04:26+00:00,63.0,1.1085010377375106,0.0342023596380267,False,False,False,True
200000000,2025-01-01 11:06:34+00:00,-97.23512,27.8536,0.0,,,GYSGT BASILONE,,,31.0,29.86104,-90.01584,2025-01-01 11:05:29+00:00,65.0,738536.004510776,22086.08964628041,True,False,False,False
200000000,2025-01-01 11:07:39+00:00,-90.01585,29.86104,0.0,230.2,76.0,GYSGT BASILONE,,,31.0,27.8536,-97.23512,2025-01-01 11:06:34+00:00,65.0,738535.0746388749,22086.061838246624,True,False,False,False
200000000,2025-01-01 11:08:44+00:00,-97.23509,27.8536,0.0,,,GYSGT BASILONE,,,31.0,29.86104,-90.01585,2025-01-01 11:07:39+00:00,65.0,738532.285023866,22085.978414166028,True,False,False,False
200000000,2025-01-01 11:09:28+00:00,-90.01586,29.86104,0.0,203.6,76.0,GYSGT BASILONE,,,31.0,27.8536,-97.23509,2025-01-01 11:08:44+00:00,44.0,738531.3551524275,32626.972486352148,True,False,False,False
200000000,2025-01-01 11:09:48+00:00,-90.01584,29.86103,0.0,230.2,76.0,GYSGT BASILONE,,,31.0,29.86104,-90.01586,2025-01-01 11:09:28+00:00,20.0,2.227774071343894,0.2165218175420557,False,False,False,True
200000000,2025-01-01 11:10:53+00:00,-97.2351,27.85361,0.0,,,GYSGT BASILONE,,,31.0,29.86103,-90.01584,2025-01-01 11:09:48+00:00,65.0,738533.4782819242,22086.014098823623,True,False,False,False
200000000,2025-01-01 11:12:03+00:00,-97.2351,27.85358,0.0,,,GYSGT BASILONE,,,31.0,27.85361,-97.2351,2025-01-01 11:10:53+00:00,70.0,3.324512818937952,0.0923188713994907,False,False,False,True
200000000,2025-01-01 11:13:09+00:00,-90.01585,29.86103,0.0,230.2,76.0,GYSGT BASILONE,,,31.0,27.85358,-97.2351,2025-01-01 11:12:03+00:00,66.0,738533.6445064322,21751.38241723308,True,False,False,False
200000000,2025-01-01 11:14:13+00:00,-97.23511,27.85359,0.0,,,GYSGT BASILONE,,,31.0,29.86103,-90.01585,2025-01-01 11:13:09+00:00,64.0,738534.2090110518,22431.13026318817,True,False,False,False
200000000,2025-01-01 11:15:18+00:00,-90.01588,29.86106,0.0,230.2,73.0,GYSGT BASILONE,,,31.0,27.85359,-97.23511,2025-01-01 11:14:13+00:00,65.0,738532.3227734953,22085.979543077403,True,False,False,False
200000000,2025-01-01 11:16:23+00:00,-97.23516,27.85361,0.0,,,GYSGT BASILONE,,,31.0,29.86106,-90.01588,2025-01-01 11:15:18+00:00,65.0,738536.2413885536,22086.096730165016,True,False,False,False
200000000,2025-01-01 11:17:29+00:00,-90.01586,29.86105,0.0,230.2,76.0,GYSGT BASILONE,,,31.0,27.85361,-97.23516,2025-01-01 11:16:23+00:00,66.0,738537.8000105538,21751.504805644166,True,False,False,False
200000000,2025-01-01 11:18:33+00:00,-97.23512,27.8536,0.0,,,GYSGT BASILONE,,,31.0,29.86105,-90.01586,2025-01-01 11:17:29+00:00,64.0,738534.445889964,22431.13745779293,True,False,False,False
200000000,2025-01-01 11:19:43+00:00,-97.23513,27.85358,0.0,,,GYSGT BASILONE,,,31.0,27.8536,-97.23512,2025-01-01 11:18:33+00:00,70.0,2.4253428259147185,0.0673496914103723,False,False,False,True
200000000,2025-01-01 11:20:54+00:00,-97.23514,27.8536,0.0,,,GYSGT BASILONE,,,31.0,27.85358,-97.23513,2025-01-01 11:19:43+00:00,71.0,2.4253428259147185,0.0664011042074094,False,False,False,True
200000000,2025-01-01 11:21:58+00:00,-90.01586,29.86106,0.0,230.2,76.0,GYSGT BASILONE,,,31.0,27.8536,-97.23514,2025-01-01 11:20:54+00:00,64.0,738536.606756178,22431.203088702016,True,False,False,False
200000000,2025-01-01 11:23:04+00:00,-97.2351,27.85359,0.0,,,GYSGT BASILONE,,,31.0,29.86106,-90.01586,2025-01-01 11:21:58+00:00,66.0,738533.2526436194,21751.37087604202,True,False,False,False
200000000,2025-01-01 11:24:10+00:00,-90.01585,29.86106,0.0,230.2,74.0,GYSGT BASILONE,,,31.0,27.85359,-97.2351,2025-01-01 11:23:04+00:00,66.0,738534.1825138606,21751.398262693077,True,False,False,False
200000000,2025-01-01 11:25:13+00:00,-97.2351,27.85359,0.0,,,GYSGT BASILONE,,,31.0,29.86106,-90.01585,2025-01-01 11:24:10+00:00,63.0,738534.1825138606,22787.179132345125,True,False,False,False
200000000,2025-01-01 11:26:19+00:00,-90.01584,29.86106,0.0,230.2,76.0,GYSGT BASILONE,,,31.0,27.85359,-97.2351,2025-01-01 11:25:13+00:00,66.0,738535.112384218,21751.425649347548,True,False,False,False
200000000,2025-01-01 11:27:22+00:00,-97.23512,27.85359,0.0,,,GYSGT BASILONE,,,31.0,29.86106,-90.01584,2025-01-01 11:26:19+00:00,63.0,738536.9721252774,22787.2652046984,True,False,False,False
200000000,2025-01-01 11:28:30+00:00,-90.01583,29.86105,0.0,230.2,76.0,GYSGT BASILONE,,,31.0,27.85359,-97.23512,2025-01-01 11:27:22+00:00,68.0,738537.6008714698,21111.748971735266,True,False,False,False
200000000,2025-01-01 11:29:33+00:00,-97.23515,27.85359,0.0,,,GYSGT BASILONE,,,31.0,29.86105,-90.01583,2025-01-01 11:28:30+00:00,63.0,738540.3904856859,22787.37067685231,True,False,False,False
200000000,2025-01-01 11:30:40+00:00,-90.01585,29.86105,0.0,230.2,76.0,GYSGT BASILONE,,,31.0,27.85359,-97.23515,2025-01-01 11:29:33+00:00,67.0,738538.5307427583,21426.87668058214,True,False,False,False
200000000,2025-01-01 11:31:43+00:00,-97.23516,27.85359,0.0,,,GYSGT BASILONE,,,31.0,29.86105,-90.01585,2025-01-01 11:30:40+00:00,63.0,738539.4606141632,22787.34198603548,True,False,False,False
200000000,2025-01-01 11:32:50+00:00,-90.01585,29.86103,0.0,230.2,76.0,GYSGT BASILONE,,,31.0,27.85359,-97.23516,2025-01-01 11:31:43+00:00,67.0,738538.8583716212,21426.886185926756,True,False,False,False
200000000,2025-01-01 11:33:52+00:00,-97.23515,27.8536,0.0,,,GYSGT BASILONE,,,31.0,29.86103,-90.01585,2025-01-01 11:32:50+00:00,62.0,738537.5631354671,23154.82026976204,True,False,False,False
200000000,2025-01-01 11:35:00+00:00,-90.01586,29.86103,0.0,230.2,76.0,GYSGT BASILONE,,,31.0,27.8536,-97.23515,2025-01-01 11:33:52+00:00,68.0,738536.6332628642,21111.7213117895,True,False,False,False
200000000,2025-01-01 11:36:02+00:00,-97.23514,27.8536,0.0,,,GYSGT BASILONE,,,31.0,29.86103,-90.01586,2025-01-01 11:35:00+00:00,62.0,738535.7033903769,23154.76196255404,True,False,False,False
200000000,2025-01-01 11:37:03+00:00,-97.23515,27.85361,0.0,,,GYSGT BASILONE,,,31.0,27.8536,-97.23514,2025-01-01 11:36:02+00:00,61.0,1.4826189908095984,0.0472454770343496,False,False,False,True
200000000,2025-01-01 11:38:09+00:00,-90.01586,29.86103,0.0,230.2,76.0,GYSGT BASILONE,,,31.0,27.85361,-97.23515,2025-01-01 11:37:03+00:00,66.0,738536.2679001567,21751.45968174304,True,False,False,False
200000000,2025-01-01 11:39:13+00:00,-97.23513,27.8536,0.0,,,GYSGT BASILONE,,,31.0,29.86103,-90.01586,2025-01-01 11:38:09+00:00,64.0,738534.7735180047,22431.1474086756,True,False,False,False
200000000,2025-01-01 11:40:19+00:00,-90.01586,29.86104,0.0,230.2,76.0,GYSGT BASILONE,,,31.0,27.8536,-97.23513,2025-01-01 11:39:13+00:00,66.0,738535.0746388749,21751.424537667128,True,False,False,False
200000000,2025-01-01 11:41:20+00:00,-90.01585,29.86104,0.0,230.2,76.0,GYSGT BASILONE,,,31.0,29.86104,-90.01586,2025-01-01 11:40:19+00:00,61.0,0.9662042213269676,0.0307892854685936,False,False,False,True
200000000,2025-01-01 11:42:23+00:00,-97.23514,27.85362,0.0,,,GYSGT BASILONE,,,31.0,29.86104,-90.01585,2025-01-01 11:41:20+00:00,63.0,738536.2036558236,22787.24149387835,True,False,False,False
200000000,2025-01-01 11:43:29+00:00,-90.01584,29.86105,0.0,230.2,76.0,GYSGT BASILONE,,,31.0,27.85362,-97.23514,2025-01-01 11:42:23+00:00,66.0,738537.4346466649,21751.49404490262,True,False,False,False
200000000,2025-01-01 11:44:34+00:00,-97.23516,27.85363,0.0,,,GYSGT BASILONE,,,31.0,29.86105,-90.01584,2025-01-01 11:43:29+00:00,65.0,738538.9290301574,22086.1771047074,True,False,False,False
200000000,2025-01-01 11:45:38+00:00,-90.01584,29.86105,0.0,230.2,74.0,GYSGT BASILONE,,,31.0,27.85363,-97.23516,2025-01-01 11:44:34+00:00,64.0,738538.9290301574,22431.273621968456,True,False,False,False
200000000,2025-01-01 11:46:43+00:00,-97.23513,27.85361,0.0,,,GYSGT BASILONE,,,31.0,29.86105,-90.01584,2025-01-01 11:45:38+00:00,65.0,738536.87013852,22086.115533077857,True,False,False,False
200000000,2025-01-01 11:47:48+00:00,-90.01585,29.86104,0.0,230.2,76.0,GYSGT BASILONE,,,31.0,27.85361,-97.23513,2025-01-01 11:46:43+00:00,65.0,738535.6391461801,22086.07871996786,True,False,False,False
200000000,2025-01-01 11:48:53+00:00,-97.23512,27.85359,0.0,,,GYSGT BASILONE,,,31.0,29.86104,-90.01585,2025-01-01 11:47:48+00:00,65.0,738535.4400053177,22086.07276461441,True,False,False,False
200000000,2025-01-01 11:49:59+00:00,-90.01584,29.86105,0.0,230.2,74.0,GYSGT BASILONE,,,31.0,27.85359,-97.23512,2025-01-01 11:48:53+00:00,66.0,738536.6710002951,21751.471553897176,True,False,False,False
200000000,2025-01-01 11:51:03+00:00,-97.23511,27.85362,0.0,,,GYSGT BASILONE,,,31.0,29.86105,-90.01584,2025-01-01 11:49:59+00:00,64.0,738534.6450297905,22431.14350616731,True,False,False,False
200000000,2025-01-01 11:52:08+00:00,-90.01584,29.86104,0.0,230.2,76.0,GYSGT BASILONE,,,31.0,27.85362,-97.23511,2025-01-01 11:51:03+00:00,65.0,738534.3439104151,22086.0399856434,True,False,False,False
200000000,2025-01-01 11:53:09+00:00,-90.01585,29.86104,0.0,230.2,76.0,GYSGT BASILONE,,,31.0,29.86104,-90.01584,2025-01-01 11:52:08+00:00,61.0,0.9662042213269676,0.0307892854685936,False,False,False,True
200000000,2025-01-01 11:54:13+00:00,-97.23512,27.85363,0.0,,,GYSGT BASILONE,,,31.0,29.86104,-90.01585,2025-01-01 11:53:09+00:00,64.0,738533.9785483964,22431.12326346117,True,False,False,False
200000000,2025-01-01 11:55:19+00:00,-90.01585,29.86105,0.0,230.2,76.0,GYSGT BASILONE,,,31.0,27.85363,-97.23512,2025-01-01 11:54:13+00:00,66.0,738534.2796662565,21751.401124037213,True,False,False,False
200000000,2025-01-01 11:56:24+00:00,-97.23518,27.85359,0.0,,,GYSGT BASILONE,,,31.0,29.86105,-90.01585,2025-01-01 11:55:19+00:00,65.0,738541.3203573214,22086.248617898087,True,False,False,False
200000000,2025-01-01 11:57:28+00:00,-90.01585,29.86105,0.0,230.2,75.0,GYSGT BASILONE,,,31.0,27.85359,-97.23518,2025-01-01 11:56:24+00:00,64.0,738541.3203573214,22431.346252552743,True,False,False,False
200000000,2025-01-01 11:58:33+00:00,-97.23514,27.85362,0.0,,,GYSGT BASILONE,,,31.0,29.86105,-90.01585,2025-01-01 11:57:28+00:00,65.0,738536.5047742575,22086.104606775272,True,False,False,False
200000000,2025-01-01 11:59:39+00:00,-90.01585,29.86103,0.0,230.2,76.0,GYSGT BASILONE,,,31.0,27.85362,-97.23514,2025-01-01 11:58:33+00:00,66.0,738535.9025389227,21751.448921079693,True,False,False,False
200000000,2025-01-01 12:18:22+00:00,-97.23517,27.85359,0.0,,,GYSGT BASILONE,,,31.0,29.86103,-90.01585,2025-01-01 11:59:39+00:00,1123.0,738539.7882440829,1278.3643650760268,True,False,True,False
200000000,2025-01-01 12:19:28+00:00,-90.01585,29.86104,0.0,230.2,76.0,GYSGT BASILONE,,,31.0,27.85359,-97.23517,2025-01-01 12:18:22+00:00,66.0,738540.0893641162,21751.572231962786,True,False,False,False
200000000,2025-01-01 12:20:34+00:00,-97.23514,27.8536,0.0,,,GYSGT BASILONE,,,31.0,29.86104,-90.01585,2025-01-01 12:19:28+00:00,66.0,738536.934382793,21751.47931107043,True,False,False,False
200000000,2025-01-01 12:21:42+00:00,-97.23515,27.85359,0.0,,,GYSGT BASILONE,,,31.0,27.8536,-97.23514,2025-01-01 12:20:34+00:00,68.0,1.482619050124984,0.0423819737411021,False,False,False,True
200000000,2025-01-01 12:22:44+00:00,-97.23516,27.85361,0.0,,,GYSGT BASILONE,,,31.0,27.85359,-97.23515,2025-01-01 12:21:42+00:00,62.0,2.4253427917730983,0.0760399731025841,False,False,False,True
200000000,2025-01-01 12:23:49+00:00,-90.01585,29.86103,0.0,230.2,76.0,GYSGT BASILONE,,,31.0,27.85361,-97.23516,2025-01-01 12:22:44+00:00,65.0,738538.1276462204,22086.15313913583,True,False,False,False
200000000,2025-01-01 12:24:53+00:00,-97.23516,27.85359,0.0,,,GYSGT BASILONE,,,31.0,29.86103,-90.01585,2025-01-01 12:23:49+00:00,64.0,738538.8583716212,22431.271475892067,True,False,False,False
200000000,2025-01-01 12:25:54+00:00,-97.23514,27.85361,0.0,,,GYSGT BASILONE,,,31.0,27.85359,-97.23516,2025-01-01 12:24:53+00:00,61.0,2.9652380395212288,0.0944909559138187,False,False,False,True
200000000,2025-01-01 12:26:58+00:00,-90.01585,29.86104,0.0,230.2,76.0,GYSGT BASILONE,,,31.0,27.85361,-97.23514,2025-01-01 12:25:54+00:00,64.0,738536.5690185701,22431.20194251652,True,False,False,False
200000000,2025-01-01 12:28:02+00:00,-97.23516,27.85361,0.0,,,GYSGT BASILONE,,,31.0,29.86104,-90.01585,2025-01-01 12:26:58+00:00,64.0,738538.4287636952,22431.258427625333,True,False,False,False
200000000,2025-01-01 12:29:08+00:00,-90.01584,29.86104,0.0,230.2,75.0,GYSGT BASILONE,,,31.0,27.85361,-97.23516,2025-01-01 12:28:02+00:00,66.0,738539.3586364322,21751.55071048246,True,False,False,False
200000000,2025-01-01 12:30:12+00:00,-97.23517,27.85358,0.0,,,GYSGT BASILONE,,,31.0,29.86104,-90.01584,2025-01-01 12:29:08+00:00,64.0,738541.3846019054,22431.34820382137,True,False,False,False
200000000,2025-01-01 12:31:19+00:00,-90.01586,29.86104,0.0,230.2,76.0,GYSGT BASILONE,,,31.0,27.85358,-97.23517,2025-01-01 12:30:12+00:00,67.0,738539.5248585516,21426.90552240368,True,False,False,False
200000000,2025-01-01 12:32:23+00:00,-97.23513,27.85358,0.0,,,GYSGT BASILONE,,,31.0,29.86104,-90.01586,2025-01-01 12:31:19+00:00,64.0,738535.8053732353,22431.17874869859,True,False,False,False
200000000,2025-01-01 12:33:28+00:00,-90.01585,29.86103,0.0,230.2,76.0,GYSGT BASILONE,,,31.0,27.85358,-97.23513,2025-01-01 12:32:23+00:00,65.0,738536.4341209618,22086.10249387216,True,False,False,False
200000000,2025-01-01 12:34:33+00:00,-97.23512,27.85359,0.0,,,GYSGT BASILONE,,,31.0,29.86103,-90.01585,2025-01-01 12:33:28+00:00,65.0,738535.1388829335,22086.063759480025,True,False,False,False
200000000,2025-01-01 12:35:39+00:00,-90.01585,29.86104,0.0,230.2,75.0,GYSGT BASILONE,,,31.0,27.85359,-97.23512,2025-01-01 12:34:33+00:00,66.0,738535.4400053177,21751.43529848389,True,False,False,False
200000000,2025-01-01 12:36:42+00:00,-97.23515,27.85359,0.0,,,GYSGT BASILONE,,,31.0,29.86104,-90.01585,2025-01-01 12:35:39+00:00,63.0,738538.2296202516,22787.30400420682,True,False,False,False
200000000,2025-01-01 12:37:54+00:00,-97.23512,27.85359,0.0,,,GYSGT BASILONE,,,31.0,27.85359,-97.23515,2025-01-01 12:36:42+00:00,72.0,2.9548347723731783,0.0797739725545816,False,False,False,True
200000000,2025-01-01 12:38:58+00:00,-90.01585,29.86104,0.0,230.2,76.0,GYSGT BASILONE,,,31.0,27.85359,-97.23512,2025-01-01 12:37:54+00:00,64.0,738535.4400053177,22431.16765156151,True,False,False,False
200000000,2025-01-01 12:40:03+00:00,-97.23518,27.85359,0.0,,,GYSGT BASILONE,,,31.0,29.86104,-90.01585,2025-01-01 12:38:58+00:00,65.0,738541.0192362231,22086.239612802157,True,False,False,False
200000000,2025-01-01 12:41:08+00:00,-90.01585,29.86103,0.0,230.2,76.0,GYSGT BASILONE,,,31.0,27.85359,-97.23518,2025-01-01 12:40:03+00:00,65.0,738540.7181166601,22086.23060775213,True,False,False,False
200000000,2025-01-01 12:42:20+00:00,-90.01583,29.86104,0.0,230.2,76.0,GYSGT BASILONE,,,31.0,29.86103,-90.01585,2025-01-01 12:41:08+00:00,72.0,2.227774071343894,0.0601449493172377,False,False,False,True
200000000,2025-01-01 12:43:23+00:00,-97.23513,27.85358,0.0,,,GYSGT BASILONE,,,31.0,29.86104,-90.01583,2025-01-01 12:42:20+00:00,63.0,738538.5949870504,22787.31527745441,True,False,False,False
200000000,2025-01-01 12:44:28+00:00,-90.01583,29.86104,0.0,230.2,76.0,GYSGT BASILONE,,,31.0,27.85358,-97.23513,2025-01-01 12:43:23+00:00,65.0,738538.5949870504,22086.167115071203,True,False,False,False
200000000,2025-01-01 12:45:33+00:00,-97.23513,27.85358,0.0,,,GYSGT BASILONE,,,31.0,29.86104,-90.01583,2025-01-01 12:44:28+00:00,65.0,738538.5949870504,22086.167115071203,True,False,False,False
200000000,2025-01-01 12:46:38+00:00,-90.01583,29.86104,0.0,230.2,76.0,GYSGT BASILONE,,,31.0,27.85358,-97.23513,2025-01-01 12:45:33+00:00,65.0,738538.5949870504,22086.167115071203,True,False,False,False
200000000,2025-01-01 12:47:44+00:00,-97.23515,27.85358,0.0,,,GYSGT BASILONE,,,31.0,29.86104,-90.01583,2025-01-01 12:46:38+00:00,66.0,738540.4547301722,21751.58299276815,True,False,False,False
200000000,2025-01-01 12:48:53+00:00,-97.23516,27.85361,0.0,,,GYSGT BASILONE,,,31.0,27.85358,-97.23515,2025-01-01 12:47:44+00:00,69.0,3.46734796264624,0.0976807197639169,False,False,False,True
200000000,2025-01-01 12:49:59+00:00,-90.01584,29.86105,0.0,230.2,76.0,GYSGT BASILONE,,,31.0,27.85361,-97.23516,2025-01-01 12:48:53+00:00,66.0,738539.6597549715,21751.55957906218,True,False,False,False
200000000,2025-01-01 12:51:02+00:00,-97.23512,27.85359,0.0,,,GYSGT BASILONE,,,31.0,29.86105,-90.01584,2025-01-01 12:49:59+00:00,63.0,738536.6710002951,22787.255913606565,True,False,False,False
200000000,2025-01-01 12:52:08+00:00,-90.01585,29.86105,0.0,230.2,76.0,GYSGT BASILONE,,,31.0,27.85359,-97.23512,2025-01-01 12:51:02+00:00,66.0,738535.7411292369,21751.444167222056,True,False,False,False
200000000,2025-01-01 12:53:10+00:00,-90.01585,29.86104,0.0,230.2,76.0,GYSGT BASILONE,,,31.0,29.86105,-90.01585,2025-01-01 12:52:08+00:00,62.0,1.1085010397119408,0.0347540106618332,False,False,False,True
200000000,2025-01-01 12:54:13+00:00,-97.23515,27.85359,0.0,,,GYSGT BASILONE,,,31.0,29.86104,-90.01585,2025-01-01 12:53:10+00:00,63.0,738538.2296202516,22787.30400420682,True,False,False,False
200000000,2025-01-01 12:55:19+00:00,-90.01584,29.86105,0.0,230.2,75.0,GYSGT BASILONE,,,31.0,27.85359,-97.23515,2025-01-01 12:54:13+00:00,66.0,738539.4606141642,21751.553713942983,True,False,False,False
200000000,2025-01-01 12:56:22+00:00,-97.23518,27.85362,0.0,,,GYSGT BASILONE,,,31.0,29.86105,-90.01584,2025-01-01 12:55:19+00:00,63.0,738541.1541374525,22787.39423902453,True,False,False,False
200000000,2025-01-01 12:57:29+00:00,-90.01584,29.86105,0.0,230.2,75.0,GYSGT BASILONE,,,31.0,27.85362,-97.23518,2025-01-01 12:56:22+00:00,67.0,738541.1541374525,21426.95279191859,True,False,False,False
200000000,2025-01-01 12:58:30+00:00,-90.01585,29.86105,0.0,230.2,76.0,GYSGT BASILONE,,,31.0,29.86105,-90.01584,2025-01-01 12:57:29+00:00,61.0,0.9662041249986324,0.0307892823989728,False,False,False,True
200000000,2025-01-01 12:59:34+00:00,-97.23515,27.85361,0.0,,,GYSGT BASILONE,,,31.0,29.86105,-90.01585,2025-01-01 12:58:30+00:00,64.0,738537.8000105546,22431.23933082057,True,False,False,False
200000000,2025-01-01 13:00:08+00:00,-90.01584,29.86105,0.0,230.2,76.0,GYSGT BASILONE,,,31.0,27.85361,-97.23515,2025-01-01 12:59:34+00:00,34.0,738538.7298827069,42223.56249103532,True,False,False,False
200000000,2025-01-01 13:02:19+00:00,-90.01585,29.86105,0.0,230.2,76.0,GYSGT BASILONE,,,31.0,29.86105,-90.01584,2025-01-01 13:00:08+00:00,131.0,0.9662041249986324,0.0143369940941781,False,False,False,True
200000000,2025-01-01 13:03:23+00:00,-97.23515,27.85363,0.0,,,GYSGT BASILONE,,,31.0,29.86105,-90.01585,2025-01-01 13:02:19+00:00,64.0,738537.0692842506,22431.2171368359,True,False,False,False
200000000,2025-01-01 13:04:29+00:00,-90.01586,29.86105,0.0,230.2,77.0,GYSGT BASILONE,,,31.0,27.85363,-97.23515,2025-01-01 13:03:23+00:00,66.0,738536.1394114698,21751.45589747866,True,False,False,False
200000000,2025-01-01 13:05:34+00:00,-97.2351,27.85364,0.0,,,GYSGT BASILONE,,,31.0,29.86105,-90.01586,2025-01-01 13:04:29+00:00,65.0,738531.1246861282,22085.943713998207,True,False,False,False
200000000,2025-01-01 13:06:43+00:00,-97.23517,27.85362,0.0,,,GYSGT BASILONE,,,31.0,27.85364,-97.2351,2025-01-01 13:05:34+00:00,69.0,7.242088450831522,0.2040211770183238,False,False,False,True
200000000,2025-01-01 13:07:48+00:00,-90.01585,29.86106,0.0,230.2,71.0,GYSGT BASILONE,,,31.0,27.85362,-97.23517,2025-01-01 13:06:43+00:00,65.0,738539.5955103859,22086.19703595244,True,False,False,False
200000000,2025-01-01 13:08:53+00:00,-97.23513,27.85358,0.0,,,GYSGT BASILONE,,,31.0,29.86106,-90.01585,2025-01-01 13:07:48+00:00,65.0,738537.3374958526,22086.12950950674,True,False,False,False
200000000,2025-01-01 13:11:59+00:00,-90.01585,29.86106,0.0,230.2,72.0,GYSGT BASILONE,,,31.0,27.85358,-97.23513,2025-01-01 13:08:53+00:00,186.0,738537.3374958526,7718.271065150205,True,False,False,False
200000000,2025-01-01 13:13:04+00:00,-97.23509,27.85357,0.0,,,GYSGT BASILONE,,,31.0,29.86106,-90.01585,2025-01-01 13:11:59+00:00,65.0,738533.9833892237,22086.029204173978,True,False,False,False
200000000,2025-01-01 13:14:08+00:00,-90.01584,29.86104,0.0,230.2,76.0,GYSGT BASILONE,,,31.0,27.85357,-97.23509,2025-01-01 13:13:04+00:00,64.0,738534.3110014093,22431.133360890304,True,False,False,False
200000000,2025-01-01 13:15:12+00:00,-97.23511,27.8536,0.0,,,GYSGT BASILONE,,,31.0,29.86104,-90.01584,2025-01-01 13:14:08+00:00,64.0,738535.0746388767,22431.15655446928,True,False,False,False
200000000,2025-01-01 13:16:23+00:00,-97.23514,27.85361,0.0,,,GYSGT BASILONE,,,31.0,27.8536,-97.23511,2025-01-01 13:15:12+00:00,71.0,3.15580242762313,0.086399647759309,False,False,False,True
200000000,2025-01-01 13:17:29+00:00,-90.01584,29.86104,0.0,230.2,76.0,GYSGT BASILONE,,,31.0,27.85361,-97.23514,2025-01-01 13:16:23+00:00,66.0,738537.4988910761,21751.49593703681,True,False,False,False
200000000,2025-01-01 13:18:32+00:00,-97.23517,27.85362,0.0,,,GYSGT BASILONE,,,31.0,29.86104,-90.01584,2025-01-01 13:17:29+00:00,63.0,738539.9231480277,22787.35625733432,True,False,False,False
200000000,2025-01-01 13:19:38+00:00,-90.01585,29.86105,0.0,230.2,76.0,GYSGT BASILONE,,,31.0,27.85362,-97.23517,2025-01-01 13:18:32+00:00,66.0,738539.2943918271,21751.54881834256,True,False,False,False
200000000,2025-01-01 13:20:42+00:00,-97.23519,27.85361,0.0,,,GYSGT BASILONE,,,31.0,29.86105,-90.01585,2025-01-01 13:19:38+00:00,64.0,738541.5194998509,22431.35230100922,True,False,False,False
200000000,2025-01-01 13:21:53+00:00,-97.23518,27.85359,0.0,,,GYSGT BASILONE,,,31.0,27.85361,-97.23519,2025-01-01 13:20:42+00:00,71.0,2.425342792125929,0.0664011032823389,False,False,False,True
200000000,2025-01-01 13:22:59+00:00,-90.01585,29.86106,0.0,230.2,76.0,GYSGT BASILONE,,,31.0,27.85359,-97.23518,2025-01-01 13:21:53+00:00,66.0,738541.6214799543,21751.61735602416,True,False,False,False
200000000,2025-01-01 13:24:03+00:00,-97.23513,27.85358,0.0,,,GYSGT BASILONE,,,31.0,29.86106,-90.01585,2025-01-01 13:22:59+00:00,64.0,738537.3374958526,22431.225283092783,True,False,False,False
200000000,2025-01-01 13:25:08+00:00,-90.01584,29.86106,0.0,230.2,76.0,GYSGT BASILONE,,,31.0,27.85358,-97.23513,2025-01-01 13:24:03+00:00,65.0,738538.2673661838,22086.157317493584,True,False,False,False
200000000,2025-01-01 13:26:13+00:00,-97.23516,27.85359,0.0,,,GYSGT BASILONE,,,31.0,29.86106,-90.01584,2025-01-01 13:25:08+00:00,65.0,738540.6916087872,22086.22981502808,True,False,False,False
200000000,2025-01-01 13:27:20+00:00,-90.01584,29.86107,0.0,230.2,72.0,GYSGT BASILONE,,,31.0,27.85359,-97.23516,2025-01-01 13:26:13+00:00,67.0,738540.9927334244,21426.948109178204,True,False,False,False
200000000,2025-01-01 13:28:23+00:00,-97.23516,27.85358,0.0,,,GYSGT BASILONE,,,31.0,29.86107,-90.01584,2025-01-01 13:27:20+00:00,63.0,738541.3581040233,22787.40053233214,True,False,False,False
200000000,2025-01-01 13:29:28+00:00,-90.01584,29.86106,0.0,230.2,75.0,GYSGT BASILONE,,,31.0,27.85358,-97.23516,2025-01-01 13:28:23+00:00,65.0,738541.0569778709,22086.24074147484,True,False,False,False
200000000,2025-01-01 13:30:29+00:00,-90.01584,29.86106,0.0,230.2,76.0,GYSGT BASILONE,,,31.0,29.86106,-90.01584,2025-01-01 13:29:28+00:00,61.0,0.0,0.0,False,False,False,True
200000000,2025-01-01 13:31:34+00:00,-97.23516,27.8536,0.0,,,GYSGT BASILONE,,,31.0,29.86106,-90.01584,2025-01-01 13:30:29+00:00,65.0,738540.3262411787,22086.218888625423,True,False,False,False
200000000,2025-01-01 13:32:38+00:00,-90.01584,29.86106,0.0,230.2,75.0,GYSGT BASILONE,,,31.0,27.8536,-97.23516,2025-01-01 13:31:34+00:00,64.0,738540.3262411787,22431.3160587602,True,False,False,False
200000000,2025-01-01 13:34:39+00:00,-90.01584,29.86106,0.0,230.2,76.0,GYSGT BASILONE,,,31.0,29.86106,-90.01584,2025-01-01 13:32:38+00:00,121.0,0.0,0.0,False,False,False,True
200000000,2025-01-01 13:35:43+00:00,-97.23516,27.85358,0.0,,,GYSGT BASILONE,,,31.0,29.86106,-90.01584,2025-01-01 13:34:39+00:00,64.0,738541.0569778709,22431.338253060385,True,False,False,False
200000000,2025-01-01 13:36:48+00:00,-90.01585,29.86106,0.0,230.2,75.0,GYSGT BASILONE,,,31.0,27.85358,-97.23516,2025-01-01 13:35:43+00:00,65.0,738540.1271071928,22086.212933477625,True,False,False,False
200000000,2025-01-01 13:37:54+00:00,-97.23516,27.8536,0.0,,,GYSGT BASILONE,,,31.0,29.86106,-90.01585,2025-01-01 13:36:48+00:00,66.0,738539.3963697547,21751.55182180885,True,False,False,False
200000000,2025-01-01 13:39:00+00:00,-90.01585,29.86105,0.0,230.2,76.0,GYSGT BASILONE,,,31.0,27.8536,-97.23516,2025-01-01 13:37:54+00:00,66.0,738539.095247697,21751.542953125503,True,False,False,False
200000000,2025-01-01 13:40:04+00:00,-97.23516,27.85361,0.0,,,GYSGT BASILONE,,,31.0,29.86105,-90.01585,2025-01-01 13:39:00+00:00,64.0,738538.729882704,22431.267573362427,True,False,False,False
200000000,2025-01-01 13:41:13+00:00,-97.23517,27.85359,0.0,,,GYSGT BASILONE,,,31.0,27.85361,-97.23516,2025-01-01 13:40:04+00:00,69.0,2.425342792125929,0.0683257729426966,False,False,False,True
200000000,2025-01-01 13:42:19+00:00,-90.01585,29.86105,0.0,230.2,76.0,GYSGT BASILONE,,,31.0,27.85359,-97.23517,2025-01-01 13:41:13+00:00,66.0,738540.3904856847,21751.58110063172,True,False,False,False
200000000,2025-01-01 13:43:23+00:00,-97.23516,27.85358,0.0,,,GYSGT BASILONE,,,31.0,29.86105,-90.01585,2025-01-01 13:42:19+00:00,64.0,738539.825982105,22431.30086464149,True,False,False,False
200000000,2025-01-01 13:44:29+00:00,-90.01585,29.86106,0.0,230.2,76.0,GYSGT BASILONE,,,31.0,27.85358,-97.23516,2025-01-01 13:43:23+00:00,66.0,738540.1271071928,21751.573343576445,True,False,False,False
200000000,2025-01-01 13:45:34+00:00,-97.23513,27.85361,0.0,,,GYSGT BASILONE,,,31.0,29.86106,-90.01585,2025-01-01 13:44:29+00:00,65.0,738536.2413885536,22086.096730165016,True,False,False,False
200000000,2025-01-01 13:46:43+00:00,-97.23516,27.85358,0.0,,,GYSGT BASILONE,,,31.0,27.85361,-97.23513,2025-01-01 13:45:34+00:00,69.0,4.447857148255936,0.1253032266531278,False,False,False,True
200000000,2025-01-01 13:47:53+00:00,-97.2352,27.85359,0.0,,,GYSGT BASILONE,,,31.0,27.85358,-97.23516,2025-01-01 13:46:43+00:00,70.0,4.092665184937757,0.1136498041869915,False,False,False,True
200000000,2025-01-01 13:48:59+00:00,-90.01584,29.86105,0.0,230.2,76.0,GYSGT BASILONE,,,31.0,27.85359,-97.2352,2025-01-01 13:47:53+00:00,66.0,738544.1099729268,21751.69064742082,True,False,False,False
200000000,2025-01-01 13:50:02+00:00,-97.23518,27.85359,0.0,,,GYSGT BASILONE,,,31.0,29.86105,-90.01584,2025-01-01 13:48:59+00:00,63.0,738542.250229074,22787.42805849656,True,False,False,False
200000000,2025-01-01 13:51:08+00:00,-90.01584,29.86106,0.0,230.2,75.0,GYSGT BASILONE,,,31.0,27.85359,-97.23518,2025-01-01 13:50:02+00:00,66.0,738542.5513512362,21751.644742705863,True,False,False,False
200000000,2025-01-01 13:52:14+00:00,-97.23513,27.85361,0.0,,,GYSGT BASILONE,,,31.0,29.86106,-90.01584,2025-01-01 13:51:08+00:00,66.0,738537.1712600044,21751.48628760677,True,False,False,False
200000000,2025-01-01 13:53:18+00:00,-90.01584,29.86107,0.0,230.2,76.0,GYSGT BASILONE,,,31.0,27.85361,-97.23513,2025-01-01 13:52:14+00:00,64.0,738537.4723830217,22431.22937995333,True,False,False,False
200000000,2025-01-01 13:54:22+00:00,-97.23517,27.85359,0.0,,,GYSGT BASILONE,,,31.0,29.86107,-90.01584,2025-01-01 13:53:18+00:00,64.0,738541.9226041214,22431.36454429368,True,False,False,False
200000000,2025-01-01 13:55:28+00:00,-90.01584,29.86106,0.0,230.2,76.0,GYSGT BASILONE,,,31.0,27.85359,-97.23517,2025-01-01 13:54:22+00:00,66.0,738541.6214799543,21751.61735602416,True,False,False,False
200000000,2025-01-01 13:56:33+00:00,-97.23518,27.85359,0.0,,,GYSGT BASILONE,,,31.0,29.86106,-90.01584,2025-01-01 13:55:28+00:00,65.0,738542.5513512362,22086.285431055185,True,False,False,False
200000000,2025-01-01 13:57:39+00:00,-90.01583,29.86108,0.0,230.2,77.0,GYSGT BASILONE,,,31.0,27.85359,-97.23518,2025-01-01 13:56:33+00:00,66.0,738544.0834706227,21751.689866871744,True,False,False,False
200000000,2025-01-01 13:58:43+00:00,-97.23516,27.8536,0.0,,,GYSGT BASILONE,,,31.0,29.86108,-90.01583,2025-01-01 13:57:39+00:00,64.0,738541.8583595578,22431.36259302567,True,False,False,False
200000000,2025-01-01 13:59:49+00:00,-90.01584,29.86106,,,76.0,GYSGT BASILONE,,,31.0,27.8536,-97.23516,2025-01-01 13:58:43+00:00,66.0,738540.3262411787,21751.57920849474,True,False,False,False
200000000,2025-01-01 14:00:02+00:00,-97.23515,27.85358,0.0,,,GYSGT BASILONE,,,31.0,29.86106,-90.01584,2025-01-01 13:59:49+00:00,13.0,738540.1271071939,110431.06466738827,True,False,False,False
200000000,2025-01-01 14:01:09+00:00,-90.01585,29.86106,0.0,230.2,76.0,GYSGT BASILONE,,,31.0,27.85358,-97.23515,2025-01-01 14:00:02+00:00,67.0,738539.1972366306,21426.89601726048,True,False,False,False
200000000,2025-01-01 14:02:13+00:00,-97.23512,27.85358,0.0,,,GYSGT BASILONE,,,31.0,29.86106,-90.01585,2025-01-01 14:01:09+00:00,64.0,738536.4076256363,22431.19704060964,True,False,False,False
200000000,2025-01-01 14:03:23+00:00,-97.23513,27.8536,0.0,,,GYSGT BASILONE,,,31.0,27.85358,-97.23512,2025-01-01 14:02:13+00:00,70.0,2.4253428259147185,0.0673496914103723,False,False,False,True
200000000,2025-01-01 14:04:29+00:00,-90.01585,29.86105,0.0,230.2,76.0,GYSGT BASILONE,,,31.0,27.8536,-97.23513,2025-01-01 14:03:23+00:00,66.0,738536.3056327109,21751.4607930468,True,False,False,False
200000000,2025-01-01 14:05:34+00:00,-97.23517,27.8536,0.0,,,GYSGT BASILONE,,,31.0,29.86105,-90.01585,2025-01-01 14:04:29+00:00,65.0,738540.025119591,22086.20988351486,True,False,False,False
200000000,2025-01-01 14:06:39+00:00,-90.01584,29.86105,0.0,230.2,75.0,GYSGT BASILONE,,,31.0,27.8536,-97.23517,2025-01-01 14:05:34+00:00,65.0,738540.9549915997,22086.23769155186,True,False,False,False
200000000,2025-01-01 14:08:00+00:00,-90.01583,29.86106,0.0,230.2,74.0,GYSGT BASILONE,,,31.0,29.86105,-90.01584,2025-01-01 14:06:39+00:00,81.0,1.4704845721325497,0.0352887250702979,False,False,False,True
200000000,2025-01-01 14:09:03+00:00,-97.23516,27.8536,0.0,,,GYSGT BASILONE,,,31.0,29.86106,-90.01583,2025-01-01 14:08:00+00:00,63.0,738541.2561127173,22787.397385430864,True,False,False,False
200000000,2025-01-01 14:10:09+00:00,-90.01584,29.86105,0.0,230.2,75.0,GYSGT BASILONE,,,31.0,27.8536,-97.23516,2025-01-01 14:09:03+00:00,66.0,738540.025119591,21751.57033982524,True,False,False,False
200000000,2025-01-01 14:11:10+00:00,-90.01584,29.86106,0.0,230.2,75.0,GYSGT BASILONE,,,31.0,29.86105,-90.01584,2025-01-01 14:10:09+00:00,61.0,1.1085010416843,0.035323748604387,False,False,False,True
200000000,2025-01-01 14:12:14+00:00,-97.23515,27.85358,0.0,,,GYSGT BASILONE,,,31.0,29.86106,-90.01584,2025-01-01 14:11:10+00:00,64.0,738540.1271071939,22431.310010563247,True,False,False,False
200000000,2025-01-01 14:13:20+00:00,-90.01586,29.86105,0.0,230.2,76.0,GYSGT BASILONE,,,31.0,27.85358,-97.23515,2025-01-01 14:12:14+00:00,66.0,738537.9662401568,21751.50970145858,True,False,False,False
200000000,2025-01-01 14:14:23+00:00,-97.23515,27.85361,0.0,,,GYSGT BASILONE,,,31.0,29.86105,-90.01586,2025-01-01 14:13:20+00:00,63.0,738536.87013852,22787.262057937474,True,False,False,False
200000000,2025-01-01 14:15:29+00:00,-90.01585,29.86105,0.0,230.2,76.0,GYSGT BASILONE,,,31.0,27.85361,-97.23515,2025-01-01 14:14:23+00:00,66.0,738537.8000105546,21751.50480564419,True,False,False,False
200000000,2025-01-01 14:16:33+00:00,-97.23514,27.8536,0.0,,,GYSGT BASILONE,,,31.0,29.86105,-90.01585,2025-01-01 14:15:29+00:00,64.0,738537.2355042567,22431.222185353035,True,False,False,False
200000000,2025-01-01 14:17:38+00:00,-90.01585,29.86106,0.0,230.2,70.0,GYSGT BASILONE,,,31.0,27.8536,-97.23514,2025-01-01 14:16:33+00:00,65.0,738537.5366272553,22086.13546457729,True,False,False,False
200000000,2025-01-01 14:18:49+00:00,-90.01585,29.86105,0.0,230.2,76.0,GYSGT BASILONE,,,31.0,29.86106,-90.01585,2025-01-01 14:17:38+00:00,71.0,1.1085010416843,0.0303485727446142,False,False,False,True
200000000,2025-01-01 14:19:52+00:00,-97.23512,27.85358,0.0,,,GYSGT BASILONE,,,31.0,29.86105,-90.01585,2025-01-01 14:18:49+00:00,63.0,738536.1064986682,22787.23849613288,True,False,False,False
200000000,2025-01-01 14:20:59+00:00,-90.01586,29.86106,0.0,230.2,73.0,GYSGT BASILONE,,,31.0,27.85358,-97.23512,2025-01-01 14:19:52+00:00,67.0,738535.4777555368,21426.788105676456,True,False,False,False
200000000,2025-01-01 14:22:04+00:00,-97.23515,27.85361,0.0,,,GYSGT BASILONE,,,31.0,29.86106,-90.01586,2025-01-01 14:20:59+00:00,65.0,738537.1712600044,22086.124538185337,True,False,False,False
200000000,2025-01-01 14:23:09+00:00,-90.01585,29.86106,0.0,230.2,76.0,GYSGT BASILONE,,,31.0,27.85361,-97.23515,2025-01-01 14:22:04+00:00,65.0,738538.1011315685,22086.152346209048,True,False,False,False
200000000,2025-01-01 14:24:13+00:00,-97.23517,27.85361,0.0,,,GYSGT BASILONE,,,31.0,29.86106,-90.01585,2025-01-01 14:23:09+00:00,64.0,738539.9608750441,22431.30496167728,True,False,False,False
200000000,2025-01-01 14:25:18+00:00,-90.01585,29.86106,0.0,230.2,75.0,GYSGT BASILONE,,,31.0,27.85361,-97.23517,2025-01-01 14:24:13+00:00,65.0,738539.9608750441,22086.207962266857,True,False,False,False
200000000,2025-01-01 14:26:23+00:00,-97.23518,27.85357,0.0,,,GYSGT BASILONE,,,31.0,29.86106,-90.01585,2025-01-01 14:25:18+00:00,65.0,738542.3522188514,22086.279475955263,True,False,False,False
200000000,2025-01-01 14:27:29+00:00,-90.01587,29.86106,0.0,230.2,76.0,GYSGT BASILONE,,,31.0,27.85357,-97.23518,2025-01-01 14:26:23+00:00,66.0,738540.4924781228,21751.58410452537,True,False,False,False
200000000,2025-01-01 14:28:33+00:00,-97.23516,27.8536,0.0,,,GYSGT BASILONE,,,31.0,29.86106,-90.01587,2025-01-01 14:27:29+00:00,64.0,738537.5366272543,22431.23133121128,True,False,False,False
200000000,2025-01-01 14:29:38+00:00,-90.01586,29.86106,0.0,230.2,77.0,GYSGT BASILONE,,,31.0,27.8536,-97.23516,2025-01-01 14:28:33+00:00,65.0,738538.4664984468,22086.163272589856,True,False,False,False
200000000,2025-01-01 14:30:43+00:00,-97.23515,27.8536,0.0,,,GYSGT BASILONE,,,31.0,29.86106,-90.01586,2025-01-01 14:29:38+00:00,65.0,738537.5366272553,22086.13546457729,True,False,False,False
200000000,2025-01-01 14:31:48+00:00,-90.01585,29.86106,0.0,230.2,77.0,GYSGT BASILONE,,,31.0,27.8536,-97.23515,2025-01-01 14:30:43+00:00,65.0,738538.4664984478,22086.16327258989,True,False,False,False
200000000,2025-01-01 14:32:53+00:00,-97.23513,27.85361,0.0,,,GYSGT BASILONE,,,31.0,29.86106,-90.01585,2025-01-01 14:31:48+00:00,65.0,738536.2413885536,22086.096730165016,True,False,False,False
200000000,2025-01-01 14:33:58+00:00,-90.01586,29.86106,0.0,230.2,76.0,GYSGT BASILONE,,,31.0,27.85361,-97.23513,2025-01-01 14:32:53+00:00,65.0,738535.3115172207,22086.068922148217,True,False,False,False
200000000,2025-01-01 14:35:02+00:00,-97.23515,27.85363,0.0,,,GYSGT BASILONE,,,31.0,29.86106,-90.01586,2025-01-01 14:33:58+00:00,64.0,738536.4405299244,22431.198039995128,True,False,False,False
200000000,2025-01-01 14:36:08+00:00,-90.01584,29.86106,0.0,230.2,77.0,GYSGT BASILONE,,,31.0,27.85363,-97.23515,2025-01-01 14:35:02+00:00,66.0,738538.3002746619,21751.519539483317,True,False,False,False
200000000,2025-01-01 14:37:14+00:00,-97.23514,27.85362,0.0,,,GYSGT BASILONE,,,31.0,29.86106,-90.01584,2025-01-01 14:36:08+00:00,66.0,738537.7357661644,21751.50291351062,True,False,False,False
200000000,2025-01-01 14:38:16+00:00,-90.01585,29.86106,0.1,230.2,76.0,GYSGT BASILONE,,,31.0,27.85362,-97.23514,2025-01-01 14:37:14+00:00,62.0,738536.8058942269,23154.796528539257,True,False,False,False
200000000,2025-01-01 14:39:20+00:00,-90.01587,29.86106,0.0,230.2,77.0,GYSGT BASILONE,,,31.0,29.86106,-90.01585,2025-01-01 14:38:16+00:00,64.0,1.932408057340536,0.0586920637215754,False,False,False,True
200000000,2025-01-01 14:40:24+00:00,-97.23514,27.8536,0.0,,,GYSGT BASILONE,,,31.0,29.86106,-90.01587,2025-01-01 14:39:20+00:00,64.0,738535.6768852174,22431.174846196267,True,False,False,False
200000000,2025-01-01 14:41:28+00:00,-90.01585,29.86108,0.0,230.2,73.0,GYSGT BASILONE,,,31.0,27.8536,-97.23514,2025-01-01 14:40:24+00:00,64.0,738538.138877857,22431.249623067717,True,False,False,False
200000000,2025-01-01 14:42:29+00:00,-90.01585,29.86107,0.0,230.2,74.0,GYSGT BASILONE,,,31.0,29.86108,-90.01585,2025-01-01 14:41:28+00:00,61.0,1.108501045277625,0.0353237487188927,False,False,False,True
200000000,2025-01-01 14:43:33+00:00,-97.23515,27.85361,0.0,,,GYSGT BASILONE,,,31.0,29.86107,-90.01585,2025-01-01 14:42:29+00:00,64.0,738538.4022541171,22431.25762246317,True,False,False,False
200000000,2025-01-01 14:44:40+00:00,-90.01586,29.86107,0.0,219.8,76.0,GYSGT BASILONE,,,31.0,27.85361,-97.23515,2025-01-01 14:43:33+00:00,67.0,738537.4723830217,21426.84597488079,True,False,False,False
200000000,2025-01-01 14:45:43+00:00,-97.23513,27.85363,0.0,,,GYSGT BASILONE,,,31.0,29.86107,-90.01586,2025-01-01 14:44:40+00:00,63.0,738534.8819065805,22787.200711829963,True,False,False,False
200000000,2025-01-01 14:46:49+00:00,-90.01586,29.86108,0.0,219.8,76.0,GYSGT BASILONE,,,31.0,27.85363,-97.23513,2025-01-01 14:45:43+00:00,66.0,738535.1830290444,21751.42772998754,True,False,False,False
200000000,2025-01-01 14:47:53+00:00,-97.23515,27.85364,0.0,,,GYSGT BASILONE,,,31.0,29.86108,-90.01586,2025-01-01 14:46:49+00:00,64.0,738536.6774055812,22431.205234501016,True,False,False,False
200000000,2025-01-01 14:48:59+00:00,-90.01587,29.86106,0.0,219.8,77.0,GYSGT BASILONE,,,31.0,27.85364,-97.23515,2025-01-01 14:47:53+00:00,66.0,738535.1452945303,21751.426618626057,True,False,False,False
200000000,2025-01-01 14:50:03+00:00,-97.23516,27.85362,0.0,,,GYSGT BASILONE,,,31.0,29.86106,-90.01587,2025-01-01 14:48:59+00:00,64.0,738536.8058942258,22431.20913702237,True,False,False,False
200000000,2025-01-01 14:51:08+00:00,-90.01587,29.86107,0.0,219.8,75.0,GYSGT BASILONE,,,31.0,27.85362,-97.23516,2025-01-01 14:50:03+00:00,65.0,738537.1070157292,22086.12261694546,True,False,False,False
200000000,2025-01-01 14:52:09+00:00,-90.01588,29.86107,0.0,219.8,77.0,GYSGT BASILONE,,,31.0,29.86107,-90.01587,2025-01-01 14:51:08+00:00,61.0,0.9662039309688168,0.0307892762159741,False,False,False,True
200000000,2025-01-01 14:53:12+00:00,-97.23515,27.85361,0.0,,,GYSGT BASILONE,,,31.0,29.86107,-90.01588,2025-01-01 14:52:09+00:00,63.0,738535.612641181,22787.223258356084,True,False,False,False
200000000,2025-01-01 14:54:20+00:00,-90.01588,29.86106,0.0,219.8,76.0,GYSGT BASILONE,,,31.0,27.85361,-97.23515,2025-01-01 14:53:12+00:00,68.0,738535.3115172216,21111.68352852406,True,False,False,False
200000000,2025-01-01 14:55:23+00:00,-97.23514,27.85362,0.0,,,GYSGT BASILONE,,,31.0,29.86106,-90.01588,2025-01-01 14:54:20+00:00,63.0,738534.0162791098,22787.17400323785,True,False,False,False
200000000,2025-01-01 14:56:28+00:00,-90.01588,29.86107,0.0,219.8,75.0,GYSGT BASILONE,,,31.0,27.85362,-97.23514,2025-01-01 14:55:23+00:00,65.0,738534.3174020228,22086.039192903816,True,False,False,False
200000000,2025-01-01 14:57:33+00:00,-97.23511,27.85364,0.0,,,GYSGT BASILONE,,,31.0,29.86107,-90.01588,2025-01-01 14:56:28+00:00,65.0,738530.797054726,22085.93391610552,True,False,False,False
200000000,2025-01-01 14:58:39+00:00,-90.01588,29.86107,0.0,219.8,75.0,GYSGT BASILONE,,,31.0,27.85364,-97.23511,2025-01-01 14:57:33+00:00,66.0,738530.797054726,21751.29855374029,True,False,False,False
200000000,2025-01-01 14:59:43+00:00,-97.23509,27.85363,0.0,,,GYSGT BASILONE,,,31.0,29.86107,-90.01588,2025-01-01 14:58:39+00:00,64.0,738529.3026793589,22430.981245628827,True,False,False,False
200000000,2025-01-01 15:00:03+00:00,-97.23511,27.85362,0.0,,,GYSGT BASILONE,,,31.0,27.85363,-97.23509,2025-01-01 14:59:43+00:00,20.0,2.260200514432352,0.2196734083987091,False,False,False,True
200000000,2025-01-01 15:01:09+00:00,-90.01587,29.86107,0.0,219.8,75.0,GYSGT BASILONE,,,31.0,27.85362,-97.23511,2025-01-01 15:00:03+00:00,66.0,738532.4576601292,21751.347462091904,True,False,False,False
200000000,2025-01-01 15:02:10+00:00,-90.01587,29.86107,0.0,219.8,74.0,GYSGT BASILONE,,,31.0,29.86107,-90.01587,2025-01-01 15:01:09+00:00,61.0,0.0,0.0,False,False,False,True
200000000,2025-01-01 15:04:19+00:00,-90.01587,29.86107,0.0,219.8,74.0,GYSGT BASILONE,,,31.0,29.86107,-90.01587,2025-01-01 15:02:10+00:00,129.0,0.0,0.0,False,False,False,True
200000000,2025-01-01 15:05:24+00:00,-97.23511,27.85363,0.0,,,GYSGT BASILONE,,,31.0,29.86107,-90.01587,2025-01-01 15:04:19+00:00,65.0,738532.0922924498,22085.972650488548,True,False,False,False
200000000,2025-01-01 15:06:30+00:00,-90.01587,29.86106,0.0,219.8,73.0,GYSGT BASILONE,,,31.0,27.85363,-97.23511,2025-01-01 15:05:24+00:00,66.0,738531.7911701093,21751.32783254705,True,False,False,False
200000000,2025-01-01 15:07:32+00:00,-97.23516,27.85362,0.0,,,GYSGT BASILONE,,,31.0,29.86106,-90.01587,2025-01-01 15:06:30+00:00,62.0,738536.8058942258,23154.796528539224,True,False,False,False
200000000,2025-01-01 15:08:38+00:00,-90.01587,29.86106,0.0,219.8,75.0,GYSGT BASILONE,,,31.0,27.85362,-97.23516,2025-01-01 15:07:32+00:00,66.0,738536.8058942258,21751.475526809576,True,False,False,False
200000000,2025-01-01 15:09:44+00:00,-97.23516,27.85361,0.0,,,GYSGT BASILONE,,,31.0,29.86106,-90.01587,2025-01-01 15:08:38+00:00,66.0,738537.1712600018,21751.486287606695,True,False,False,False
200000000,2025-01-01 15:10:48+00:00,-90.01587,29.86106,0.0,219.8,76.0,GYSGT BASILONE,,,31.0,27.85361,-97.23516,2025-01-01 15:09:44+00:00,64.0,738537.1712600018,22431.22023409441,True,False,False,False
200000000,2025-01-01 15:11:53+00:00,-97.23516,27.85363,0.0,,,GYSGT BASILONE,,,31.0,29.86106,-90.01587,2025-01-01 15:10:48+00:00,65.0,738536.4405299246,22086.10268553367,True,False,False,False
200000000,2025-01-01 15:12:59+00:00,-90.01587,29.86106,0.0,219.8,76.0,GYSGT BASILONE,,,31.0,27.85363,-97.23516,2025-01-01 15:11:53+00:00,66.0,738536.4405299246,21751.464766055888,True,False,False,False
200000000,2025-01-01 15:14:04+00:00,-97.23512,27.85359,0.0,,,GYSGT BASILONE,,,31.0,29.86106,-90.01587,2025-01-01 15:12:59+00:00,65.0,738534.1825138611,22086.03515904221,True,False,False,False
200000000,2025-01-01 15:15:13+00:00,-97.23513,27.8536,0.0,,,GYSGT BASILONE,,,31.0,27.85359,-97.23512,2025-01-01 15:14:04+00:00,69.0,1.482619050124984,0.0417677422376079,False,False,False,True
200000000,2025-01-01 15:16:18+00:00,-90.01586,29.86106,0.0,219.8,76.0,GYSGT BASILONE,,,31.0,27.8536,-97.23513,2025-01-01 15:15:13+00:00,65.0,738535.6768852174,22086.07984856248,True,False,False,False
200000000,2025-01-01 15:17:24+00:00,-97.23511,27.85363,0.0,,,GYSGT BASILONE,,,31.0,29.86106,-90.01586,2025-01-01 15:16:18+00:00,66.0,738532.721041841,21751.355219242003,True,False,False,False
200000000,2025-01-01 15:18:30+00:00,-90.01588,29.86106,0.0,219.8,76.0,GYSGT BASILONE,,,31.0,27.85363,-97.23511,2025-01-01 15:17:24+00:00,66.0,738530.8612984942,21751.30044585553,True,False,False,False
200000000,2025-01-01 15:19:32+00:00,-97.23516,27.85363,0.0,,,GYSGT BASILONE,,,31.0,29.86106,-90.01588,2025-01-01 15:18:30+00:00,62.0,738535.5106577299,23154.755919950352,True,False,False,False
200000000,2025-01-01 15:20:33+00:00,-97.23516,27.8536,0.0,,,GYSGT BASILONE,,,31.0,27.85363,-97.23516,2025-01-01 15:19:32+00:00,61.0,3.324512828155642,0.1059396887849518,False,False,False,True
200000000,2025-01-01 15:21:39+00:00,-90.01589,29.86106,0.0,219.8,75.0,GYSGT BASILONE,,,31.0,27.8536,-97.23516,2025-01-01 15:20:33+00:00,66.0,738535.6768852174,21751.442275099413,True,False,False,False
200000000,2025-01-01 15:22:43+00:00,-97.23516,27.85361,0.0,,,GYSGT BASILONE,,,31.0,29.86106,-90.01589,2025-01-01 15:21:39+00:00,64.0,738535.3115172207,22431.163749056785,True,False,False,False
200000000,2025-01-01 15:23:50+00:00,-90.01589,29.86104,0.0,219.8,76.0,GYSGT BASILONE,,,31.0,27.85361,-97.23516,2025-01-01 15:22:43+00:00,67.0,738534.709273906,21426.76581007447,True,False,False,False
200000000,2025-01-01 15:24:52+00:00,-97.23516,27.85361,0.0,,,GYSGT BASILONE,,,31.0,29.86104,-90.01589,2025-01-01 15:23:50+00:00,62.0,738534.709273906,23154.73079475789,True,False,False,False
200000000,2025-01-01 15:25:58+00:00,-90.01589,29.86103,0.0,219.8,76.0,GYSGT BASILONE,,,31.0,27.85361,-97.23516,2025-01-01 15:24:52+00:00,66.0,738534.4081545513,21751.40490829005,True,False,False,False
200000000,2025-01-01 15:27:04+00:00,-97.23514,27.8536,0.0,,,GYSGT BASILONE,,,31.0,29.86103,-90.01589,2025-01-01 15:25:58+00:00,66.0,738532.9137736104,21751.36089560144,True,False,False,False
200000000,2025-01-01 15:28:09+00:00,-90.01588,29.86105,0.0,219.8,76.0,GYSGT BASILONE,,,31.0,27.8536,-97.23514,2025-01-01 15:27:04+00:00,65.0,738534.4458899649,22086.043035365376,True,False,False,False
200000000,2025-01-01 15:29:13+00:00,-97.23516,27.8536,0.0,,,GYSGT BASILONE,,,31.0,29.86105,-90.01588,2025-01-01 15:28:09+00:00,64.0,738536.3056327109,22431.19394282951,True,False,False,False
200000000,2025-01-01 15:30:20+00:00,-90.01587,29.86108,0.0,219.8,76.0,GYSGT BASILONE,,,31.0,27.8536,-97.23516,2025-01-01 15:29:13+00:00,67.0,738538.1388778548,21426.865311587004,True,False,False,False
200000000,2025-01-01 15:31:23+00:00,-97.23514,27.85364,0.0,,,GYSGT BASILONE,,,31.0,29.86108,-90.01587,2025-01-01 15:30:20+00:00,63.0,738534.8176624423,22787.19872960257,True,False,False,False
200000000,2025-01-01 15:32:29+00:00,-90.01586,29.86108,0.0,219.8,75.0,GYSGT BASILONE,,,31.0,27.85364,-97.23514,2025-01-01 15:31:23+00:00,66.0,738535.7475339527,21751.444355854524,True,False,False,False
200000000,2025-01-01 15:33:33+00:00,-97.23512,27.85362,0.0,,,GYSGT BASILONE,,,31.0,29.86108,-90.01586,2025-01-01 15:32:29+00:00,64.0,738534.6185264708,22431.14270119524,True,False,False,False
200000000,2025-01-01 15:34:40+00:00,-90.01586,29.86107,0.0,219.8,75.0,GYSGT BASILONE,,,31.0,27.85362,-97.23512,2025-01-01 15:33:33+00:00,67.0,738534.3174020222,21426.75444087682,True,False,False,False
200000000,2025-01-01 15:35:42+00:00,-97.23514,27.85363,0.0,,,GYSGT BASILONE,,,31.0,29.86107,-90.01586,2025-01-01 15:34:40+00:00,62.0,738535.8117781905,23154.76536075674,True,False,False,False
200000000,2025-01-01 15:36:43+00:00,-97.23515,27.85363,0.0,,,GYSGT BASILONE,,,31.0,27.85363,-97.23514,2025-01-01 15:35:42+00:00,61.0,0.98494456266454,0.0313864694867186,False,False,False,True
200000000,2025-01-01 15:37:49+00:00,-90.01588,29.86106,0.0,219.8,76.0,GYSGT BASILONE,,,31.0,27.85363,-97.23515,2025-01-01 15:36:43+00:00,66.0,738534.5807856527,21751.40999264217,True,False,False,False
200000000,2025-01-01 15:38:54+00:00,-97.23513,27.85359,0.0,,,GYSGT BASILONE,,,31.0,29.86106,-90.01588,2025-01-01 15:37:49+00:00,65.0,738534.1825138606,22086.0351590422,True,False,False,False
200000000,2025-01-01 15:39:58+00:00,-90.01587,29.86106,0.0,219.8,75.0,GYSGT BASILONE,,,31.0,27.85359,-97.23513,2025-01-01 15:38:54+00:00,64.0,738535.1123842167,22431.157700889624,True,False,False,False
200000000,2025-01-01 15:41:03+00:00,-97.23514,27.85358,0.0,,,GYSGT BASILONE,,,31.0,29.86106,-90.01587,2025-01-01 15:39:58+00:00,65.0,738536.4076256363,22086.101701523337,True,False,False,False
200000000,2025-01-01 15:42:08+00:00,-90.01587,29.86106,0.0,219.8,75.0,GYSGT BASILONE,,,31.0,27.85358,-97.23514,2025-01-01 15:41:03+00:00,65.0,738536.4076256363,22086.101701523337,True,False,False,False
200000000,2025-01-01 15:43:14+00:00,-97.23514,27.85359,0.0,,,GYSGT BASILONE,,,31.0,29.86106,-90.01587,2025-01-01 15:42:08+00:00,66.0,738536.0422546896,21751.45303600539,True,False,False,False
200000000,2025-01-01 15:44:18+00:00,-90.01587,29.86107,0.0,219.8,76.0,GYSGT BASILONE,,,31.0,27.85359,-97.23514,2025-01-01 15:43:14+00:00,64.0,738536.343381678,22431.19508936001,True,False,False,False
200000000,2025-01-01 15:45:24+00:00,-97.23514,27.85359,0.0,,,GYSGT BASILONE,,,31.0,29.86107,-90.01587,2025-01-01 15:44:18+00:00,66.0,738536.343381678,21751.461904833952,True,False,False,False
200000000,2025-01-01 15:46:28+00:00,-90.01587,29.86107,0.0,219.8,75.0,GYSGT BASILONE,,,31.0,27.85359,-97.23514,2025-01-01 15:45:24+00:00,64.0,738536.343381678,22431.19508936001,True,False,False,False
200000000,2025-01-01 15:47:38+00:00,-90.01587,29.86106,0.0,219.8,75.0,GYSGT BASILONE,,,31.0,29.86107,-90.01587,2025-01-01 15:46:28+00:00,70.0,1.1085010433031943,0.0307821238287783,False,False,False,True
200000000,2025-01-01 15:48:44+00:00,-97.23514,27.85359,0.0,,,GYSGT BASILONE,,,31.0,29.86106,-90.01587,2025-01-01 15:47:38+00:00,66.0,738536.0422546896,21751.45303600539,True,False,False,False
200000000,2025-01-01 15:49:50+00:00,-90.01586,29.86106,0.0,219.8,76.0,GYSGT BASILONE,,,31.0,27.85359,-97.23514,2025-01-01 15:48:44+00:00,66.0,738536.9721252774,21751.480422666653,True,False,False,False
200000000,2025-01-01 15:50:54+00:00,-97.23515,27.8536,0.0,,,GYSGT BASILONE,,,31.0,29.86106,-90.01586,2025-01-01 15:49:50+00:00,64.0,738537.5366272553,22431.23133121131,True,False,False,False
200000000,2025-01-01 15:52:04+00:00,-97.23516,27.8536,0.0,,,GYSGT BASILONE,,,31.0,27.8536,-97.23515,2025-01-01 15:50:54+00:00,70.0,0.9849448323597856,0.0273510737562035,False,False,False,True
200000000,2025-01-01 15:53:08+00:00,-90.01586,29.86106,0.0,219.8,74.0,GYSGT BASILONE,,,31.0,27.8536,-97.23516,2025-01-01 15:52:04+00:00,64.0,738538.4664984468,22431.259573724077,True,False,False,False
200000000,2025-01-01 15:54:09+00:00,-90.01587,29.86106,0.0,219.8,76.0,GYSGT BASILONE,,,31.0,29.86106,-90.01586,2025-01-01 15:53:08+00:00,61.0,0.966204028670269,0.030789279329351,False,False,False,True
200000000,2025-01-01 15:55:13+00:00,-97.23511,27.85358,0.0,,,GYSGT BASILONE,,,31.0,29.86106,-90.01587,2025-01-01 15:54:09+00:00,64.0,738533.6180156843,22431.112313181373,True,False,False,False
200000000,2025-01-01 15:56:19+00:00,-90.01587,29.86107,0.0,219.8,74.0,GYSGT BASILONE,,,31.0,27.85358,-97.23511,2025-01-01 15:55:13+00:00,66.0,738533.9191455976,21751.390505939067,True,False,False,False
200000000,2025-01-01 15:57:20+00:00,-90.01587,29.86106,0.0,219.8,77.0,GYSGT BASILONE,,,31.0,29.86107,-90.01587,2025-01-01 15:56:19+00:00,61.0,1.1085010433031943,0.0353237486559751,False,False,False,True
200000000,2025-01-01 15:58:22+00:00,-97.23514,27.85357,0.0,,,GYSGT BASILONE,,,31.0,29.86106,-90.01587,2025-01-01 15:57:20+00:00,62.0,738536.7729980587,23154.795497170104,True,False,False,False
200000000,2025-01-01 15:59:29+00:00,-90.01586,29.86106,0.0,219.8,76.0,GYSGT BASILONE,,,31.0,27.85357,-97.23514,2025-01-01 15:58:22+00:00,67.0,738537.7028679015,21426.852661831967,True,False,False,False
200000000,2025-01-01 16:00:03+00:00,-97.23514,27.8536,0.0,,,GYSGT BASILONE,,,31.0,29.86106,-90.01586,2025-01-01 15:59:29+00:00,34.0,738536.606756178,42223.441108144965,True,False,False,False
200000000,2025-01-01 16:01:10+00:00,-90.01586,29.86104,0.0,219.8,76.0,GYSGT BASILONE,,,31.0,27.8536,-97.23514,2025-01-01 16:00:03+00:00,67.0,738536.004510776,21426.80338818249,True,False,False,False
200000000,2025-01-01 16:02:13+00:00,-97.23513,27.85355,0.0,,,GYSGT BASILONE,,,31.0,29.86104,-90.01586,2025-01-01 16:01:10+00:00,63.0,738536.9014858378,22787.263025146523,True,False,False,False
200000000,2025-01-01 16:03:20+00:00,-90.01586,29.86105,0.0,219.8,76.0,GYSGT BASILONE,,,31.0,27.85355,-97.23513,2025-01-01 16:02:13+00:00,67.0,738537.202615814,21426.83814824961,True,False,False,False
200000000,2025-01-01 16:04:23+00:00,-97.23513,27.85361,0.0,,,GYSGT BASILONE,,,31.0,29.86105,-90.01586,2025-01-01 16:03:20+00:00,63.0,738535.0103947966,22787.20467628288,True,False,False,False
200000000,2025-01-01 16:05:30+00:00,-90.01587,29.86105,0.0,219.8,76.0,GYSGT BASILONE,,,31.0,27.85361,-97.23513,2025-01-01 16:04:23+00:00,67.0,738534.0805231078,21426.74756841848,True,False,False,False
200000000,2025-01-01 16:06:33+00:00,-97.23516,27.85361,0.0,,,GYSGT BASILONE,,,31.0,29.86105,-90.01587,2025-01-01 16:05:30+00:00,63.0,738536.8701385179,22787.262057937405,True,False,False,False
200000000,2025-01-01 16:07:40+00:00,-90.01588,29.86106,0.0,219.8,76.0,GYSGT BASILONE,,,31.0,27.85361,-97.23516,2025-01-01 16:06:33+00:00,67.0,738536.2413885536,21426.810260607854,True,False,False,False
200000000,2025-01-01 16:08:43+00:00,-97.23516,27.85359,0.0,,,GYSGT BASILONE,,,31.0,29.86106,-90.01588,2025-01-01 16:07:40+00:00,63.0,738536.9721252774,22787.2652046984,True,False,False,False
200000000,2025-01-01 16:09:49+00:00,-90.01587,29.86107,0.0,219.8,76.0,GYSGT BASILONE,,,31.0,27.85359,-97.23516,2025-01-01 16:08:43+00:00,66.0,738538.2031220292,21751.5166781322,True,False,False,False
200000000,2025-01-01 16:10:53+00:00,-97.23515,27.85358,0.0,,,GYSGT BASILONE,,,31.0,29.86107,-90.01587,2025-01-01 16:09:49+00:00,64.0,738537.6386238848,22431.23442910394,True,False,False,False
200000000,2025-01-01 16:11:54+00:00,-97.23517,27.85358,0.0,,,GYSGT BASILONE,,,31.0,27.85358,-97.23515,2025-01-01 16:10:53+00:00,61.0,1.9698900275788755,0.0627729677247364,False,False,False,True
200000000,2025-01-01 16:12:59+00:00,-90.01588,29.86107,0.0,219.8,74.0,GYSGT BASILONE,,,31.0,27.85358,-97.23517,2025-01-01 16:11:54+00:00,65.0,738538.5684937458,22086.16632278281,True,False,False,False
200000000,2025-01-01 16:14:04+00:00,-97.23517,27.85358,0.0,,,GYSGT BASILONE,,,31.0,29.86107,-90.01588,2025-01-01 16:12:59+00:00,65.0,738538.5684937458,22086.16632278281,True,False,False,False
200000000,2025-01-01 16:15:10+00:00,-90.01587,29.86105,0.0,219.8,76.0,GYSGT BASILONE,,,31.0,27.85358,-97.23517,2025-01-01 16:14:04+00:00,66.0,738538.8961110715,21751.537088129477,True,False,False,False
200000000,2025-01-01 16:16:13+00:00,-97.23515,27.85358,0.0,,,GYSGT BASILONE,,,31.0,29.86105,-90.01587,2025-01-01 16:15:10+00:00,63.0,738537.0363693545,22787.267186923906,True,False,False,False
200000000,2025-01-01 16:17:19+00:00,-90.01587,29.86105,0.0,219.8,76.0,GYSGT BASILONE,,,31.0,27.85358,-97.23515,2025-01-01 16:16:13+00:00,66.0,738537.0363693545,21751.482314791003,True,False,False,False
200000000,2025-01-01 16:18:24+00:00,-97.23515,27.85361,0.0,,,GYSGT BASILONE,,,31.0,29.86105,-90.01587,2025-01-01 16:17:19+00:00,65.0,738535.9402666005,22086.08772504352,True,False,False,False
200000000,2025-01-01 16:19:28+00:00,-90.01587,29.86105,0.0,219.8,76.0,GYSGT BASILONE,,,31.0,27.85361,-97.23515,2025-01-01 16:18:24+00:00,64.0,738535.9402666005,22431.182845747324,True,False,False,False
200000000,2025-01-01 16:20:34+00:00,-97.23513,27.85357,0.0,,,GYSGT BASILONE,,,31.0,29.86105,-90.01587,2025-01-01 16:19:28+00:00,66.0,738535.5419993779,21751.438302425315,True,False,False,False
200000000,2025-01-01 16:21:39+00:00,-90.01587,29.86106,0.0,219.8,76.0,GYSGT BASILONE,,,31.0,27.85357,-97.23513,2025-01-01 16:20:34+00:00,65.0,738535.843128331,22086.08482010115,True,False,False,False
200000000,2025-01-01 16:22:43+00:00,-97.23514,27.85359,0.0,,,GYSGT BASILONE,,,31.0,29.86106,-90.01587,2025-01-01 16:21:39+00:00,64.0,738536.0422546896,22431.18594338056,True,False,False,False
200000000,2025-01-01 16:23:49+00:00,-90.01587,29.86105,0.0,219.8,75.0,GYSGT BASILONE,,,31.0,27.85359,-97.23514,2025-01-01 16:22:43+00:00,66.0,738535.7411292369,21751.444167222056,True,False,False,False
200000000,2025-01-01 16:24:54+00:00,-97.23516,27.85357,0.0,,,GYSGT BASILONE,,,31.0,29.86105,-90.01587,2025-01-01 16:23:49+00:00,65.0,738538.3316103156,22086.159238729168,True,False,False,False
200000000,2025-01-01 16:25:58+00:00,-90.01587,29.86105,0.0,219.8,76.0,GYSGT BASILONE,,,31.0,27.85357,-97.23516,2025-01-01 16:24:54+00:00,64.0,738538.3316103156,22431.25547683431,True,False,False,False
200000000,2025-01-01 16:27:03+00:00,-97.23517,27.85361,0.0,,,GYSGT BASILONE,,,31.0,29.86105,-90.01587,2025-01-01 16:25:58+00:00,65.0,738537.8000105538,22086.14334111561,True,False,False,False
200000000,2025-01-01 16:28:08+00:00,-90.01586,29.86105,0.0,219.8,76.0,GYSGT BASILONE,,,31.0,27.85361,-97.23517,2025-01-01 16:27:03+00:00,65.0,738538.729882704,22086.171149156853,True,False,False,False
200000000,2025-01-01 16:29:13+00:00,-97.23513,27.85358,0.0,,,GYSGT BASILONE,,,31.0,29.86105,-90.01586,2025-01-01 16:28:08+00:00,65.0,738536.1064986682,22086.092696251864,True,False,False,False
200000000,2025-01-01 16:30:19+00:00,-90.01585,29.86104,0.0,219.8,76.0,GYSGT BASILONE,,,31.0,27.85358,-97.23513,2025-01-01 16:29:13+00:00,66.0,738536.7352443913,21751.47344602208,True,False,False,False
200000000,2025-01-01 16:31:23+00:00,-97.23513,27.85361,0.0,,,GYSGT BASILONE,,,31.0,29.86104,-90.01585,2025-01-01 16:30:19+00:00,64.0,738535.6391461801,22431.17369996736,True,False,False,False
200000000,2025-01-01 16:32:30+00:00,-90.01586,29.86105,0.0,219.8,76.0,GYSGT BASILONE,,,31.0,27.85361,-97.23513,2025-01-01 16:31:23+00:00,67.0,738535.0103947966,21426.774546355544,True,False,False,False
200000000,2025-01-01 16:33:34+00:00,-97.23514,27.85358,0.0,,,GYSGT BASILONE,,,31.0,29.86105,-90.01586,2025-01-01 16:32:30+00:00,64.0,738537.0363693545,22431.21613712822,True,False,False,False
200000000,2025-01-01 16:34:38+00:00,-90.01586,29.86104,0.0,219.8,75.0,GYSGT BASILONE,,,31.0,27.85358,-97.23514,2025-01-01 16:33:34+00:00,64.0,738536.7352443913,22431.206991210274,True,False,False,False
200000000,2025-01-01 16:35:44+00:00,-97.23511,27.85359,0.0,,,GYSGT BASILONE,,,31.0,29.86104,-90.01586,2025-01-01 16:34:38+00:00,66.0,738533.5802626086,21751.3805251162,True,False,False,False
200000000,2025-01-01 16:36:49+00:00,-90.01586,29.86104,0.0,219.8,74.0,GYSGT BASILONE,,,31.0,27.85359,-97.23511,2025-01-01 16:35:44+00:00,65.0,738533.5802626086,22086.017148579525,True,False,False,False
200000000,2025-01-01 16:37:53+00:00,-97.23516,27.85358,0.0,,,GYSGT BASILONE,,,31.0,29.86104,-90.01586,2025-01-01 16:36:49+00:00,64.0,738538.594987049,22431.263476244145,True,False,False,False
200000000,2025-01-01 16:39:00+00:00,-90.01586,29.86104,0.0,219.8,76.0,GYSGT BASILONE,,,31.0,27.85358,-97.23516,2025-01-01 16:37:53+00:00,67.0,738538.594987049,21426.87854447202,True,False,False,False
200000000,2025-01-01 16:40:02+00:00,-97.23517,27.8536,0.0,,,GYSGT BASILONE,,,31.0,29.86104,-90.01586,2025-01-01 16:39:00+00:00,62.0,738538.7941271727,23154.858864131667,True,False,False,False
200000000,2025-01-01 16:41:10+00:00,-90.01586,29.86105,0.0,219.8,76.0,GYSGT BASILONE,,,31.0,27.8536,-97.23517,2025-01-01 16:40:02+00:00,68.0,738539.095247697,21111.791689798287,True,False,False,False
200000000,2025-01-01 16:42:12+00:00,-97.23518,27.85358,0.0,,,GYSGT BASILONE,,,31.0,29.86105,-90.01586,2025-01-01 16:41:10+00:00,62.0,738540.7558532536,23154.92036867401,True,False,False,False
200000000,2025-01-01 16:43:19+00:00,-90.01587,29.86105,0.0,219.8,76.0,GYSGT BASILONE,,,31.0,27.85358,-97.23518,2025-01-01 16:42:12+00:00,67.0,738539.825982105,21426.91425876201,True,False,False,False
200000000,2025-01-01 16:44:24+00:00,-97.23511,27.8536,0.0,,,GYSGT BASILONE,,,31.0,29.86105,-90.01587,2025-01-01 16:43:19+00:00,65.0,738532.5861476812,22085.98741934321,True,False,False,False
200000000,2025-01-01 16:45:28+00:00,-90.01586,29.86105,0.0,219.8,75.0,GYSGT BASILONE,,,31.0,27.8536,-97.23511,2025-01-01 16:44:24+00:00,64.0,738533.5160187649,22431.10921527994,True,False,False,False
200000000,2025-01-01 16:46:34+00:00,-97.23513,27.85357,0.0,,,GYSGT BASILONE,,,31.0,29.86105,-90.01586,2025-01-01 16:45:28+00:00,66.0,738536.4718695758,21751.465689075096,True,False,False,False
200000000,2025-01-01 16:47:42+00:00,-97.23515,27.85358,0.0,,,GYSGT BASILONE,,,31.0,27.85357,-97.23513,2025-01-01 16:46:34+00:00,68.0,2.260201297152495,0.0646098483743662,False,False,False,True
200000000,2025-01-01 16:48:49+00:00,-90.01586,29.86104,0.0,219.8,76.0,GYSGT BASILONE,,,31.0,27.85358,-97.23515,2025-01-01 16:47:42+00:00,67.0,738537.6651156624,21426.85156654372,True,False,False,False
200000000,2025-01-01 16:49:52+00:00,-97.23508,27.85357,0.0,,,GYSGT BASILONE,,,31.0,29.86104,-90.01586,2025-01-01 16:48:49+00:00,63.0,738531.5213904463,22787.09702443818,True,False,False,False
200000000,2025-01-01 16:50:53+00:00,-97.23512,27.85357,0.0,,,GYSGT BASILONE,,,31.0,27.85357,-97.23508,2025-01-01 16:49:52+00:00,61.0,3.939780418016863,0.1255459470124245,False,False,False,True
200000000,2025-01-01 16:51:59+00:00,-90.01586,29.86104,0.0,219.8,75.0,GYSGT BASILONE,,,31.0,27.85357,-97.23512,2025-01-01 16:50:53+00:00,66.0,738535.2408719594,21751.42943358409,True,False,False,False
200000000,2025-01-01 16:53:02+00:00,-97.23513,27.85361,0.0,,,GYSGT BASILONE,,,31.0,29.86104,-90.01586,2025-01-01 16:51:59+00:00,63.0,738534.709273906,22787.195385317293,True,False,False,False
200000000,2025-01-01 16:54:09+00:00,-90.01586,29.86105,0.0,219.8,74.0,GYSGT BASILONE,,,31.0,27.85361,-97.23513,2025-01-01 16:53:02+00:00,67.0,738535.0103947966,21426.774546355544,True,False,False,False
200000000,2025-01-01 16:55:14+00:00,-97.23513,27.85362,0.0,,,GYSGT BASILONE,,,31.0,29.86105,-90.01586,2025-01-01 16:54:09+00:00,65.0,738534.6450297887,22086.048990687763,True,False,False,False
200000000,2025-01-01 16:56:20+00:00,-90.01585,29.86104,0.0,219.8,75.0,GYSGT BASILONE,,,31.0,27.85362,-97.23513,2025-01-01 16:55:14+00:00,66.0,738535.2737830605,21751.430402885824,True,False,False,False
200000000,2025-01-01 16:57:23+00:00,-97.2351,27.85361,0.0,,,GYSGT BASILONE,,,31.0,29.86104,-90.01585,2025-01-01 16:56:20+00:00,63.0,738532.8495297078,22787.13800364805,True,False,False,False
200000000,2025-01-01 16:58:24+00:00,-97.23513,27.85359,0.0,,,GYSGT BASILONE,,,31.0,27.85361,-97.2351,2025-01-01 16:57:23+00:00,61.0,3.6936727326649055,0.117703423027268,False,False,False,True
200000000,2025-01-01 16:59:29+00:00,-90.01586,29.86104,0.0,219.8,76.0,GYSGT BASILONE,,,31.0,27.85359,-97.23513,2025-01-01 16:58:24+00:00,65.0,738535.4400053177,22086.07276461441,True,False,False,False
200000000,2025-01-01 17:00:02+00:00,-97.23514,27.85358,0.0,,,GYSGT BASILONE,,,31.0,29.86104,-90.01586,2025-01-01 16:59:29+00:00,33.0,738536.7352443913,43502.946892044165,True,False,False,False
200000000,2025-01-01 17:01:09+00:00,-90.01585,29.86105,0.0,219.8,75.0,GYSGT BASILONE,,,31.0,27.85358,-97.23514,2025-01-01 17:00:02+00:00,67.0,738537.9662401568,21426.86030292935,True,False,False,False
200000000,2025-01-01 17:02:14+00:00,-97.23515,27.85361,0.0,,,GYSGT BASILONE,,,31.0,29.86105,-90.01585,2025-01-01 17:01:09+00:00,65.0,738537.8000105546,22086.14334111564,True,False,False,False
200000000,2025-01-01 17:03:19+00:00,-90.01586,29.86105,0.0,219.8,74.0,GYSGT BASILONE,,,31.0,27.85361,-97.23515,2025-01-01 17:02:14+00:00,65.0,738536.87013852,22086.115533077857,True,False,False,False
200000000,2025-01-01 17:04:20+00:00,-90.01586,29.86104,0.0,219.8,76.0,GYSGT BASILONE,,,31.0,29.86105,-90.01586,2025-01-01 17:03:19+00:00,61.0,1.1085010397119408,0.0353237485415353,False,False,False,True
200000000,2025-01-01 17:05:23+00:00,-97.23517,27.85361,0.0,,,GYSGT BASILONE,,,31.0,29.86104,-90.01586,2025-01-01 17:04:20+00:00,63.0,738538.4287636952,22787.31014869875,True,False,False,False
200000000,2025-01-01 17:06:30+00:00,-90.01587,29.86105,0.0,219.8,74.0,GYSGT BASILONE,,,31.0,27.85361,-97.23517,2025-01-01 17:05:23+00:00,67.0,738537.8000105538,21426.85548018679,True,False,False,False
200000000,2025-01-01 17:07:33+00:00,-97.23514,27.85361,0.0,,,GYSGT BASILONE,,,31.0,29.86105,-90.01587,2025-01-01 17:06:30+00:00,63.0,738535.0103947966,22787.20467628288,True,False,False,False
200000000,2025-01-01 17:08:38+00:00,-90.01587,29.86105,0.0,219.8,76.0,GYSGT BASILONE,,,31.0,27.85361,-97.23514,2025-01-01 17:07:33+00:00,65.0,738535.0103947966,22086.05991701264,True,False,False,False
200000000,2025-01-01 17:09:44+00:00,-97.23512,27.85361,0.0,,,GYSGT BASILONE,,,31.0,29.86105,-90.01587,2025-01-01 17:08:38+00:00,66.0,738533.1506515355,21751.3678721588,True,False,False,False
200000000,2025-01-01 17:10:49+00:00,-90.01587,29.86105,0.0,219.8,75.0,GYSGT BASILONE,,,31.0,27.85361,-97.23512,2025-01-01 17:09:44+00:00,65.0,738533.1506515355,22086.00430096124,True,False,False,False
200000000,2025-01-01 17:11:53+00:00,-97.23515,27.85362,0.0,,,GYSGT BASILONE,,,31.0,29.86105,-90.01587,2025-01-01 17:10:49+00:00,64.0,738535.5749019658,22431.17174870996,True,False,False,False
200000000,2025-01-01 17:12:59+00:00,-90.01586,29.86104,0.0,219.8,77.0,GYSGT BASILONE,,,31.0,27.85362,-97.23515,2025-01-01 17:11:53+00:00,66.0,738536.2036558236,21751.457789611155,True,False,False,False
200000000,2025-01-01 17:14:02+00:00,-97.23515,27.85361,0.0,,,GYSGT BASILONE,,,31.0,29.86104,-90.01586,2025-01-01 17:12:59+00:00,63.0,738536.5690185701,22787.25276700091,True,False,False,False
200000000,2025-01-01 17:15:09+00:00,-90.01585,29.86105,0.0,219.8,73.0,GYSGT BASILONE,,,31.0,27.85361,-97.23515,2025-01-01 17:14:02+00:00,67.0,738537.8000105546,21426.855480186816,True,False,False,False
200000000,2025-01-01 17:16:14+00:00,-97.23508,27.85359,0.0,,,GYSGT BASILONE,,,31.0,29.86105,-90.01585,2025-01-01 17:15:09+00:00,65.0,738532.0216461592,22085.970537794925,True,False,False,False
200000000,2025-01-01 17:17:18+00:00,-90.01587,29.86104,0.0,219.8,76.0,GYSGT BASILONE,,,31.0,27.85359,-97.23508,2025-01-01 17:16:14+00:00,64.0,738529.8607785758,22430.99819649729,True,False,False,False
200000000,2025-01-01 17:18:24+00:00,-97.23512,27.85359,0.0,,,GYSGT BASILONE,,,31.0,29.86104,-90.01587,2025-01-01 17:17:18+00:00,66.0,738533.5802626066,21751.38052511614,True,False,False,False
200000000,2025-01-01 17:19:29+00:00,-90.01586,29.86104,0.0,219.8,74.0,GYSGT BASILONE,,,31.0,27.85359,-97.23512,2025-01-01 17:18:24+00:00,65.0,738534.5101339045,22086.04495659521,True,False,False,False
200000000,2025-01-01 17:20:32+00:00,-97.23514,27.85359,0.0,,,GYSGT BASILONE,,,31.0,29.86104,-90.01586,2025-01-01 17:19:29+00:00,63.0,738536.3698768459,22787.246622562037,True,False,False,False
200000000,2025-01-01 17:21:33+00:00,-97.23515,27.85358,0.0,,,GYSGT BASILONE,,,31.0,27.85359,-97.23514,2025-01-01 17:20:32+00:00,61.0,1.482619108733775,0.0472454807921485,False,False,False,True
200000000,2025-01-01 17:22:34+00:00,-97.23514,27.85357,0.0,,,GYSGT BASILONE,,,31.0,27.85358,-97.23515,2025-01-01 17:21:33+00:00,61.0,1.4826191666366588,0.0472454826372951,False,False,False,True
200000000,2025-01-01 17:23:39+00:00,-90.01587,29.86103,0.0,219.8,76.0,GYSGT BASILONE,,,31.0,27.85357,-97.23514,2025-01-01 17:22:34+00:00,65.0,738535.8696172143,22086.08561225732,True,False,False,False
200000000,2025-01-01 17:24:44+00:00,-97.23515,27.85357,0.0,,,GYSGT BASILONE,,,31.0,29.86103,-90.01587,2025-01-01 17:23:39+00:00,65.0,738536.7994884672,22086.11342027172,True,False,False,False
200000000,2025-01-01 17:25:48+00:00,-90.01586,29.86104,0.0,219.8,76.0,GYSGT BASILONE,,,31.0,27.85357,-97.23515,2025-01-01 17:24:44+00:00,64.0,738538.0304843094,22431.24633088469,True,False,False,False
200000000,2025-01-01 17:26:52+00:00,-97.23515,27.85358,0.0,,,GYSGT BASILONE,,,31.0,29.86104,-90.01586,2025-01-01 17:25:48+00:00,64.0,738537.6651156624,22431.235233725456,True,False,False,False
200000000,2025-01-01 17:27:53+00:00,-97.23515,27.85358,0.0,,,GYSGT BASILONE,,,31.0,27.85358,-97.23515,2025-01-01 17:26:52+00:00,61.0,0.0,0.0,False,False,False,True
200000000,2025-01-01 17:29:00+00:00,-90.01587,29.86103,0.0,219.8,76.0,GYSGT BASILONE,,,31.0,27.85358,-97.23515,2025-01-01 17:27:53+00:00,67.0,738536.4341209618,21426.815852264037,True,False,False,False
200000000,2025-01-01 17:30:03+00:00,-97.23511,27.85357,0.0,,,GYSGT BASILONE,,,31.0,29.86103,-90.01587,2025-01-01 17:29:00+00:00,63.0,738533.0800041483,22787.14511484545,True,False,False,False
200000000,2025-01-01 17:31:08+00:00,-90.01587,29.86104,0.0,219.8,74.0,GYSGT BASILONE,,,31.0,27.85357,-97.23511,2025-01-01 17:30:03+00:00,65.0,738533.3811309724,22086.011193501992,True,False,False,False
200000000,2025-01-01 17:32:09+00:00,-90.01587,29.86104,0.0,219.8,76.0,GYSGT BASILONE,,,31.0,29.86104,-90.01587,2025-01-01 17:31:08+00:00,61.0,0.0,0.0,False,False,False,True
200000000,2025-01-01 17:33:13+00:00,-97.23512,27.85359,0.0,,,GYSGT BASILONE,,,31.0,29.86104,-90.01587,2025-01-01 17:32:09+00:00,64.0,738533.5802626066,22431.111166526018,True,False,False,False
200000000,2025-01-01 17:34:19+00:00,-90.01588,29.86103,0.0,219.8,76.0,GYSGT BASILONE,,,31.0,27.85359,-97.23512,2025-01-01 17:33:13+00:00,66.0,738532.3492676322,21751.344269702942,True,False,False,False
200000000,2025-01-01 17:35:23+00:00,-97.23513,27.85359,0.0,,,GYSGT BASILONE,,,31.0,29.86103,-90.01588,2025-01-01 17:34:19+00:00,64.0,738533.2791392838,22431.102020657898,True,False,False,False
200000000,2025-01-01 17:36:30+00:00,-90.01587,29.86103,0.0,219.8,77.0,GYSGT BASILONE,,,31.0,27.85359,-97.23513,2025-01-01 17:35:23+00:00,67.0,738534.2090110499,21426.751296179693,True,False,False,False
200000000,2025-01-01 17:37:33+00:00,-97.23512,27.85358,0.0,,,GYSGT BASILONE,,,31.0,29.86103,-90.01587,2025-01-01 17:36:30+00:00,63.0,738533.6445064312,22787.162532339386,True,False,False,False
200000000,2025-01-01 17:38:39+00:00,-90.01587,29.86103,0.0,219.8,75.0,GYSGT BASILONE,,,31.0,27.85358,-97.23512,2025-01-01 17:37:33+00:00,66.0,738533.6445064312,21751.38241723305,True,False,False,False
200000000,2025-01-01 17:39:43+00:00,-97.23514,27.85359,0.0,,,GYSGT BASILONE,,,31.0,29.86103,-90.01587,2025-01-01 17:38:39+00:00,64.0,738535.1388829335,22431.158505721894,True,False,False,False
200000000,2025-01-01 17:40:50+00:00,-90.01587,29.86103,0.0,219.8,75.0,GYSGT BASILONE,,,31.0,27.85359,-97.23514,2025-01-01 17:39:43+00:00,67.0,738535.1388829335,21426.77827412241,True,False,False,False
200000000,2025-01-01 17:41:52+00:00,-97.23514,27.8536,0.0,,,GYSGT BASILONE,,,31.0,29.86103,-90.01587,2025-01-01 17:40:50+00:00,62.0,738534.7735180047,23154.73280895545,True,False,False,False
200000000,2025-01-01 17:43:00+00:00,-90.01585,29.86104,0.0,219.8,72.0,GYSGT BASILONE,,,31.0,27.8536,-97.23514,2025-01-01 17:41:52+00:00,68.0,738536.934382793,21111.72991956836,True,False,False,False
200000000,2025-01-01 17:44:02+00:00,-97.23516,27.85358,0.0,,,GYSGT BASILONE,,,31.0,29.86104,-90.01585,2025-01-01 17:43:00+00:00,62.0,738539.5248585516,23154.881774210437,True,False,False,False
200000000,2025-01-01 17:45:08+00:00,-90.01584,29.86103,0.0,219.8,76.0,GYSGT BASILONE,,,31.0,27.85358,-97.23516,2025-01-01 17:44:02+00:00,66.0,738540.1536086225,21751.57412409977,True,False,False,False
200000000,2025-01-01 17:46:09+00:00,-90.01584,29.86103,0.0,219.8,76.0,GYSGT BASILONE,,,31.0,29.86103,-90.01584,2025-01-01 17:45:08+00:00,61.0,0.0,0.0,False,False,False,True
200000000,2025-01-01 17:47:14+00:00,-97.23515,27.85356,0.0,,,GYSGT BASILONE,,,31.0,29.86103,-90.01584,2025-01-01 17:46:09+00:00,65.0,738539.9544707848,22086.207770746,True,False,False,False
200000000,2025-01-01 17:48:20+00:00,-90.01583,29.86104,0.0,219.8,74.0,GYSGT BASILONE,,,31.0,27.85356,-97.23515,2025-01-01 17:47:14+00:00,66.0,738541.1854667057,21751.60451450911,True,False,False,False
200000000,2025-01-01 17:49:24+00:00,-97.23513,27.8536,0.0,,,GYSGT BASILONE,,,31.0,29.86104,-90.01583,2025-01-01 17:48:20+00:00,64.0,738537.8642549262,22431.241282082745,True,False,False,False
200000000,2025-01-01 17:50:28+00:00,-90.01583,29.86103,0.0,219.8,76.0,GYSGT BASILONE,,,31.0,27.8536,-97.23513,2025-01-01 17:49:24+00:00,64.0,738537.5631354671,22431.23213633197,True,False,False,False
200000000,2025-01-01 17:51:33+00:00,-97.23511,27.85358,0.0,,,GYSGT BASILONE,,,31.0,29.86103,-90.01583,2025-01-01 17:50:28+00:00,65.0,738536.434120964,22086.102493872226,True,False,False,False
200000000,2025-01-01 17:52:40+00:00,-90.01583,29.86105,0.0,219.8,74.0,GYSGT BASILONE,,,31.0,27.85358,-97.23511,2025-01-01 17:51:33+00:00,67.0,738537.0363693556,21426.833325018037,True,False,False,False
200000000,2025-01-01 17:53:44+00:00,-97.23511,27.85358,0.0,,,GYSGT BASILONE,,,31.0,29.86105,-90.01583,2025-01-01 17:52:40+00:00,64.0,738537.0363693556,22431.216137128253,True,False,False,False
200000000,2025-01-01 17:54:49+00:00,-90.01583,29.86104,0.0,219.8,75.0,GYSGT BASILONE,,,31.0,27.85358,-97.23511,2025-01-01 17:53:44+00:00,65.0,738536.7352443923,22086.11149903784,True,False,False,False
200000000,2025-01-01 17:55:52+00:00,-97.23511,27.85357,0.0,,,GYSGT BASILONE,,,31.0,29.86104,-90.01583,2025-01-01 17:54:49+00:00,63.0,738537.1006134122,22787.26916914881,True,False,False,False
200000000,2025-01-01 17:56:58+00:00,-90.01586,29.86103,0.0,219.8,75.0,GYSGT BASILONE,,,31.0,27.85357,-97.23511,2025-01-01 17:55:52+00:00,66.0,738534.0098750555,21751.39317811406,True,False,False,False
200000000,2025-01-01 17:58:03+00:00,-97.23512,27.85358,0.0,,,GYSGT BASILONE,,,31.0,29.86103,-90.01586,2025-01-01 17:56:58+00:00,65.0,738534.5743778258,22086.04687782451,True,False,False,False
200000000,2025-01-01 17:59:09+00:00,-90.01585,29.86105,0.0,219.8,75.0,GYSGT BASILONE,,,31.0,27.85358,-97.23512,2025-01-01 17:58:03+00:00,66.0,738536.1064986682,21751.45492812684,True,False,False,False
200000000,2025-01-01 18:00:02+00:00,-97.23512,27.85358,0.0,,,GYSGT BASILONE,,,31.0,29.86105,-90.01585,2025-01-01 17:59:09+00:00,53.0,738536.1064986682,27086.717457667382,True,False,False,False
200000000,2025-01-01 18:01:09+00:00,-90.01585,29.86104,0.0,219.8,76.0,GYSGT BASILONE,,,31.0,27.85358,-97.23512,2025-01-01 18:00:02+00:00,67.0,738535.8053732353,21426.79761069716,True,False,False,False
200000000,2025-01-01 18:02:12+00:00,-97.23513,27.85357,0.0,,,GYSGT BASILONE,,,31.0,29.86104,-90.01585,2025-01-01 18:01:09+00:00,63.0,738537.1006134114,22787.26916914879,True,False,False,False
200000000,2025-01-01 18:03:14+00:00,-97.23512,27.85356,0.0,,,GYSGT BASILONE,,,31.0,27.85357,-97.23513,2025-01-01 18:02:12+00:00,62.0,1.4826192255977126,0.0464834605723525,False,False,False,True
200000000,2025-01-01 18:04:18+00:00,-90.01587,29.86104,0.0,219.8,74.0,GYSGT BASILONE,,,31.0,27.85356,-97.23512,2025-01-01 18:03:14+00:00,64.0,738534.6763730197,22431.14445813954,True,False,False,False
200000000,2025-01-01 18:05:24+00:00,-97.2351,27.85358,0.0,,,GYSGT BASILONE,,,31.0,29.86104,-90.01587,2025-01-01 18:04:18+00:00,66.0,738532.0858897687,21751.33651266618,True,False,False,False
200000000,2025-01-01 18:06:29+00:00,-90.01586,29.86104,0.0,219.8,74.0,GYSGT BASILONE,,,31.0,27.85358,-97.2351,2025-01-01 18:05:24+00:00,65.0,738533.0157604618,22086.00026701256,True,False,False,False
200000000,2025-01-01 18:07:33+00:00,-97.23512,27.85358,0.0,,,GYSGT BASILONE,,,31.0,29.86104,-90.01586,2025-01-01 18:06:29+00:00,64.0,738534.875502194,22431.150506190388,True,False,False,False
200000000,2025-01-01 18:08:39+00:00,-90.01585,29.86104,0.0,219.8,72.0,GYSGT BASILONE,,,31.0,27.85358,-97.23512,2025-01-01 18:07:33+00:00,66.0,738535.8053732353,21751.446059344085,True,False,False,False
200000000,2025-01-01 18:09:43+00:00,-97.23511,27.85357,0.0,,,GYSGT BASILONE,,,31.0,29.86104,-90.01585,2025-01-01 18:08:39+00:00,64.0,738535.2408719605,22431.16160338362,True,False,False,False
200000000,2025-01-01 18:10:49+00:00,-90.01583,29.86105,0.0,219.8,73.0,GYSGT BASILONE,,,31.0,27.85357,-97.23511,2025-01-01 18:09:43+00:00,66.0,738537.4017398903,21751.49307572831,True,False,False,False
200000000,2025-01-01 18:11:52+00:00,-97.23512,27.85358,0.0,,,GYSGT BASILONE,,,31.0,29.86105,-90.01583,2025-01-01 18:10:49+00:00,63.0,738537.9662401568,22787.29587771852,True,False,False,False
200000000,2025-01-01 18:12:58+00:00,-90.01584,29.861,0.0,219.8,74.0,GYSGT BASILONE,,,31.0,27.85358,-97.23512,2025-01-01 18:11:52+00:00,66.0,738535.5307598835,21751.43797139836,True,False,False,False
200000000,2025-01-01 18:14:03+00:00,-97.23513,27.85359,0.0,,,GYSGT BASILONE,,,31.0,29.861,-90.01584,2025-01-01 18:12:58+00:00,65.0,738536.095271922,22086.092360513427,True,False,False,False
200000000,2025-01-01 18:15:08+00:00,-90.01584,29.86102,0.0,219.8,70.0,GYSGT BASILONE,,,31.0,27.85359,-97.23513,2025-01-01 18:14:03+00:00,65.0,738536.6975071374,22086.110370496524,True,False,False,False
200000000,2025-01-01 18:16:13+00:00,-97.23512,27.8536,0.0,,,GYSGT BASILONE,,,31.0,29.86102,-90.01584,2025-01-01 18:15:08+00:00,65.0,738535.4022715124,22086.071636176257,True,False,False,False
200000000,2025-01-01 18:17:18+00:00,-90.01585,29.86104,0.0,219.8,70.0,GYSGT BASILONE,,,31.0,27.8536,-97.23512,2025-01-01 18:16:13+00:00,65.0,738535.0746388749,22086.061838246624,True,False,False,False
200000000,2025-01-01 18:18:22+00:00,-97.23511,27.85361,0.0,,,GYSGT BASILONE,,,31.0,29.86104,-90.01585,2025-01-01 18:17:18+00:00,64.0,738533.7794017498,22431.117214879647,True,False,False,False
200000000,2025-01-01 18:19:29+00:00,-90.01585,29.86104,0.0,219.8,70.0,GYSGT BASILONE,,,31.0,27.85361,-97.23511,2025-01-01 18:18:22+00:00,67.0,738533.7794017498,21426.738832123843,True,False,False,False
200000000,2025-01-01 18:20:33+00:00,-97.23511,27.85359,0.0,,,GYSGT BASILONE,,,31.0,29.86104,-90.01585,2025-01-01 18:19:29+00:00,64.0,738534.5101339063,22431.13940904207,True,False,False,False
200000000,2025-01-01 18:21:40+00:00,-90.01585,29.86105,0.0,219.8,71.0,GYSGT BASILONE,,,31.0,27.85359,-97.23511,2025-01-01 18:20:33+00:00,67.0,738534.8112582942,21426.768768900336,True,False,False,False
200000000,2025-01-01 18:22:44+00:00,-97.2351,27.85357,0.0,,,GYSGT BASILONE,,,31.0,29.86105,-90.01585,2025-01-01 18:21:40+00:00,64.0,738534.6121292969,22431.14250689707,True,False,False,False
200000000,2025-01-01 18:23:45+00:00,-90.01585,29.86103,0.2,222.2,78.0,GYSGT BASILONE,,,31.0,27.85357,-97.2351,2025-01-01 18:22:44+00:00,61.0,738534.0098750555,23534.294258287344,True,False,False,False
200000000,2025-01-01 18:24:49+00:00,-90.01584,29.86103,0.0,222.6,74.0,GYSGT BASILONE,,,31.0,29.86103,-90.01585,2025-01-01 18:23:45+00:00,64.0,0.966204317655273,0.0293460406379847,False,False,False,True
200000000,2025-01-01 18:25:53+00:00,-97.23511,27.85358,0.0,,,GYSGT BASILONE,,,31.0,29.86103,-90.01584,2025-01-01 18:24:49+00:00,64.0,738535.5042493371,22431.16960281299,True,False,False,False
200000000,2025-01-01 18:26:58+00:00,-90.01583,29.86102,0.0,222.6,76.0,GYSGT BASILONE,,,31.0,27.85358,-97.23511,2025-01-01 18:25:53+00:00,65.0,738536.1329990699,22086.093488752493,True,False,False,False
200000000,2025-01-01 18:28:02+00:00,-97.2351,27.85358,0.0,,,GYSGT BASILONE,,,31.0,29.86102,-90.01583,2025-01-01 18:26:58+00:00,64.0,738535.2031269731,22431.16045697399,True,False,False,False
200000000,2025-01-01 18:29:12+00:00,-97.23512,27.85358,0.0,,,GYSGT BASILONE,,,31.0,27.85358,-97.2351,2025-01-01 18:28:02+00:00,70.0,1.9698900275788755,0.0547021575886988,False,False,False,True
200000000,2025-01-01 18:30:14+00:00,-90.01583,29.86103,0.1,222.6,74.0,GYSGT BASILONE,,,31.0,27.85358,-97.23512,2025-01-01 18:29:12+00:00,62.0,738537.3639927049,23154.814026186767,True,False,False,False
200000000,2025-01-01 18:31:18+00:00,-90.01585,29.86103,0.3,209.7,78.0,GYSGT BASILONE,,,31.0,29.86103,-90.01583,2025-01-01 18:30:14+00:00,64.0,1.932408635310545,0.0586920812759695,False,False,False,True
200000000,2025-01-01 18:32:23+00:00,-97.23511,27.85359,0.0,,,GYSGT BASILONE,,,31.0,29.86103,-90.01585,2025-01-01 18:31:18+00:00,65.0,738534.2090110518,22086.03595144681,True,False,False,False
200000000,2025-01-01 18:33:29+00:00,-90.01585,29.86103,0.0,210.0,77.0,GYSGT BASILONE,,,31.0,27.85359,-97.23511,2025-01-01 18:32:23+00:00,66.0,738534.2090110518,21751.39904309156,True,False,False,False
200000000,2025-01-01 18:34:32+00:00,-97.23512,27.85359,0.0,,,GYSGT BASILONE,,,31.0,29.86103,-90.01585,2025-01-01 18:33:29+00:00,63.0,738535.1388829335,22787.20864073336,True,False,False,False
200000000,2025-01-01 18:35:39+00:00,-90.01584,29.86102,0.0,210.0,72.0,GYSGT BASILONE,,,31.0,27.85359,-97.23512,2025-01-01 18:34:32+00:00,67.0,738535.767634553,21426.796515802234,True,False,False,False
200000000,2025-01-01 18:36:42+00:00,-90.01585,29.86104,0.0,210.0,75.0,GYSGT BASILONE,,,31.0,29.86102,-90.01584,2025-01-01 18:35:39+00:00,63.0,2.418398019466676,0.0746187112088905,False,False,False,True
200000000,2025-01-01 18:37:44+00:00,-97.23513,27.85358,0.0,,,GYSGT BASILONE,,,31.0,29.86104,-90.01585,2025-01-01 18:36:42+00:00,62.0,738536.7352443913,23154.79431350738,True,False,False,False
200000000,2025-01-01 18:38:49+00:00,-90.01586,29.86103,0.0,210.0,76.0,GYSGT BASILONE,,,31.0,27.85358,-97.23513,2025-01-01 18:37:44+00:00,65.0,738535.5042493367,22086.074685846623,True,False,False,False
200000000,2025-01-01 18:39:53+00:00,-97.23512,27.8536,0.0,,,GYSGT BASILONE,,,31.0,29.86103,-90.01586,2025-01-01 18:38:49+00:00,64.0,738533.8436457497,22431.11916613053,True,False,False,False
200000000,2025-01-01 18:40:59+00:00,-90.01585,29.86103,0.0,210.0,76.0,GYSGT BASILONE,,,31.0,27.8536,-97.23512,2025-01-01 18:39:53+00:00,66.0,738534.7735180047,21751.415669018763,True,False,False,False
200000000,2025-01-01 18:42:03+00:00,-97.23514,27.85361,0.0,,,GYSGT BASILONE,,,31.0,29.86103,-90.01585,2025-01-01 18:40:59+00:00,64.0,738536.2679001567,22431.19279679751,True,False,False,False
200000000,2025-01-01 18:43:09+00:00,-90.01585,29.86103,0.0,210.0,74.0,GYSGT BASILONE,,,31.0,27.85361,-97.23514,2025-01-01 18:42:03+00:00,66.0,738536.2679001567,21751.45968174304,True,False,False,False
200000000,2025-01-01 18:44:10+00:00,-90.01585,29.86103,0.0,210.0,75.0,GYSGT BASILONE,,,31.0,29.86103,-90.01585,2025-01-01 18:43:09+00:00,61.0,0.0,0.0,False,False,False,True
200000000,2025-01-01 18:45:12+00:00,-90.01585,29.86104,0.1,210.0,75.0,GYSGT BASILONE,,,31.0,29.86103,-90.01585,2025-01-01 18:44:10+00:00,62.0,1.1085010377375106,0.0347540105999303,False,False,False,True
200000000,2025-01-01 18:46:13+00:00,-97.23511,27.85361,0.0,,,GYSGT BASILONE,,,31.0,29.86104,-90.01585,2025-01-01 18:45:12+00:00,61.0,738533.7794017498,23534.28691397209,True,False,False,False
200000000,2025-01-01 18:47:18+00:00,-90.01584,29.86105,0.0,12.6,74.0,GYSGT BASILONE,,,31.0,27.85361,-97.23511,2025-01-01 18:46:13+00:00,65.0,738535.0103947972,22086.05991701265,True,False,False,False
200000000,2025-01-01 18:48:24+00:00,-97.23512,27.8536,0.0,,,GYSGT BASILONE,,,31.0,29.86105,-90.01584,2025-01-01 18:47:18+00:00,66.0,738536.3056327109,21751.4607930468,True,False,False,False
200000000,2025-01-01 18:49:28+00:00,-90.01583,29.86105,0.0,12.6,76.0,GYSGT BASILONE,,,31.0,27.8536,-97.23512,2025-01-01 18:48:24+00:00,64.0,738537.2355042567,22431.222185353035,True,False,False,False
200000000,2025-01-01 18:50:33+00:00,-97.23515,27.85361,0.0,,,GYSGT BASILONE,,,31.0,29.86105,-90.01583,2025-01-01 18:49:28+00:00,65.0,738539.6597549724,22086.198957201625,True,False,False,False
200000000,2025-01-01 18:51:39+00:00,-90.01585,29.86105,0.0,12.6,74.0,GYSGT BASILONE,,,31.0,27.85361,-97.23515,2025-01-01 18:50:33+00:00,66.0,738537.8000105546,21751.50480564419,True,False,False,False
200000000,2025-01-01 18:52:44+00:00,-97.23513,27.85362,0.0,,,GYSGT BASILONE,,,31.0,29.86105,-90.01585,2025-01-01 18:51:39+00:00,65.0,738535.5749019658,22086.0767987298,True,False,False,False
200000000,2025-01-01 18:53:49+00:00,-90.01587,29.86105,0.0,12.6,76.0,GYSGT BASILONE,,,31.0,27.85362,-97.23513,2025-01-01 18:52:44+00:00,65.0,738533.7151577278,22086.0211826492,True,False,False,False
200000000,2025-01-01 18:54:53+00:00,-97.2351,27.85362,0.0,,,GYSGT BASILONE,,,31.0,29.86105,-90.01587,2025-01-01 18:53:49+00:00,64.0,738530.9255422414,22431.03053603173,True,False,False,False
200000000,2025-01-01 18:55:54+00:00,-97.2351,27.85362,0.0,,,GYSGT BASILONE,,,31.0,27.85362,-97.2351,2025-01-01 18:54:53+00:00,61.0,0.0,0.0,False,False,False,True
200000000,2025-01-01 18:56:58+00:00,-90.01586,29.86106,0.0,12.6,74.0,GYSGT BASILONE,,,31.0,27.85362,-97.2351,2025-01-01 18:55:54+00:00,64.0,738532.1565362748,22431.06792439801,True,False,False,False
200000000,2025-01-01 18:58:03+00:00,-97.23512,27.85364,0.0,,,GYSGT BASILONE,,,31.0,29.86106,-90.01586,2025-01-01 18:56:58+00:00,65.0,738533.2855497428,22086.00833512326,True,False,False,False
200000000,2025-01-01 18:59:08+00:00,-90.01587,29.86106,0.0,12.6,76.0,GYSGT BASILONE,,,31.0,27.85364,-97.23512,2025-01-01 18:58:03+00:00,65.0,738532.355677522,22085.980527079915,True,False,False,False
200000000,2025-01-01 19:00:08+00:00,-90.01587,29.86105,0.0,12.6,76.0,GYSGT BASILONE,,,31.0,29.86106,-90.01587,2025-01-01 18:59:08+00:00,60.0,1.1085010416843,0.0359124777477934,False,False,False,True
200000000,2025-01-01 19:01:13+00:00,-97.23511,27.85362,0.0,,,GYSGT BASILONE,,,31.0,29.86105,-90.01587,2025-01-01 19:00:08+00:00,65.0,738531.8554139542,22085.96556658248,True,False,False,False
200000000,2025-01-01 19:02:19+00:00,-90.01587,29.86105,0.0,12.6,75.0,GYSGT BASILONE,,,31.0,27.85362,-97.23511,2025-01-01 19:01:13+00:00,66.0,738531.8554139542,21751.32972466456,True,False,False,False
200000000,2025-01-01 19:03:23+00:00,-97.2351,27.85363,0.0,,,GYSGT BASILONE,,,31.0,29.86105,-90.01587,2025-01-01 19:02:19+00:00,64.0,738530.5601772175,22431.019438982537,True,False,False,False
200000000,2025-01-01 19:04:29+00:00,-90.01587,29.86106,0.0,12.6,75.0,GYSGT BASILONE,,,31.0,27.85363,-97.2351,2025-01-01 19:03:23+00:00,66.0,738530.8612984931,21751.300445855497,True,False,False,False
200000000,2025-01-01 19:05:34+00:00,-97.2351,27.85363,0.0,,,GYSGT BASILONE,,,31.0,29.86106,-90.01587,2025-01-01 19:04:29+00:00,65.0,738530.8612984931,22085.9358373302,True,False,False,False
200000000,2025-01-01 19:06:38+00:00,-90.01585,29.86106,0.0,12.6,76.0,GYSGT BASILONE,,,31.0,27.85363,-97.2351,2025-01-01 19:05:34+00:00,64.0,738532.721041841,22431.085069843317,True,False,False,False
200000000,2025-01-01 19:07:39+00:00,-90.01584,29.86107,0.1,12.6,71.0,GYSGT BASILONE,,,31.0,29.86106,-90.01585,2025-01-01 19:06:38+00:00,61.0,1.4704845107206548,0.0468587969068727,False,False,False,True
200000000,2025-01-01 19:08:42+00:00,-97.23513,27.85364,0.0,,,GYSGT BASILONE,,,31.0,29.86107,-90.01584,2025-01-01 19:07:39+00:00,63.0,738536.3762855716,22787.246820300723,True,False,False,False
200000000,2025-01-01 19:09:43+00:00,-97.23511,27.85364,0.0,,,GYSGT BASILONE,,,31.0,27.85364,-97.23513,2025-01-01 19:08:42+00:00,61.0,1.9698889431993116,0.0627729331696483,False,False,False,True
200000000,2025-01-01 19:10:50+00:00,-90.01584,29.86106,0.0,215.6,71.0,GYSGT BASILONE,,,31.0,27.85364,-97.23511,2025-01-01 19:09:43+00:00,67.0,738534.2154220794,21426.751482179923,True,False,False,False
200000000,2025-01-01 19:11:54+00:00,-97.23513,27.85363,0.0,,,GYSGT BASILONE,,,31.0,29.86106,-90.01584,2025-01-01 19:10:50+00:00,64.0,738536.4405299244,22431.198039995128,True,False,False,False
200000000,2025-01-01 19:13:04+00:00,-97.23511,27.85363,0.0,,,GYSGT BASILONE,,,31.0,27.85363,-97.23513,2025-01-01 19:11:54+00:00,70.0,1.969889123929388,0.0547021324951271,False,False,False,True
200000000,2025-01-01 19:14:08+00:00,-90.01584,29.86106,0.0,215.6,72.0,GYSGT BASILONE,,,31.0,27.85363,-97.23511,2025-01-01 19:13:04+00:00,64.0,738534.5807856527,22431.14155491224,True,False,False,False
200000000,2025-01-01 19:15:14+00:00,-97.23511,27.85362,0.0,,,GYSGT BASILONE,,,31.0,29.86106,-90.01584,2025-01-01 19:14:08+00:00,66.0,738534.9461506994,21751.420753417813,True,False,False,False
200000000,2025-01-01 19:16:20+00:00,-90.01584,29.86105,0.0,215.6,76.0,GYSGT BASILONE,,,31.0,27.85362,-97.23511,2025-01-01 19:15:14+00:00,66.0,738534.6450297905,21751.411884768306,True,False,False,False
200000000,2025-01-01 19:17:24+00:00,-97.23512,27.85363,0.0,,,GYSGT BASILONE,,,31.0,29.86105,-90.01584,2025-01-01 19:16:20+00:00,64.0,738535.2095388058,22431.16065171738,True,False,False,False
200000000,2025-01-01 19:18:28+00:00,-90.01583,29.86107,0.0,215.6,72.0,GYSGT BASILONE,,,31.0,27.85363,-97.23512,2025-01-01 19:17:24+00:00,64.0,738536.741649915,22431.207185762043,True,False,False,False
200000000,2025-01-01 19:19:33+00:00,-97.23511,27.85364,0.0,,,GYSGT BASILONE,,,31.0,29.86107,-90.01583,2025-01-01 19:18:28+00:00,65.0,738535.4464134758,22086.072956251857,True,False,False,False
200000000,2025-01-01 19:20:39+00:00,-90.01584,29.86106,0.0,215.6,77.0,GYSGT BASILONE,,,31.0,27.85364,-97.23511,2025-01-01 19:19:33+00:00,66.0,738534.2154220794,21751.39923190992,True,False,False,False
200000000,2025-01-01 19:21:43+00:00,-97.23512,27.85365,0.0,,,GYSGT BASILONE,,,31.0,29.86106,-90.01584,2025-01-01 19:20:39+00:00,64.0,738534.7799328046,22431.147603509107,True,False,False,False
200000000,2025-01-01 19:22:49+00:00,-90.01583,29.86107,0.0,215.6,74.0,GYSGT BASILONE,,,31.0,27.85365,-97.23512,2025-01-01 19:21:43+00:00,66.0,738536.0109227049,21751.45211321198,True,False,False,False
200000000,2025-01-01 19:23:53+00:00,-97.23514,27.85364,0.0,,,GYSGT BASILONE,,,31.0,29.86107,-90.01583,2025-01-01 19:22:49+00:00,64.0,738538.2360301135,22431.252573824622,True,False,False,False
200000000,2025-01-01 19:24:58+00:00,-90.01584,29.86106,0.0,215.6,74.0,GYSGT BASILONE,,,31.0,27.85364,-97.23514,2025-01-01 19:23:53+00:00,65.0,738537.0050397805,22086.119567331185,True,False,False,False
200000000,2025-01-01 19:26:04+00:00,-97.23515,27.85364,0.0,,,GYSGT BASILONE,,,31.0,29.86106,-90.01584,2025-01-01 19:24:58+00:00,66.0,738537.9349125784,21751.50877879495,True,False,False,False
200000000,2025-01-01 19:27:09+00:00,-90.01584,29.86106,0.0,215.6,74.0,GYSGT BASILONE,,,31.0,27.85364,-97.23515,2025-01-01 19:26:04+00:00,65.0,738537.9349125784,22086.147375391796,True,False,False,False
200000000,2025-01-01 19:28:13+00:00,-97.23516,27.85363,0.0,,,GYSGT BASILONE,,,31.0,29.86106,-90.01584,2025-01-01 19:27:09+00:00,64.0,738539.230147201,22431.282767645866,True,False,False,False
200000000,2025-01-01 19:29:15+00:00,-90.01585,29.86108,0.1,215.6,73.0,GYSGT BASILONE,,,31.0,27.85363,-97.23516,2025-01-01 19:28:13+00:00,62.0,738538.902514292,23154.862262312603,True,False,False,False
200000000,2025-01-01 19:30:19+00:00,-90.01585,29.86106,0.0,215.6,76.0,GYSGT BASILONE,,,31.0,29.86108,-90.01585,2025-01-01 19:29:15+00:00,64.0,2.2170020885808537,0.0673358959354219,False,False,False,True
200000000,2025-01-01 19:31:23+00:00,-97.23511,27.85362,0.0,,,GYSGT BASILONE,,,31.0,29.86106,-90.01585,2025-01-01 19:30:19+00:00,64.0,738534.0162791098,22431.12440943726,True,False,False,False
200000000,2025-01-01 19:32:29+00:00,-90.01585,29.86107,0.0,215.6,76.0,GYSGT BASILONE,,,31.0,27.85362,-97.23511,2025-01-01 19:31:23+00:00,66.0,738534.3174020228,21751.402235435573,True,False,False,False
200000000,2025-01-01 19:33:39+00:00,-90.01585,29.86107,0.0,215.6,76.0,GYSGT BASILONE,,,31.0,29.86107,-90.01585,2025-01-01 19:32:29+00:00,70.0,0.0,0.0,False,False,False,True
200000000,2025-01-01 19:34:40+00:00,-90.01585,29.86107,0.0,215.6,76.0,GYSGT BASILONE,,,31.0,29.86107,-90.01585,2025-01-01 19:33:39+00:00,61.0,0.0,0.0,False,False,False,True
200000000,2025-01-01 19:35:44+00:00,-97.23512,27.85363,0.0,,,GYSGT BASILONE,,,31.0,29.86107,-90.01585,2025-01-01 19:34:40+00:00,64.0,738534.8819065805,22431.150700707614,True,False,False,False
200000000,2025-01-01 19:36:54+00:00,-97.23512,27.85364,0.0,,,GYSGT BASILONE,,,31.0,27.85363,-97.23512,2025-01-01 19:35:44+00:00,70.0,1.108170946378792,0.0307729573201278,False,False,False,True
200000000,2025-01-01 19:37:58+00:00,-90.01582,29.86108,0.0,215.6,72.0,GYSGT BASILONE,,,31.0,27.85364,-97.23512,2025-01-01 19:36:54+00:00,64.0,738537.6072773223,22431.233477030477,True,False,False,False
200000000,2025-01-01 19:38:59+00:00,-90.01583,29.86106,0.0,215.6,75.0,GYSGT BASILONE,,,31.0,29.86108,-90.01582,2025-01-01 19:37:58+00:00,61.0,2.418397877085393,0.0770652217933388,False,False,False,True
200000000,2025-01-01 19:40:02+00:00,-97.23513,27.85365,0.0,,,GYSGT BASILONE,,,31.0,29.86106,-90.01583,2025-01-01 19:38:59+00:00,63.0,738536.6396788007,22787.254947194284,True,False,False,False
200000000,2025-01-01 19:41:08+00:00,-90.01583,29.86107,0.0,215.6,76.0,GYSGT BASILONE,,,31.0,27.85365,-97.23513,2025-01-01 19:40:02+00:00,66.0,738536.9407952907,21751.47949993209,True,False,False,False
200000000,2025-01-01 19:42:14+00:00,-97.23513,27.85366,0.0,,,GYSGT BASILONE,,,31.0,29.86107,-90.01583,2025-01-01 19:41:08+00:00,66.0,738536.5754342702,21751.468739275027,True,False,False,False
200000000,2025-01-01 19:43:19+00:00,-90.01583,29.86107,0.0,215.6,75.0,GYSGT BASILONE,,,31.0,27.85366,-97.23513,2025-01-01 19:42:14+00:00,65.0,738536.5754342702,22086.10671987926,True,False,False,False
200000000,2025-01-01 19:44:23+00:00,-97.23514,27.85364,0.0,,,GYSGT BASILONE,,,31.0,29.86107,-90.01583,2025-01-01 19:43:19+00:00,64.0,738538.2360301135,22431.252573824622,True,False,False,False
200000000,2025-01-01 19:45:28+00:00,-90.01583,29.86107,0.0,215.6,76.0,GYSGT BASILONE,,,31.0,27.85364,-97.23514,2025-01-01 19:44:23+00:00,65.0,738538.2360301135,22086.15638038117,True,False,False,False
200000000,2025-01-01 19:46:34+00:00,-97.23513,27.85364,0.0,,,GYSGT BASILONE,,,31.0,29.86107,-90.01583,2025-01-01 19:45:28+00:00,66.0,738537.3061577851,21751.49026063256,True,False,False,False
200000000,2025-01-01 19:47:44+00:00,-97.23513,27.85364,0.0,,,GYSGT BASILONE,,,31.0,27.85364,-97.23513,2025-01-01 19:46:34+00:00,70.0,0.0,0.0,False,False,False,True
200000000,2025-01-01 19:48:48+00:00,-90.01582,29.86108,0.0,215.6,72.0,GYSGT BASILONE,,,31.0,27.85364,-97.23513,2025-01-01 19:47:44+00:00,64.0,738538.5371491804,22431.26171956348,True,False,False,False
200000000,2025-01-01 19:49:54+00:00,-97.23515,27.85364,0.0,,,GYSGT BASILONE,,,31.0,29.86108,-90.01582,2025-01-01 19:48:48+00:00,66.0,738540.3968932453,21751.581289347967,True,False,False,False
200000000,2025-01-01 19:50:59+00:00,-90.01583,29.86108,0.0,215.6,74.0,GYSGT BASILONE,,,31.0,27.85364,-97.23515,2025-01-01 19:49:54+00:00,65.0,738539.4670211556,22086.19319345236,True,False,False,False
200000000,2025-01-01 19:52:04+00:00,-97.23512,27.85364,0.0,,,GYSGT BASILONE,,,31.0,29.86108,-90.01583,2025-01-01 19:50:59+00:00,65.0,738536.6774055812,22086.109769354844,True,False,False,False
200000000,2025-01-01 19:53:09+00:00,-90.01583,29.86108,0.0,215.6,75.0,GYSGT BASILONE,,,31.0,27.85364,-97.23512,2025-01-01 19:52:04+00:00,65.0,738536.6774055812,22086.109769354844,True,False,False,False
200000000,2025-01-01 19:54:13+00:00,-97.23512,27.85364,0.0,,,GYSGT BASILONE,,,31.0,29.86108,-90.01583,2025-01-01 19:53:09+00:00,64.0,738536.6774055812,22431.205234501016,True,False,False,False
200000000,2025-01-01 19:55:18+00:00,-90.01583,29.86107,0.0,215.6,76.0,GYSGT BASILONE,,,31.0,27.85364,-97.23512,2025-01-01 19:54:13+00:00,65.0,738536.3762855716,22086.10076429147,True,False,False,False
200000000,2025-01-01 19:56:20+00:00,-90.01584,29.86107,0.0,215.6,76.0,GYSGT BASILONE,,,31.0,29.86107,-90.01583,2025-01-01 19:55:18+00:00,62.0,0.9662039323418748,0.0302926750297327,False,False,False,True
200000000,2025-01-01 19:57:23+00:00,-97.23517,27.85363,0.0,,,GYSGT BASILONE,,,31.0,29.86107,-90.01584,2025-01-01 19:56:20+00:00,63.0,738540.461137968,22787.37285680044,True,False,False,False
200000000,2025-01-01 19:58:28+00:00,-90.01584,29.86107,0.0,215.6,76.0,GYSGT BASILONE,,,31.0,27.85363,-97.23517,2025-01-01 19:57:23+00:00,65.0,738540.461137968,22086.22292274504,True,False,False,False
200000000,2025-01-01 19:59:33+00:00,-97.23515,27.85362,0.0,,,GYSGT BASILONE,,,31.0,29.86107,-90.01584,2025-01-01 19:58:28+00:00,65.0,738538.9667587822,22086.17823299063,True,False,False,False
200000000,2025-01-01 20:00:02+00:00,-97.23515,27.85362,0.0,,,GYSGT BASILONE,,,31.0,27.85362,-97.23515,2025-01-01 19:59:33+00:00,29.0,0.0,0.0,False,False,False,True
200000000,2025-01-01 20:01:09+00:00,-90.01583,29.86106,0.0,215.6,75.0,GYSGT BASILONE,,,31.0,27.85362,-97.23515,2025-01-01 20:00:02+00:00,67.0,738539.5955103867,21426.90757219269,True,False,False,False
200000000,2025-01-01 20:02:30+00:00,-90.01583,29.86107,0.0,215.6,72.0,GYSGT BASILONE,,,31.0,29.86106,-90.01583,2025-01-01 20:01:09+00:00,81.0,1.1085010433031943,0.0266018354075861,False,False,False,True
200000000,2025-01-01 20:03:34+00:00,-97.23514,27.85364,0.0,,,GYSGT BASILONE,,,31.0,29.86107,-90.01583,2025-01-01 20:02:30+00:00,64.0,738538.2360301135,22431.252573824622,True,False,False,False
200000000,2025-01-01 20:04:38+00:00,-90.01584,29.86107,0.0,215.6,76.0,GYSGT BASILONE,,,31.0,27.85364,-97.23514,2025-01-01 20:03:34+00:00,64.0,738537.3061577851,22431.224331277328,True,False,False,False
200000000,2025-01-01 20:05:44+00:00,-97.23514,27.85364,0.0,,,GYSGT BASILONE,,,31.0,29.86107,-90.01584,2025-01-01 20:04:38+00:00,66.0,738537.3061577851,21751.49026063256,True,False,False,False
200000000,2025-01-01 20:06:48+00:00,-90.01583,29.86107,0.0,215.6,75.0,GYSGT BASILONE,,,31.0,27.85364,-97.23514,2025-01-01 20:05:44+00:00,64.0,738538.2360301135,22431.252573824622,True,False,False,False
200000000,2025-01-01 20:07:54+00:00,-97.23514,27.85365,0.0,,,GYSGT BASILONE,,,31.0,29.86107,-90.01583,2025-01-01 20:06:48+00:00,66.0,738537.8706679924,21751.50688665561,True,False,False,False
200000000,2025-01-01 20:09:02+00:00,-97.23514,27.85365,0.0,,,GYSGT BASILONE,,,31.0,27.85365,-97.23514,2025-01-01 20:07:54+00:00,68.0,0.0,0.0,False,False,False,True
200000000,2025-01-01 20:10:03+00:00,-97.23515,27.85365,0.0,,,GYSGT BASILONE,,,31.0,27.85365,-97.23514,2025-01-01 20:09:02+00:00,61.0,0.984944381934433,0.0313864637275316,False,False,False,True
200000000,2025-01-01 20:11:13+00:00,-97.23515,27.85364,0.0,,,GYSGT BASILONE,,,31.0,27.85365,-97.23515,2025-01-01 20:10:03+00:00,70.0,1.1081709476221309,0.0307729573546543,False,False,False,True
200000000,2025-01-01 20:12:19+00:00,-90.01583,29.86108,0.0,215.6,76.0,GYSGT BASILONE,,,31.0,27.85364,-97.23515,2025-01-01 20:11:13+00:00,66.0,738539.4670211556,21751.553902642478,True,False,False,False
200000000,2025-01-01 20:13:22+00:00,-97.23516,27.85364,0.0,,,GYSGT BASILONE,,,31.0,29.86108,-90.01583,2025-01-01 20:12:19+00:00,63.0,738540.3968932453,22787.37087455501,True,False,False,False
200000000,2025-01-01 20:14:30+00:00,-90.01584,29.86108,0.0,215.6,75.0,GYSGT BASILONE,,,31.0,27.85364,-97.23516,2025-01-01 20:13:22+00:00,68.0,738539.4670211555,21111.80231727063,True,False,False,False
200000000,2025-01-01 20:15:33+00:00,-97.23516,27.85365,0.0,,,GYSGT BASILONE,,,31.0,29.86108,-90.01584,2025-01-01 20:14:30+00:00,63.0,738539.1016578914,22787.330910582157,True,False,False,False
200000000,2025-01-01 20:16:34+00:00,-97.23515,27.85365,0.0,,,GYSGT BASILONE,,,31.0,27.85365,-97.23516,2025-01-01 20:15:33+00:00,61.0,0.9849443805347426,0.0313864636829287,False,False,False,True
200000000,2025-01-01 20:17:39+00:00,-90.01585,29.86109,0.0,215.6,76.0,GYSGT BASILONE,,,31.0,27.85365,-97.23515,2025-01-01 20:16:34+00:00,65.0,738537.5430328735,22086.13565613878,True,False,False,False
200000000,2025-01-01 20:18:44+00:00,-97.23515,27.85365,0.0,,,GYSGT BASILONE,,,31.0,29.86109,-90.01585,2025-01-01 20:17:39+00:00,65.0,738537.5430328735,22086.13565613878,True,False,False,False
200000000,2025-01-01 20:19:52+00:00,-97.23514,27.85364,0.0,,,GYSGT BASILONE,,,31.0,27.85365,-97.23515,2025-01-01 20:18:44+00:00,68.0,1.4826187553150425,0.0423819653136998,False,False,False,True
200000000,2025-01-01 20:20:58+00:00,-90.01584,29.86108,0.0,215.6,76.0,GYSGT BASILONE,,,31.0,27.85364,-97.23514,2025-01-01 20:19:52+00:00,66.0,738537.607277323,21751.499129241693,True,False,False,False
200000000,2025-01-01 20:22:02+00:00,-97.23516,27.85362,0.0,,,GYSGT BASILONE,,,31.0,29.86108,-90.01584,2025-01-01 20:20:58+00:00,64.0,738540.1977521072,22431.312156225875,True,False,False,False
200000000,2025-01-01 20:23:08+00:00,-90.01583,29.86108,0.0,215.6,73.0,GYSGT BASILONE,,,31.0,27.85362,-97.23516,2025-01-01 20:22:02+00:00,66.0,738541.1276234514,21751.602810902576,True,False,False,False
200000000,2025-01-01 20:24:10+00:00,-90.01583,29.86109,0.0,215.6,73.0,GYSGT BASILONE,,,31.0,29.86108,-90.01583,2025-01-01 20:23:08+00:00,62.0,1.108501046542365,0.0347540108759824,False,False,False,True
200000000,2025-01-01 20:25:13+00:00,-97.23512,27.85363,0.0,,,GYSGT BASILONE,,,31.0,29.86109,-90.01583,2025-01-01 20:24:10+00:00,63.0,738537.3438944953,22787.27667549009,True,False,False,False
200000000,2025-01-01 20:26:19+00:00,-90.01586,29.86108,0.0,215.6,76.0,GYSGT BASILONE,,,31.0,27.85363,-97.23512,2025-01-01 20:25:13+00:00,66.0,738534.2531580211,21751.40034331345,True,False,False,False
200000000,2025-01-01 20:27:23+00:00,-97.23511,27.85366,0.0,,,GYSGT BASILONE,,,31.0,29.86108,-90.01586,2025-01-01 20:26:19+00:00,64.0,738532.2271894986,22431.07007031305,True,False,False,False
200000000,2025-01-01 20:28:29+00:00,-90.01585,29.8611,0.0,215.6,72.0,GYSGT BASILONE,,,31.0,27.85366,-97.23511,2025-01-01 20:27:23+00:00,66.0,738533.7593029077,21751.38579823279,True,False,False,False
200000000,2025-01-01 20:29:32+00:00,-97.2351,27.85366,0.0,,,GYSGT BASILONE,,,31.0,29.8611,-90.01585,2025-01-01 20:28:29+00:00,63.0,738532.829431823,22787.137383535788,True,False,False,False
200000000,2025-01-01 20:30:38+00:00,-90.01585,29.86108,,,76.0,GYSGT BASILONE,,,31.0,27.85366,-97.2351,2025-01-01 20:29:32+00:00,66.0,738532.2271894986,21751.340674242954,True,False,False,False
200000000,2025-01-01 20:31:43+00:00,-97.2351,27.85364,0.0,,,GYSGT BASILONE,,,31.0,29.86108,-90.01585,2025-01-01 20:30:38+00:00,65.0,738532.957919768,22085.998537273263,True,False,False,False
200000000,2025-01-01 20:32:49+00:00,-90.01584,29.86108,0.0,215.6,75.0,GYSGT BASILONE,,,31.0,27.85364,-97.2351,2025-01-01 20:31:43+00:00,66.0,738533.8877910489,21751.389582481097,True,False,False,False
200000000,2025-01-01 20:33:40+00:00,-90.01586,29.86104,0.0,220.6,77.0,GYSGT BASILONE,,,31.0,29.86108,-90.01584,2025-01-01 20:32:49+00:00,51.0,4.83679582730397,0.1843521019793441,False,False,False,True
200000000,2025-01-01 20:33:53+00:00,-97.23513,27.85364,0.0,,,GYSGT BASILONE,,,31.0,29.86104,-90.01586,2025-01-01 20:33:40+00:00,13.0,738533.6131878537,110430.09066608288,True,False,False,False
200000000,2025-01-01 20:34:58+00:00,-90.01585,29.86107,0.0,215.6,76.0,GYSGT BASILONE,,,31.0,27.85364,-97.23513,2025-01-01 20:33:53+00:00,65.0,738535.4464134745,22086.07295625182,True,False,False,False
200000000,2025-01-01 20:36:02+00:00,-97.23512,27.85365,0.0,,,GYSGT BASILONE,,,31.0,29.86107,-90.01585,2025-01-01 20:34:58+00:00,64.0,738534.1511778813,22431.1285066502,True,False,False,False
200000000,2025-01-01 20:37:09+00:00,-90.01585,29.86108,0.0,215.6,76.0,GYSGT BASILONE,,,31.0,27.85365,-97.23512,2025-01-01 20:36:02+00:00,67.0,738534.4522973164,21426.758354531576,True,False,False,False
200000000,2025-01-01 20:38:14+00:00,-97.23513,27.85365,0.0,,,GYSGT BASILONE,,,31.0,29.86108,-90.01585,2025-01-01 20:37:09+00:00,65.0,738535.3821691995,22086.07103501195,True,False,False,False
200000000,2025-01-01 20:39:19+00:00,-90.01584,29.86107,0.0,215.6,76.0,GYSGT BASILONE,,,31.0,27.85365,-97.23513,2025-01-01 20:38:14+00:00,65.0,738536.0109227049,22086.089838030628,True,False,False,False
200000000,2025-01-01 20:40:23+00:00,-97.23514,27.85366,0.0,,,GYSGT BASILONE,,,31.0,29.86107,-90.01584,2025-01-01 20:39:19+00:00,64.0,738536.5754342702,22431.20213737737,True,False,False,False
200000000,2025-01-01 20:41:30+00:00,-90.01583,29.86108,0.0,215.6,76.0,GYSGT BASILONE,,,31.0,27.85366,-97.23514,2025-01-01 20:40:23+00:00,67.0,738537.806423384,21426.855666239266,True,False,False,False
200000000,2025-01-01 20:42:33+00:00,-97.23514,27.85366,0.0,,,GYSGT BASILONE,,,31.0,29.86108,-90.01583,2025-01-01 20:41:30+00:00,63.0,738537.806423384,22787.29094663541,True,False,False,False
200000000,2025-01-01 20:43:43+00:00,-97.23513,27.85366,0.0,,,GYSGT BASILONE,,,31.0,27.85366,-97.23514,2025-01-01 20:42:33+00:00,70.0,0.9849442915693344,0.0273510587389162,False,False,False,True
200000000,2025-01-01 20:44:50+00:00,-90.01584,29.86108,0.0,215.6,76.0,GYSGT BASILONE,,,31.0,27.85366,-97.23513,2025-01-01 20:43:43+00:00,67.0,738535.9466782926,21426.80171031541,True,False,False,False
200000000,2025-01-01 20:45:53+00:00,-97.23511,27.85364,0.0,,,GYSGT BASILONE,,,31.0,29.86108,-90.01584,2025-01-01 20:44:50+00:00,63.0,738534.8176624443,22787.198729602635,True,False,False,False
200000000,2025-01-01 20:47:00+00:00,-90.01584,29.8611,0.0,215.6,73.0,GYSGT BASILONE,,,31.0,27.85364,-97.23511,2025-01-01 20:45:53+00:00,67.0,738535.4199089461,21426.78642740009,True,False,False,False
200000000,2025-01-01 20:48:03+00:00,-97.23513,27.85363,0.0,,,GYSGT BASILONE,,,31.0,29.8611,-90.01584,2025-01-01 20:47:00+00:00,63.0,738537.6450190888,22787.28596656993,True,False,False,False
200000000,2025-01-01 20:49:10+00:00,-90.01584,29.86108,0.0,215.6,76.0,GYSGT BASILONE,,,31.0,27.85363,-97.23513,2025-01-01 20:48:03+00:00,67.0,738537.0427714378,21426.833510758683,True,False,False,False
200000000,2025-01-01 20:50:13+00:00,-97.23513,27.85363,0.0,,,GYSGT BASILONE,,,31.0,29.86108,-90.01584,2025-01-01 20:49:10+00:00,63.0,738537.0427714378,22787.26738445765,True,False,False,False
200000000,2025-01-01 20:51:18+00:00,-90.01585,29.8611,0.0,215.6,72.0,GYSGT BASILONE,,,31.0,27.85363,-97.23513,2025-01-01 20:50:13+00:00,65.0,738536.7151487743,22086.110898073744,True,False,False,False
200000000,2025-01-01 20:52:23+00:00,-97.23515,27.85365,0.0,,,GYSGT BASILONE,,,31.0,29.8611,-90.01585,2025-01-01 20:51:18+00:00,65.0,738537.8441539673,22086.144661234583,True,False,False,False
200000000,2025-01-01 20:53:30+00:00,-90.01585,29.86108,0.0,215.6,76.0,GYSGT BASILONE,,,31.0,27.85365,-97.23515,2025-01-01 20:52:23+00:00,67.0,738537.241913315,21426.839288369825,True,False,False,False
200000000,2025-01-01 20:54:33+00:00,-97.23514,27.85364,0.0,,,GYSGT BASILONE,,,31.0,29.86108,-90.01585,2025-01-01 20:53:30+00:00,63.0,738536.6774055812,22787.256111239127,True,False,False,False
200000000,2025-01-01 20:55:44+00:00,-97.23513,27.85366,0.0,,,GYSGT BASILONE,,,31.0,27.85364,-97.23514,2025-01-01 20:54:33+00:00,71.0,2.4253426235434947,0.0664010986668843,False,False,False,True
200000000,2025-01-01 20:56:49+00:00,-90.01584,29.86108,0.0,215.6,75.0,GYSGT BASILONE,,,31.0,27.85366,-97.23513,2025-01-01 20:55:44+00:00,65.0,738535.9466782926,22086.08791678665,True,False,False,False
200000000,2025-01-01 20:57:53+00:00,-97.23514,27.85365,0.0,,,GYSGT BASILONE,,,31.0,29.86108,-90.01584,2025-01-01 20:56:49+00:00,64.0,738537.241913315,22431.22238001216,True,False,False,False
200000000,2025-01-01 20:58:58+00:00,-90.01584,29.86108,0.0,215.6,75.0,GYSGT BASILONE,,,31.0,27.85365,-97.23514,2025-01-01 20:57:53+00:00,65.0,738537.241913315,22086.126651088896,True,False,False,False
200000000,2025-01-01 20:59:59+00:00,-90.01583,29.86108,0.0,215.6,71.0,GYSGT BASILONE,,,31.0,29.86108,-90.01584,2025-01-01 20:58:58+00:00,61.0,0.9662038360134516,0.0307892731901047,False,False,False,True
200000000,2025-01-01 21:00:09+00:00,-90.01583,29.86108,0.0,215.6,71.0,GYSGT BASILONE,,,31.0,29.86108,-90.01583,2025-01-01 20:59:59+00:00,10.0,0.0,0.0,False,False,False,True
200000000,2025-01-01 21:01:14+00:00,-97.23516,27.85364,0.0,,,GYSGT BASILONE,,,31.0,29.86108,-90.01583,2025-01-01 21:00:09+00:00,65.0,738540.3968932453,22086.221001491784,True,False,False,False
200000000,2025-01-01 21:02:18+00:00,-90.01585,29.86107,0.0,215.6,77.0,GYSGT BASILONE,,,31.0,27.85364,-97.23516,2025-01-01 21:01:14+00:00,64.0,738538.2360301124,22431.25257382459,True,False,False,False
200000000,2025-01-01 21:03:24+00:00,-97.23515,27.85363,0.0,,,GYSGT BASILONE,,,31.0,29.86107,-90.01585,2025-01-01 21:02:18+00:00,66.0,738537.6715217545,21751.501021376476,True,False,False,False
200000000,2025-01-01 21:04:29+00:00,-90.01584,29.86107,0.0,215.6,75.0,GYSGT BASILONE,,,31.0,27.85363,-97.23515,2025-01-01 21:03:24+00:00,65.0,738538.6013937101,22086.16730666384,True,False,False,False
200000000,2025-01-01 21:05:34+00:00,-97.23516,27.85364,0.0,,,GYSGT BASILONE,,,31.0,29.86107,-90.01584,2025-01-01 21:04:29+00:00,65.0,738539.1659025567,22086.18418843117,True,False,False,False
200000000,2025-01-01 21:06:38+00:00,-90.01583,29.86107,0.0,215.6,74.0,GYSGT BASILONE,,,31.0,27.85364,-97.23516,2025-01-01 21:05:34+00:00,64.0,738540.0957751161,22431.309058929717,True,False,False,False
200000000,2025-01-01 21:07:44+00:00,-97.23513,27.85363,0.0,,,GYSGT BASILONE,,,31.0,29.86107,-90.01583,2025-01-01 21:06:38+00:00,66.0,738537.6715217545,21751.501021376476,True,False,False,False
200000000,2025-01-01 21:08:48+00:00,-90.01583,29.86106,0.0,215.6,76.0,GYSGT BASILONE,,,31.0,27.85363,-97.23513,2025-01-01 21:07:44+00:00,64.0,738537.370402235,22431.22628254188,True,False,False,False
200000000,2025-01-01 21:09:59+00:00,-90.01583,29.86107,0.0,215.6,76.0,GYSGT BASILONE,,,31.0,29.86106,-90.01583,2025-01-01 21:08:48+00:00,71.0,1.1085010433031943,0.0303485727889363,False,False,False,True
200000000,2025-01-01 21:10:50+00:00,-90.01587,29.86105,0.0,220.6,74.0,GYSGT BASILONE,,,31.0,29.86107,-90.01583,2025-01-01 21:09:59+00:00,51.0,4.45554731167159,0.1698210016925432,False,False,False,True
200000000,2025-01-01 21:11:03+00:00,-97.23514,27.85363,0.0,,,GYSGT BASILONE,,,31.0,29.86105,-90.01587,2025-01-01 21:10:50+00:00,13.0,738534.2796662565,110430.19032203508,True,False,False,False
200000000,2025-01-01 21:12:08+00:00,-90.01585,29.86105,0.0,215.6,77.0,GYSGT BASILONE,,,31.0,27.85363,-97.23514,2025-01-01 21:11:03+00:00,65.0,738536.1394114698,22086.09368051679,True,False,False,False
200000000,2025-01-01 21:13:12+00:00,-97.23515,27.85363,0.0,,,GYSGT BASILONE,,,31.0,29.86105,-90.01585,2025-01-01 21:12:08+00:00,64.0,738537.0692842506,22431.2171368359,True,False,False,False
200000000,2025-01-01 21:14:19+00:00,-90.01586,29.86108,0.0,215.6,74.0,GYSGT BASILONE,,,31.0,27.85363,-97.23515,2025-01-01 21:13:12+00:00,67.0,738537.0427714378,21426.833510758683,True,False,False,False
200000000,2025-01-01 21:15:23+00:00,-97.23515,27.85362,0.0,,,GYSGT BASILONE,,,31.0,29.86108,-90.01586,2025-01-01 21:14:19+00:00,64.0,738537.4081387692,22431.22742869477,True,False,False,False
200000000,2025-01-01 21:16:28+00:00,-90.01587,29.86107,0.0,215.6,73.0,GYSGT BASILONE,,,31.0,27.85362,-97.23515,2025-01-01 21:15:23+00:00,65.0,738536.1771443782,22086.094808928123,True,False,False,False
200000000,2025-01-01 21:17:32+00:00,-97.23515,27.85365,0.0,,,GYSGT BASILONE,,,31.0,29.86107,-90.01587,2025-01-01 21:16:28+00:00,64.0,738535.0810502354,22431.156749198275,True,False,False,False
200000000,2025-01-01 21:18:39+00:00,-90.01586,29.86106,0.0,215.6,76.0,GYSGT BASILONE,,,31.0,27.85365,-97.23515,2025-01-01 21:17:32+00:00,67.0,738535.7098057449,21426.79483804178,True,False,False,False
200000000,2025-01-01 21:19:44+00:00,-97.23514,27.85362,0.0,,,GYSGT BASILONE,,,31.0,29.86106,-90.01586,2025-01-01 21:18:39+00:00,65.0,738535.8760224045,22086.08580380601,True,False,False,False
200000000,2025-01-01 21:20:45+00:00,-90.01584,29.86106,0.1,36.5,74.0,GYSGT BASILONE,,,31.0,27.85362,-97.23514,2025-01-01 21:19:44+00:00,61.0,738537.7357661644,23534.41298838854,True,False,False,False
200000000,2025-01-01 21:21:49+00:00,-90.01584,29.86106,0.0,222.9,75.0,GYSGT BASILONE,,,31.0,29.86106,-90.01584,2025-01-01 21:20:45+00:00,64.0,0.0,0.0,False,False,False,True
200000000,2025-01-01 21:22:54+00:00,-97.23511,27.8536,0.0,,,GYSGT BASILONE,,,31.0,29.86106,-90.01584,2025-01-01 21:21:49+00:00,65.0,738535.6768852188,22086.07984856252,True,False,False,False
200000000,2025-01-01 21:23:59+00:00,-90.01584,29.86106,0.0,222.9,76.0,GYSGT BASILONE,,,31.0,27.8536,-97.23511,2025-01-01 21:22:54+00:00,65.0,738535.6768852188,22086.07984856252,True,False,False,False
200000000,2025-01-01 21:25:03+00:00,-97.23512,27.85361,0.0,,,GYSGT BASILONE,,,31.0,29.86106,-90.01584,2025-01-01 21:23:59+00:00,64.0,738536.2413885536,22431.191991573847,True,False,False,False
200000000,2025-01-01 21:26:08+00:00,-90.01584,29.86107,0.0,222.9,75.0,GYSGT BASILONE,,,31.0,27.85361,-97.23512,2025-01-01 21:25:03+00:00,65.0,738536.542512043,22086.105735332458,True,False,False,False
200000000,2025-01-01 21:27:09+00:00,-90.01583,29.86107,0.0,222.9,72.0,GYSGT BASILONE,,,31.0,29.86107,-90.01584,2025-01-01 21:26:08+00:00,61.0,0.9662039323418748,0.0307892762597283,False,False,False,True
200000000,2025-01-01 21:28:13+00:00,-97.23514,27.85361,0.0,,,GYSGT BASILONE,,,31.0,29.86107,-90.01583,2025-01-01 21:27:09+00:00,64.0,738539.3321253286,22431.285864976544,True,False,False,False
200000000,2025-01-01 21:29:18+00:00,-90.01584,29.86106,,,75.0,GYSGT BASILONE,,,31.0,27.85361,-97.23514,2025-01-01 21:28:13+00:00,65.0,738538.1011315685,22086.152346209048,True,False,False,False
200000000,2025-01-01 21:30:23+00:00,-97.23514,27.85363,0.0,,,GYSGT BASILONE,,,31.0,29.86106,-90.01584,2025-01-01 21:29:18+00:00,65.0,738537.370402235,22086.1304935797,True,False,False,False
200000000,2025-01-01 21:31:30+00:00,-90.01583,29.86106,0.0,222.9,77.0,GYSGT BASILONE,,,31.0,27.85363,-97.23514,2025-01-01 21:30:23+00:00,67.0,738538.3002746619,21426.86999411789,True,False,False,False
200000000,2025-01-01 21:32:33+00:00,-97.23514,27.85361,0.0,,,GYSGT BASILONE,,,31.0,29.86106,-90.01583,2025-01-01 21:31:30+00:00,63.0,738539.0310032493,22787.32873056121,True,False,False,False
200000000,2025-01-01 21:33:39+00:00,-90.01584,29.86106,0.0,222.9,74.0,GYSGT BASILONE,,,31.0,27.85361,-97.23514,2025-01-01 21:32:33+00:00,66.0,738538.1011315685,21751.51367429679,True,False,False,False
200000000,2025-01-01 21:34:44+00:00,-97.23517,27.85362,0.0,,,GYSGT BASILONE,,,31.0,29.86106,-90.01584,2025-01-01 21:33:39+00:00,65.0,738540.5253826699,22086.22484399768,True,False,False,False
200000000,2025-01-01 21:35:49+00:00,-90.01583,29.86106,0.0,222.9,73.0,GYSGT BASILONE,,,31.0,27.85362,-97.23517,2025-01-01 21:34:44+00:00,65.0,738541.4552550709,22086.252652046416,True,False,False,False
200000000,2025-01-01 21:36:53+00:00,-97.23516,27.85363,0.0,,,GYSGT BASILONE,,,31.0,29.86106,-90.01583,2025-01-01 21:35:49+00:00,64.0,738540.1600198585,22431.311010203157,True,False,False,False
200000000,2025-01-01 21:38:00+00:00,-90.01584,29.86105,0.0,222.9,76.0,GYSGT BASILONE,,,31.0,27.85363,-97.23516,2025-01-01 21:36:53+00:00,67.0,738538.9290301574,21426.888235910166,True,False,False,False
200000000,2025-01-01 21:39:03+00:00,-97.23517,27.85361,0.0,,,GYSGT BASILONE,,,31.0,29.86105,-90.01584,2025-01-01 21:38:00+00:00,63.0,738540.5896273531,22787.37682128943,True,False,False,False
200000000,2025-01-01 21:40:08+00:00,-90.01584,29.86106,0.0,222.9,72.0,GYSGT BASILONE,,,31.0,27.85361,-97.23517,2025-01-01 21:39:03+00:00,65.0,738540.8907469572,22086.235770301,True,False,False,False
200000000,2025-01-01 21:41:09+00:00,-90.01584,29.86106,0.0,222.9,75.0,GYSGT BASILONE,,,31.0,29.86106,-90.01584,2025-01-01 21:40:08+00:00,61.0,0.0,0.0,False,False,False,True
200000000,2025-01-01 21:42:13+00:00,-97.23515,27.8536,0.0,,,GYSGT BASILONE,,,31.0,29.86106,-90.01584,2025-01-01 21:41:09+00:00,64.0,738539.3963697559,22431.28781624041,True,False,False,False
200000000,2025-01-01 21:43:14+00:00,-97.23515,27.85361,0.0,,,GYSGT BASILONE,,,31.0,27.8536,-97.23515,2025-01-01 21:42:13+00:00,61.0,1.1081709415939054,0.0353132295591458,False,False,False,True
200000000,2025-01-01 21:44:20+00:00,-90.01585,29.86107,0.0,222.9,72.0,GYSGT BASILONE,,,31.0,27.85361,-97.23515,2025-01-01 21:43:14+00:00,66.0,738538.4022541171,21751.52254299459,True,False,False,False
200000000,2025-01-01 21:45:23+00:00,-97.23515,27.85361,0.0,,,GYSGT BASILONE,,,31.0,29.86107,-90.01585,2025-01-01 21:44:20+00:00,63.0,738538.4022541171,22787.30933075624,True,False,False,False
200000000,2025-01-01 21:46:28+00:00,-90.01585,29.86105,0.0,222.9,74.0,GYSGT BASILONE,,,31.0,27.85361,-97.23515,2025-01-01 21:45:23+00:00,65.0,738537.8000105546,22086.14334111564,True,False,False,False
200000000,2025-01-01 21:47:29+00:00,-90.01583,29.86106,0.0,222.9,72.0,GYSGT BASILONE,,,31.0,29.86105,-90.01585,2025-01-01 21:46:28+00:00,61.0,2.227773738795844,0.0709907492528018,False,False,False,True
200000000,2025-01-01 21:48:33+00:00,-97.23517,27.85361,0.0,,,GYSGT BASILONE,,,31.0,29.86106,-90.01583,2025-01-01 21:47:29+00:00,64.0,738541.8206189837,22431.36144675008,True,False,False,False
200000000,2025-01-01 21:49:40+00:00,-90.01584,29.86106,0.0,222.9,75.0,GYSGT BASILONE,,,31.0,27.85361,-97.23517,2025-01-01 21:48:33+00:00,67.0,738540.8907469572,21426.945150292016,True,False,False,False
200000000,2025-01-01 21:50:43+00:00,-97.23515,27.85359,0.0,,,GYSGT BASILONE,,,31.0,29.86106,-90.01584,2025-01-01 21:49:40+00:00,63.0,738539.7617377373,22787.351277083864,True,False,False,False
200000000,2025-01-01 21:51:49+00:00,-90.01584,29.86106,0.0,222.9,71.0,GYSGT BASILONE,,,31.0,27.85359,-97.23515,2025-01-01 21:50:43+00:00,66.0,738539.7617377373,21751.56258267096,True,False,False,False
200000000,2025-01-01 21:52:53+00:00,-97.23518,27.85362,0.0,,,GYSGT BASILONE,,,31.0,29.86106,-90.01584,2025-01-01 21:51:49+00:00,64.0,738541.4552550709,22431.350349734643,True,False,False,False
200000000,2025-01-01 21:53:54+00:00,-97.23517,27.85361,0.0,,,GYSGT BASILONE,,,31.0,27.85362,-97.23518,2025-01-01 21:52:53+00:00,61.0,1.482618931494673,0.0472454751442066,False,False,False,True
200000000,2025-01-01 21:55:00+00:00,-90.01585,29.86107,0.0,222.9,71.0,GYSGT BASILONE,,,31.0,27.85361,-97.23517,2025-01-01 21:53:54+00:00,66.0,738540.2619966523,21751.577316357165,True,False,False,False
200000000,2025-01-01 21:56:04+00:00,-97.23514,27.85362,0.0,,,GYSGT BASILONE,,,31.0,29.86107,-90.01585,2025-01-01 21:55:00+00:00,64.0,738537.1070157312,22431.218282835296,True,False,False,False
200000000,2025-01-01 21:57:10+00:00,-90.01583,29.86106,0.0,222.9,75.0,GYSGT BASILONE,,,31.0,27.85362,-97.23514,2025-01-01 21:56:04+00:00,66.0,738538.6656382177,21751.530300215047,True,False,False,False
200000000,2025-01-01 21:58:12+00:00,-97.23514,27.85362,0.0,,,GYSGT BASILONE,,,31.0,29.86106,-90.01583,2025-01-01 21:57:10+00:00,62.0,738538.6656382177,23154.85483571279,True,False,False,False
200000000,2025-01-01 21:59:14+00:00,-97.23513,27.85362,0.0,,,GYSGT BASILONE,,,31.0,27.85362,-97.23514,2025-01-01 21:58:12+00:00,62.0,0.9849446530295488,0.0308802389410477,False,False,False,True
200000000,2025-01-01 22:00:10+00:00,-90.01583,29.86106,0.0,222.9,71.0,GYSGT BASILONE,,,31.0,27.85362,-97.23513,2025-01-01 21:59:14+00:00,56.0,738537.7357661644,25635.6998623518,True,False,False,False
200000000,2025-01-01 22:01:14+00:00,-97.23513,27.85362,0.0,,,GYSGT BASILONE,,,31.0,29.86106,-90.01583,2025-01-01 22:00:10+00:00,64.0,738537.7357661644,22431.237379557828,True,False,False,False
200000000,2025-01-01 22:02:24+00:00,-97.23513,27.85362,0.0,,,GYSGT BASILONE,,,31.0,27.85362,-97.23513,2025-01-01 22:01:14+00:00,70.0,0.0,0.0,False,False,False,True
200000000,2025-01-01 22:03:28+00:00,-90.01586,29.86105,0.0,218.6,76.0,GYSGT BASILONE,,,31.0,27.85362,-97.23513,2025-01-01 22:02:24+00:00,64.0,738534.6450297887,22431.143506167256,True,False,False,False
200000000,2025-01-01 22:04:33+00:00,-97.23512,27.85361,0.0,,,GYSGT BASILONE,,,31.0,29.86105,-90.01586,2025-01-01 22:03:28+00:00,65.0,738534.0805231078,22086.0321089852,True,False,False,False
200000000,2025-01-01 22:05:38+00:00,-90.01585,29.86105,0.0,218.6,74.0,GYSGT BASILONE,,,31.0,27.85361,-97.23512,2025-01-01 22:04:33+00:00,65.0,738535.0103947966,22086.05991701264,True,False,False,False
200000000,2025-01-01 22:07:00+00:00,-90.01584,29.86105,0.0,218.6,74.0,GYSGT BASILONE,,,31.0,29.86105,-90.01585,2025-01-01 22:05:38+00:00,82.0,0.9662041249986324,0.0229042222724066,False,False,False,True
200000000,2025-01-01 22:08:03+00:00,-97.23513,27.85362,0.0,,,GYSGT BASILONE,,,31.0,29.86105,-90.01584,2025-01-01 22:07:00+00:00,63.0,738536.5047742575,22787.25078476814,True,False,False,False
200000000,2025-01-01 22:09:04+00:00,-97.23514,27.85362,0.0,,,GYSGT BASILONE,,,31.0,27.85362,-97.23513,2025-01-01 22:08:03+00:00,61.0,0.9849446530295488,0.0313864723663107,False,False,False,True
200000000,2025-01-01 22:10:09+00:00,-90.01586,29.86107,0.0,218.6,72.0,GYSGT BASILONE,,,31.0,27.85362,-97.23514,2025-01-01 22:09:04+00:00,65.0,738536.1771443782,22086.094808928123,True,False,False,False
200000000,2025-01-01 22:11:14+00:00,-97.23512,27.85362,0.0,,,GYSGT BASILONE,,,31.0,29.86107,-90.01586,2025-01-01 22:10:09+00:00,65.0,738534.3174020222,22086.0391929038,True,False,False,False
200000000,2025-01-01 22:12:18+00:00,-90.01585,29.86106,0.0,218.6,75.0,GYSGT BASILONE,,,31.0,27.85362,-97.23512,2025-01-01 22:11:14+00:00,64.0,738534.9461506988,22431.1526519621,True,False,False,False
200000000,2025-01-01 22:13:24+00:00,-97.23511,27.85361,0.0,,,GYSGT BASILONE,,,31.0,29.86106,-90.01585,2025-01-01 22:12:18+00:00,66.0,738534.3816460044,21751.404127557107,True,False,False,False
200000000,2025-01-01 22:14:29+00:00,-90.01584,29.86105,0.0,218.6,74.0,GYSGT BASILONE,,,31.0,27.85361,-97.23511,2025-01-01 22:13:24+00:00,65.0,738535.0103947972,22086.05991701265,True,False,False,False
200000000,2025-01-01 22:15:32+00:00,-97.23512,27.85362,0.0,,,GYSGT BASILONE,,,31.0,29.86105,-90.01584,2025-01-01 22:14:29+00:00,63.0,738535.5749019658,22787.222093927576,True,False,False,False
200000000,2025-01-01 22:16:40+00:00,-90.01583,29.86107,0.0,218.6,72.0,GYSGT BASILONE,,,31.0,27.85362,-97.23512,2025-01-01 22:15:32+00:00,68.0,738537.1070157312,21111.73485443322,True,False,False,False
200000000,2025-01-01 22:17:43+00:00,-97.23511,27.85362,0.0,,,GYSGT BASILONE,,,31.0,29.86107,-90.01583,2025-01-01 22:16:40+00:00,63.0,738536.1771443805,22787.240675878296,True,False,False,False
200000000,2025-01-01 22:18:49+00:00,-90.01584,29.86105,0.0,218.6,74.0,GYSGT BASILONE,,,31.0,27.85362,-97.23511,2025-01-01 22:17:43+00:00,66.0,738534.6450297905,21751.411884768306,True,False,False,False
200000000,2025-01-01 22:19:54+00:00,-97.23511,27.85361,0.0,,,GYSGT BASILONE,,,31.0,29.86105,-90.01584,2025-01-01 22:18:49+00:00,65.0,738535.0103947972,22086.05991701265,True,False,False,False
200000000,2025-01-01 22:21:00+00:00,-90.01584,29.86105,0.0,218.6,77.0,GYSGT BASILONE,,,31.0,27.85361,-97.23511,2025-01-01 22:19:54+00:00,66.0,738535.0103947972,21751.422645542767,True,False,False,False
200000000,2025-01-01 22:22:04+00:00,-97.2351,27.85362,0.0,,,GYSGT BASILONE,,,31.0,29.86105,-90.01584,2025-01-01 22:21:00+00:00,64.0,738533.7151577297,22431.115263628144,True,False,False,False
200000000,2025-01-01 22:23:08+00:00,-90.01584,29.86106,0.0,218.6,73.0,GYSGT BASILONE,,,31.0,27.85362,-97.2351,2025-01-01 22:22:04+00:00,64.0,738534.0162791098,22431.12440943726,True,False,False,False
200000000,2025-01-01 22:24:14+00:00,-97.23514,27.85362,0.0,,,GYSGT BASILONE,,,31.0,29.86106,-90.01584,2025-01-01 22:23:08+00:00,66.0,738537.7357661644,21751.50291351062,True,False,False,False
200000000,2025-01-01 22:25:18+00:00,-90.01585,29.86105,0.0,218.6,75.0,GYSGT BASILONE,,,31.0,27.85362,-97.23514,2025-01-01 22:24:14+00:00,64.0,738536.5047742575,22431.199991256137,True,False,False,False
200000000,2025-01-01 22:26:23+00:00,-97.23511,27.85363,0.0,,,GYSGT BASILONE,,,31.0,29.86105,-90.01585,2025-01-01 22:25:18+00:00,65.0,738533.3497938231,22086.01025635731,True,False,False,False
200000000,2025-01-01 22:27:28+00:00,-90.01584,29.86106,0.0,218.6,73.0,GYSGT BASILONE,,,31.0,27.85363,-97.23511,2025-01-01 22:26:23+00:00,65.0,738534.5807856527,22086.047069452048,True,False,False,False
200000000,2025-01-01 22:28:32+00:00,-97.23512,27.85361,0.0,,,GYSGT BASILONE,,,31.0,29.86106,-90.01584,2025-01-01 22:27:28+00:00,64.0,738536.2413885536,22431.191991573847,True,False,False,False
200000000,2025-01-01 22:29:40+00:00,-90.01584,29.86105,0.0,218.6,74.0,GYSGT BASILONE,,,31.0,27.85361,-97.23512,2025-01-01 22:28:32+00:00,68.0,738535.9402666005,21111.701501879837,True,False,False,False
200000000,2025-01-01 22:30:44+00:00,-97.23512,27.8536,0.0,,,GYSGT BASILONE,,,31.0,29.86105,-90.01584,2025-01-01 22:29:40+00:00,64.0,738536.3056327109,22431.19394282951,True,False,False,False
200000000,2025-01-01 22:31:50+00:00,-90.01584,29.86106,0.0,218.6,74.0,GYSGT BASILONE,,,31.0,27.8536,-97.23512,2025-01-01 22:30:44+00:00,66.0,738536.606756178,21751.46966177165,True,False,False,False
200000000,2025-01-01 22:32:54+00:00,-97.23511,27.8536,0.0,,,GYSGT BASILONE,,,31.0,29.86106,-90.01584,2025-01-01 22:31:50+00:00,64.0,738535.6768852188,22431.17484619631,True,False,False,False
200000000,2025-01-01 22:33:58+00:00,-90.01584,29.86106,0.0,218.6,73.0,GYSGT BASILONE,,,31.0,27.8536,-97.23511,2025-01-01 22:32:54+00:00,64.0,738535.6768852188,22431.17484619631,True,False,False,False
200000000,2025-01-01 22:35:04+00:00,-97.23514,27.85362,0.0,,,GYSGT BASILONE,,,31.0,29.86106,-90.01584,2025-01-01 22:33:58+00:00,66.0,738537.7357661644,21751.50291351062,True,False,False,False
200000000,2025-01-01 22:36:09+00:00,-90.01584,29.86105,0.0,218.6,75.0,GYSGT BASILONE,,,31.0,27.85362,-97.23514,2025-01-01 22:35:04+00:00,65.0,738537.4346466649,22086.1324148242,True,False,False,False
200000000,2025-01-01 22:37:13+00:00,-97.23515,27.85361,0.0,,,GYSGT BASILONE,,,31.0,29.86105,-90.01584,2025-01-01 22:36:09+00:00,64.0,738538.7298827069,22431.267573362515,True,False,False,False
200000000,2025-01-01 22:38:19+00:00,-90.01584,29.86105,0.0,218.6,74.0,GYSGT BASILONE,,,31.0,27.85361,-97.23515,2025-01-01 22:37:13+00:00,66.0,738538.7298827069,21751.53219235153,True,False,False,False
200000000,2025-01-01 22:39:24+00:00,-97.23513,27.85359,0.0,,,GYSGT BASILONE,,,31.0,29.86105,-90.01584,2025-01-01 22:38:19+00:00,65.0,738537.6008714698,22086.137385815357,True,False,False,False
200000000,2025-01-01 22:40:34+00:00,-97.23511,27.85358,0.0,,,GYSGT BASILONE,,,31.0,27.85359,-97.23513,2025-01-01 22:39:24+00:00,70.0,2.260201140044052,0.0627638483437604,False,False,False,True
200000000,2025-01-01 22:41:42+00:00,-97.2351,27.85357,0.0,,,GYSGT BASILONE,,,31.0,27.85358,-97.23511,2025-01-01 22:40:34+00:00,68.0,1.4826191666366588,0.0423819770716912,False,False,False,True
200000000,2025-01-01 22:42:49+00:00,-90.01583,29.86105,0.0,218.6,75.0,GYSGT BASILONE,,,31.0,27.85357,-97.2351,2025-01-01 22:41:42+00:00,67.0,738536.4718695773,21426.81694744715,True,False,False,False
200000000,2025-01-01 22:43:53+00:00,-97.23514,27.85359,0.0,,,GYSGT BASILONE,,,31.0,29.86105,-90.01583,2025-01-01 22:42:49+00:00,64.0,738539.4606141642,22431.289767503706,True,False,False,False
200000000,2025-01-01 22:45:00+00:00,-90.01583,29.86105,0.0,218.6,76.0,GYSGT BASILONE,,,31.0,27.85359,-97.23514,2025-01-01 22:43:53+00:00,67.0,738539.4606141642,21426.903658511,True,False,False,False
200000000,2025-01-01 22:46:04+00:00,-97.23516,27.8536,0.0,,,GYSGT BASILONE,,,31.0,29.86105,-90.01583,2025-01-01 22:45:00+00:00,64.0,738540.9549915997,22431.33515548236,True,False,False,False
200000000,2025-01-01 22:47:08+00:00,-90.01584,29.86105,0.0,218.6,75.0,GYSGT BASILONE,,,31.0,27.8536,-97.23516,2025-01-01 22:46:04+00:00,64.0,738540.025119591,22431.30691294478,True,False,False,False
200000000,2025-01-01 22:48:13+00:00,-97.23516,27.8536,0.0,,,GYSGT BASILONE,,,31.0,29.86105,-90.01584,2025-01-01 22:47:08+00:00,65.0,738540.025119591,22086.20988351486,True,False,False,False
200000000,2025-01-01 22:49:19+00:00,-90.01584,29.86105,0.0,218.6,75.0,GYSGT BASILONE,,,31.0,27.8536,-97.23516,2025-01-01 22:48:13+00:00,66.0,738540.025119591,21751.57033982524,True,False,False,False
200000000,2025-01-01 22:50:24+00:00,-97.23515,27.85358,0.0,,,GYSGT BASILONE,,,31.0,29.86105,-90.01584,2025-01-01 22:49:19+00:00,65.0,738539.8259821067,22086.20392826244,True,False,False,False
200000000,2025-01-01 22:51:28+00:00,-90.01584,29.86105,0.0,218.6,73.0,GYSGT BASILONE,,,31.0,27.85358,-97.23515,2025-01-01 22:50:24+00:00,64.0,738539.8259821067,22431.300864641536,True,False,False,False
200000000,2025-01-01 22:52:33+00:00,-97.23516,27.85359,0.0,,,GYSGT BASILONE,,,31.0,29.86105,-90.01584,2025-01-01 22:51:28+00:00,65.0,738540.3904856847,22086.220809872208,True,False,False,False
200000000,2025-01-01 22:53:39+00:00,-90.01585,29.86106,0.0,218.6,75.0,GYSGT BASILONE,,,31.0,27.85359,-97.23516,2025-01-01 22:52:33+00:00,66.0,738539.7617377354,21751.5625826709,True,False,False,False
200000000,2025-01-01 22:54:43+00:00,-97.23515,27.85359,0.0,,,GYSGT BASILONE,,,31.0,29.86106,-90.01585,2025-01-01 22:53:39+00:00,64.0,738538.8318668017,22431.270670874437,True,False,False,False
200000000,2025-01-01 22:55:49+00:00,-90.01584,29.86105,0.0,218.6,75.0,GYSGT BASILONE,,,31.0,27.85359,-97.23515,2025-01-01 22:54:43+00:00,66.0,738539.4606141642,21751.553713942983,True,False,False,False
200000000,2025-01-01 22:56:52+00:00,-97.23517,27.85358,0.0,,,GYSGT BASILONE,,,31.0,29.86105,-90.01584,2025-01-01 22:55:49+00:00,63.0,738541.6857245188,22787.41064093252,True,False,False,False
200000000,2025-01-01 22:58:00+00:00,-90.01584,29.86105,0.0,218.6,73.0,GYSGT BASILONE,,,31.0,27.85358,-97.23517,2025-01-01 22:56:52+00:00,68.0,738541.6857245188,21111.86574086395,True,False,False,False
200000000,2025-01-01 22:59:04+00:00,-97.23516,27.85358,0.0,,,GYSGT BASILONE,,,31.0,29.86105,-90.01584,2025-01-01 22:58:00+00:00,64.0,738540.7558532536,22431.329107152946,True,False,False,False
200000000,2025-01-01 22:59:13+00:00,-90.01587,29.86105,0.1,220.6,71.0,GYSGT BASILONE,,,31.0,27.85358,-97.23516,2025-01-01 22:59:04+00:00,9.0,738537.9662401547,159511.07114402915,True,False,False,False
200000000,2025-01-01 23:00:00+00:00,-90.01585,29.86106,0.0,218.6,75.0,GYSGT BASILONE,,,31.0,29.86105,-90.01587,2025-01-01 22:59:13+00:00,47.0,2.227773738795844,0.092136929881296,False,False,False,True
200000000,2025-01-01 23:01:00+00:00,-90.01585,29.86106,0.0,218.6,75.0,GYSGT BASILONE,,,31.0,29.86106,-90.01585,2025-01-01 23:00:00+00:00,60.0,0.0,0.0,False,False,False,True
200000000,2025-01-01 23:01:04+00:00,-97.23516,27.8536,0.0,,,GYSGT BASILONE,,,31.0,29.86106,-90.01585,2025-01-01 23:01:00+00:00,4.0,738539.3963697547,358900.605059846,True,False,False,False
200000000,2025-01-01 23:02:53+00:00,-97.23516,27.85361,0.0,,,GYSGT BASILONE,,,31.0,27.8536,-97.23516,2025-01-01 23:01:04+00:00,109.0,1.1081709415939054,0.0197624495697972,False,False,False,True
200000000,2025-01-01 23:03:58+00:00,-90.01584,29.86104,0.0,218.6,75.0,GYSGT BASILONE,,,31.0,27.85361,-97.23516,2025-01-01 23:02:53+00:00,65.0,738539.3586364322,22086.18995218219,True,False,False,False
200000000,2025-01-01 23:05:04+00:00,-97.23513,27.85361,0.0,,,GYSGT BASILONE,,,31.0,29.86104,-90.01584,2025-01-01 23:03:58+00:00,66.0,738536.5690185701,21751.46855031905,True,False,False,False
200000000,2025-01-01 23:06:08+00:00,-90.01583,29.86105,0.0,218.6,72.0,GYSGT BASILONE,,,31.0,27.85361,-97.23513,2025-01-01 23:05:04+00:00,64.0,738537.8000105546,22431.23933082057,True,False,False,False
200000000,2025-01-01 23:07:13+00:00,-97.23515,27.85361,0.0,,,GYSGT BASILONE,,,31.0,29.86105,-90.01583,2025-01-01 23:06:08+00:00,65.0,738539.6597549724,22086.198957201625,True,False,False,False
200000000,2025-01-01 23:08:19+00:00,-90.01584,29.86105,0.0,218.6,76.0,GYSGT BASILONE,,,31.0,27.85361,-97.23515,2025-01-01 23:07:13+00:00,66.0,738538.7298827069,21751.53219235153,True,False,False,False
200000000,2025-01-01 23:09:22+00:00,-97.23517,27.85361,0.0,,,GYSGT BASILONE,,,31.0,29.86105,-90.01584,2025-01-01 23:08:19+00:00,63.0,738540.5896273531,22787.37682128943,True,False,False,False
200000000,2025-01-01 23:10:28+00:00,-90.01585,29.86105,0.0,218.6,73.0,GYSGT BASILONE,,,31.0,27.85361,-97.23517,2025-01-01 23:09:22+00:00,66.0,738539.6597549715,21751.55957906218,True,False,False,False
200000000,2025-01-01 23:11:34+00:00,-97.23516,27.85361,0.0,,,GYSGT BASILONE,,,31.0,29.86105,-90.01585,2025-01-01 23:10:28+00:00,66.0,738538.729882704,21751.53219235145,True,False,False,False
200000000,2025-01-01 23:12:39+00:00,-90.01585,29.86106,0.0,218.6,76.0,GYSGT BASILONE,,,31.0,27.85361,-97.23516,2025-01-01 23:11:34+00:00,65.0,738539.0310032483,22086.18015423622,True,False,False,False
200000000,2025-01-01 23:13:43+00:00,-97.23517,27.85361,0.0,,,GYSGT BASILONE,,,31.0,29.86106,-90.01585,2025-01-01 23:12:39+00:00,64.0,738539.9608750441,22431.30496167728,True,False,False,False
200000000,2025-01-01 23:14:52+00:00,-97.23516,27.85361,0.0,,,GYSGT BASILONE,,,31.0,27.85361,-97.23517,2025-01-01 23:13:43+00:00,69.0,0.9849447433945272,0.0277474636231886,False,False,False,True
200000000,2025-01-01 23:15:59+00:00,-90.01583,29.86106,0.0,218.6,70.0,GYSGT BASILONE,,,31.0,27.85361,-97.23516,2025-01-01 23:14:52+00:00,67.0,738540.8907469572,21426.945150292016,True,False,False,False
200000000,2025-01-01 23:17:03+00:00,-97.23517,27.8536,0.0,,,GYSGT BASILONE,,,31.0,29.86106,-90.01583,2025-01-01 23:15:59+00:00,64.0,738542.1859843731,22431.37254381037,True,False,False,False
200000000,2025-01-01 23:18:09+00:00,-90.01585,29.86105,0.0,218.6,75.0,GYSGT BASILONE,,,31.0,27.8536,-97.23517,2025-01-01 23:17:03+00:00,66.0,738540.025119591,21751.57033982524,True,False,False,False
200000000,2025-01-01 23:19:14+00:00,-97.23518,27.8536,0.0,,,GYSGT BASILONE,,,31.0,29.86105,-90.01585,2025-01-01 23:18:09+00:00,65.0,738540.9549915997,22086.23769155186,True,False,False,False
200000000,2025-01-01 23:20:18+00:00,-90.01584,29.86106,0.0,218.6,71.0,GYSGT BASILONE,,,31.0,27.8536,-97.23518,2025-01-01 23:19:14+00:00,64.0,738542.1859843731,22431.37254381037,True,False,False,False
200000000,2025-01-01 23:21:23+00:00,-97.23517,27.85361,0.0,,,GYSGT BASILONE,,,31.0,29.86106,-90.01584,2025-01-01 23:20:18+00:00,65.0,738540.8907469572,22086.235770301,True,False,False,False
200000000,2025-01-01 23:22:29+00:00,-90.01584,29.86105,0.0,218.6,76.0,GYSGT BASILONE,,,31.0,27.85361,-97.23517,2025-01-01 23:21:23+00:00,66.0,738540.5896273531,21751.586965776278,True,False,False,False
200000000,2025-01-01 23:23:32+00:00,-97.23515,27.85359,0.0,,,GYSGT BASILONE,,,31.0,29.86105,-90.01584,2025-01-01 23:22:29+00:00,63.0,738539.4606141642,22787.341986035502,True,False,False,False
200000000,2025-01-01 23:24:38+00:00,-90.01583,29.86105,0.0,218.6,76.0,GYSGT BASILONE,,,31.0,27.85359,-97.23515,2025-01-01 23:23:32+00:00,66.0,738540.3904856859,21751.581100631756,True,False,False,False
200000000,2025-01-01 23:25:43+00:00,-97.23514,27.8536,0.0,,,GYSGT BASILONE,,,31.0,29.86105,-90.01583,2025-01-01 23:24:38+00:00,65.0,738539.0952476986,22086.18207548133,True,False,False,False
200000000,2025-01-01 23:26:50+00:00,-90.01583,29.86105,0.0,218.6,72.0,GYSGT BASILONE,,,31.0,27.8536,-97.23514,2025-01-01 23:25:43+00:00,67.0,738539.0952476986,21426.893058302783,True,False,False,False
200000000,2025-01-01 23:27:53+00:00,-97.23515,27.85361,0.0,,,GYSGT BASILONE,,,31.0,29.86105,-90.01583,2025-01-01 23:26:50+00:00,63.0,738539.6597549724,22787.348130446124,True,False,False,False
200000000,2025-01-01 23:28:54+00:00,-97.23515,27.85361,0.0,,,GYSGT BASILONE,,,31.0,27.85361,-97.23515,2025-01-01 23:27:53+00:00,61.0,0.0,0.0,False,False,False,True
200000000,2025-01-01 23:29:59+00:00,-90.01583,29.86106,0.0,218.6,71.0,GYSGT BASILONE,,,31.0,27.85361,-97.23515,2025-01-01 23:28:54+00:00,65.0,738539.9608750463,22086.207962266923,True,False,False,False
200000000,2025-01-01 23:31:02+00:00,-97.23515,27.85361,0.0,,,GYSGT BASILONE,,,31.0,29.86106,-90.01583,2025-01-01 23:29:59+00:00,63.0,738539.9608750463,22787.357421386507,True,False,False,False
200000000,2025-01-01 23:32:13+00:00,-97.23514,27.85361,0.0,,,GYSGT BASILONE,,,31.0,27.85361,-97.23515,2025-01-01 23:31:02+00:00,71.0,0.9849447433945272,0.0269658449295777,False,False,False,True
200000000,2025-01-01 23:33:19+00:00,-90.01582,29.86106,0.0,218.6,71.0,GYSGT BASILONE,,,31.0,27.85361,-97.23514,2025-01-01 23:32:13+00:00,66.0,738539.9608750441,21751.568447687056,True,False,False,False
200000000,2025-01-01 23:34:23+00:00,-97.23515,27.85361,0.0,,,GYSGT BASILONE,,,31.0,29.86106,-90.01582,2025-01-01 23:33:19+00:00,64.0,738540.8907469572,22431.333204211955,True,False,False,False
200000000,2025-01-01 23:35:29+00:00,-90.01583,29.86105,0.0,218.6,75.0,GYSGT BASILONE,,,31.0,27.85361,-97.23515,2025-01-01 23:34:23+00:00,66.0,738539.6597549724,21751.559579062206,True,False,False,False
200000000,2025-01-01 23:36:32+00:00,-97.23515,27.85361,0.0,,,GYSGT BASILONE,,,31.0,29.86105,-90.01583,2025-01-01 23:35:29+00:00,63.0,738539.6597549724,22787.348130446124,True,False,False,False
200000000,2025-01-01 23:37:39+00:00,-90.01583,29.86105,0.0,218.6,75.0,GYSGT BASILONE,,,31.0,27.85361,-97.23515,2025-01-01 23:36:32+00:00,67.0,738539.6597549724,21426.90943609113,True,False,False,False
200000000,2025-01-01 23:38:42+00:00,-97.23516,27.85361,0.0,,,GYSGT BASILONE,,,31.0,29.86105,-90.01583,2025-01-01 23:37:39+00:00,63.0,738540.5896273531,22787.37682128943,True,False,False,False
200000000,2025-01-01 23:39:49+00:00,-90.01582,29.86105,0.0,218.6,72.0,GYSGT BASILONE,,,31.0,27.85361,-97.23516,2025-01-01 23:38:42+00:00,67.0,738541.5194998508,21426.963392008805,True,False,False,False
200000000,2025-01-01 23:40:53+00:00,-97.23515,27.85361,0.0,,,GYSGT BASILONE,,,31.0,29.86105,-90.01582,2025-01-01 23:39:49+00:00,64.0,738540.5896273531,22431.324058456783,True,False,False,False
200000000,2025-01-01 23:41:59+00:00,-90.01583,29.86103,0.0,218.6,76.0,GYSGT BASILONE,,,31.0,27.85361,-97.23515,2025-01-01 23:40:53+00:00,66.0,738539.0575194295,21751.541841947997,True,False,False,False
200000000,2025-01-01 23:43:04+00:00,-97.23514,27.8536,0.0,,,GYSGT BASILONE,,,31.0,29.86103,-90.01583,2025-01-01 23:41:59+00:00,65.0,738538.4930081861,22086.16406536973,True,False,False,False
200000000,2025-01-01 23:44:09+00:00,-90.0158,29.86101,0.0,218.6,76.0,GYSGT BASILONE,,,31.0,27.8536,-97.23514,2025-01-01 23:43:04+00:00,65.0,738540.6803964789,22086.229479721405,True,False,False,False
200000000,2025-01-01 23:45:13+00:00,-97.23516,27.85361,0.0,,,GYSGT BASILONE,,,31.0,29.86101,-90.0158,2025-01-01 23:44:09+00:00,64.0,738542.1747877668,22431.372203741445,True,False,False,False
200000000,2025-01-01 23:46:20+00:00,-90.01581,29.86103,0.0,218.6,75.0,GYSGT BASILONE,,,31.0,27.85361,-97.23516,2025-01-01 23:45:13+00:00,67.0,738541.8471397411,21426.97289767335,True,False,False,False
200000000,2025-01-01 23:47:24+00:00,-97.23515,27.85359,0.0,,,GYSGT BASILONE,,,31.0,29.86103,-90.01581,2025-01-01 23:46:20+00:00,64.0,738541.6479893528,22431.356203556617,True,False,False,False
200000000,2025-01-01 23:48:30+00:00,-90.01587,29.86106,0.0,218.6,75.0,GYSGT BASILONE,,,31.0,27.85359,-97.23515,2025-01-01 23:47:24+00:00,66.0,738536.9721252774,21751.480422666653,True,False,False,False
200000000,2025-01-01 23:49:34+00:00,-97.23517,27.85359,0.0,,,GYSGT BASILONE,,,31.0,29.86106,-90.01587,2025-01-01 23:48:30+00:00,64.0,738538.8318668001,22431.270670874383,True,False,False,False
200000000,2025-01-01 23:50:39+00:00,-90.01585,29.86106,0.0,218.6,75.0,GYSGT BASILONE,,,31.0,27.85359,-97.23517,2025-01-01 23:49:34+00:00,65.0,738540.6916087872,22086.22981502808,True,False,False,False
200000000,2025-01-01 23:51:43+00:00,-97.23517,27.85359,0.0,,,GYSGT BASILONE,,,31.0,29.86106,-90.01585,2025-01-01 23:50:39+00:00,64.0,738540.6916087872,22431.327155887888,True,False,False,False
200000000,2025-01-01 23:52:50+00:00,-90.01583,29.86106,0.0,218.6,71.0,GYSGT BASILONE,,,31.0,27.85359,-97.23517,2025-01-01 23:51:43+00:00,67.0,738542.5513512362,21426.993328635624,True,False,False,False
200000000,2025-01-01 23:53:53+00:00,-97.23519,27.85361,0.0,,,GYSGT BASILONE,,,31.0,29.86106,-90.01583,2025-01-01 23:52:50+00:00,63.0,738543.6803633869,22787.47218472327,True,False,False,False
200000000,2025-01-01 23:54:59+00:00,-90.01583,29.86105,0.0,218.6,75.0,GYSGT BASILONE,,,31.0,27.85361,-97.23519,2025-01-01 23:53:53+00:00,66.0,738543.3792451943,21751.669125939068,True,False,False,False
200000000,2025-01-01 23:56:03+00:00,-97.23518,27.85361,0.0,,,GYSGT BASILONE,,,31.0,29.86105,-90.01583,2025-01-01 23:54:59+00:00,64.0,738542.4493724647,22431.380543565185,True,False,False,False
200000000,2025-01-01 23:57:09+00:00,-90.01583,29.86106,0.0,218.6,72.0,GYSGT BASILONE,,,31.0,27.85361,-97.23518,2025-01-01 23:56:03+00:00,66.0,738542.7504911281,21751.650607798096,True,False,False,False
200000000,2025-01-01 23:58:14+00:00,-97.23518,27.85362,0.0,,,GYSGT BASILONE,,,31.0,29.86106,-90.01583,2025-01-01 23:57:09+00:00,65.0,738542.3851275862,22086.28046009857,True,False,False,False
200000000,2025-01-01 23:59:18+00:00,-90.01583,29.86106,0.0,218.6,74.0,GYSGT BASILONE,,,31.0,27.85362,-97.23518,2025-01-01 23:58:14+00:00,64.0,738542.3851275862,22431.37859228761,True,False,False,False
200000001,2025-01-01 21:52:32+00:00,-116.62429,31.84451,13.5,170.3,,SEAWARD 17,,,32.0,,,,,,,False,False,False,False
200000001,2025-01-01 21:54:02+00:00,-116.62538,31.83909,13.5,212.9,,SEAWARD 17,,,32.0,31.84451,-116.62429,2025-01-01 21:52:32+00:00,90.0,609.7833057896719,13.17023534584662,False,False,False,True
200000001,2025-01-01 21:55:33+00:00,-116.62872,31.8344,14.0,228.4,,SEAWARD 17,,,32.0,31.83909,-116.62538,2025-01-01 21:54:02+00:00,91.0,608.6114628203418,13.000475888886738,False,False,False,True
200000001,2025-01-01 21:57:03+00:00,-116.63411,31.83086,14.0,229.1,,SEAWARD 17,,,32.0,31.8344,-116.62872,2025-01-01 21:55:33+00:00,90.0,643.7584255974942,13.904037533482592,False,False,False,True
200000001,2025-01-01 21:59:02+00:00,-116.6407,31.82563,13.8,222.3,,SEAWARD 17,,,32.0,31.83086,-116.63411,2025-01-01 21:57:03+00:00,119.0,851.7751715529639,13.913568482953892,False,False,False,True
200000001,2025-01-01 22:00:02+00:00,-116.64384,31.82289,13.8,225.9,,SEAWARD 17,,,32.0,31.82563,-116.6407,2025-01-01 21:59:02+00:00,60.0,425.0631816510339,13.770913583675762,False,False,False,True
200000001,2025-01-01 22:01:32+00:00,-116.64854,31.81961,11.2,236.9,,SEAWARD 17,,,32.0,31.82289,-116.64384,2025-01-01 22:00:02+00:00,90.0,574.701062767449,12.412521264998643,False,False,False,True
200000001,2025-01-01 22:03:02+00:00,-116.65253,31.81673,11.0,229.2,,SEAWARD 17,,,32.0,31.81961,-116.64854,2025-01-01 22:01:32+00:00,90.0,494.6626676826144,10.68383422164637,False,False,False,True
200000001,2025-01-01 22:04:32+00:00,-116.65609,31.81425,8.2,237.9,,SEAWARD 17,,,32.0,31.81673,-116.65253,2025-01-01 22:03:02+00:00,90.0,435.011155145946,9.395467597987729,False,False,False,True
200000001,2025-01-01 22:06:03+00:00,-116.65819,31.81268,5.6,227.4,,SEAWARD 17,,,32.0,31.81425,-116.65609,2025-01-01 22:04:32+00:00,91.0,264.27677314460453,5.645184205597891,False,False,False,True
200000001,2025-01-01 22:07:33+00:00,-116.66013,31.81113,4.8,233.8,,SEAWARD 17,,,32.0,31.81268,-116.65819,2025-01-01 22:06:03+00:00,90.0,251.55736212965363,5.433191808912288,False,False,False,True
200000001,2025-01-01 22:09:02+00:00,-116.66209,31.80955,5.4,222.6,,SEAWARD 17,,,32.0,31.81113,-116.66013,2025-01-01 22:07:33+00:00,89.0,255.21768212535252,5.574183586770172,False,False,False,True
200000001,2025-01-01 22:10:32+00:00,-116.66364,31.80794,2.4,217.2,,SEAWARD 17,,,32.0,31.80955,-116.66209,2025-01-01 22:09:02+00:00,90.0,231.10812124738263,4.991524560061248,False,False,False,True
200000001,2025-01-01 22:12:32+00:00,-116.66394,31.8073,0.4,192.9,,SEAWARD 17,,,32.0,31.80794,-116.66364,2025-01-01 22:10:32+00:00,120.0,76.439813403717,1.2382230573890105,False,False,False,True
200000001,2025-01-01 22:13:33+00:00,-116.66409,31.80642,5.8,192.0,,SEAWARD 17,,,32.0,31.8073,-116.66394,2025-01-01 22:12:32+00:00,61.0,98.6057594177732,3.1421937604367915,False,False,False,True
200000001,2025-01-01 22:15:32+00:00,-116.66659,31.80308,9.3,227.2,,SEAWARD 17,,,32.0,31.80642,-116.66409,2025-01-01 22:13:33+00:00,119.0,439.547053489375,7.179908776930981,False,False,False,True
200000001,2025-01-01 22:17:02+00:00,-116.6706,31.8008,9.9,249.9,,SEAWARD 17,,,32.0,31.80308,-116.66659,2025-01-01 22:15:32+00:00,90.0,456.190344222017,9.852900430139172,False,False,False,True
200000001,2025-01-01 22:22:03+00:00,-116.67445,31.80481,8.7,51.5,,SEAWARD 17,,,32.0,31.8008,-116.6706,2025-01-01 22:17:02+00:00,301.0,574.9971631249432,3.713297294248471,False,False,False,True
200000001,2025-01-01 22:25:32+00:00,-116.66609,31.81123,9.9,55.7,,SEAWARD 17,,,32.0,31.80481,-116.67445,2025-01-01 22:22:03+00:00,209.0,1064.6119853567254,9.901604601032618,False,False,False,True
200000001,2025-01-01 22:27:32+00:00,-116.66105,31.81463,10.1,57.0,,SEAWARD 17,,,32.0,31.81123,-116.66609,2025-01-01 22:25:32+00:00,120.0,608.1622106954176,9.851416930318171,False,False,False,True
200000001,2025-01-01 22:29:02+00:00,-116.6573,31.81726,10.2,55.4,,SEAWARD 17,,,32.0,31.81463,-116.66105,2025-01-01 22:27:32+00:00,90.0,459.4657142403996,9.923642599656205,False,False,False,True
200000001,2025-01-01 22:31:32+00:00,-116.65088,31.82148,10.5,55.0,,SEAWARD 17,,,32.0,31.81726,-116.6573,2025-01-01 22:29:02+00:00,150.0,767.0838364727574,9.940588297928032,False,False,False,True
200000001,2025-01-01 22:33:02+00:00,-116.64675,31.82375,9.7,56.0,,SEAWARD 17,,,32.0,31.82148,-116.65088,2025-01-01 22:31:32+00:00,90.0,465.01797970486376,10.04356166299447,False,False,False,True
200000001,2025-01-01 22:35:03+00:00,-116.64127,31.82684,10.6,52.2,,SEAWARD 17,,,32.0,31.82375,-116.64675,2025-01-01 22:33:02+00:00,121.0,621.7324626254386,9.988003554957295,False,False,False,True
200000001,2025-01-01 22:36:32+00:00,-116.63733,31.82936,9.9,57.8,,SEAWARD 17,,,32.0,31.82684,-116.64127,2025-01-01 22:35:03+00:00,89.0,466.0531104439337,10.17901885623973,False,False,False,True
200000001,2025-01-01 22:38:02+00:00,-116.63344,31.8319,10.2,50.3,,SEAWARD 17,,,32.0,31.82936,-116.63733,2025-01-01 22:36:32+00:00,90.0,463.6094616033675,10.013140176034332,False,False,False,True
200000001,2025-01-01 22:40:02+00:00,-116.62822,31.83532,10.3,51.0,,SEAWARD 17,,,32.0,31.8319,-116.63344,2025-01-01 22:38:02+00:00,120.0,622.8862116524884,10.089926113821445,False,False,False,True
200000001,2025-01-01 22:41:32+00:00,-116.62514,31.83851,9.9,29.5,,SEAWARD 17,,,32.0,31.83532,-116.62822,2025-01-01 22:40:02+00:00,90.0,458.3893316416447,9.900394649092162,False,False,False,True
200000001,2025-01-01 23:48:15+00:00,-116.62572,31.83778,14.2,233.5,,SEAWARD 17,,,32.0,31.83851,-116.62514,2025-01-01 22:41:32+00:00,4003.0,97.80787780639756,0.0474950949775637,False,False,True,True
200000001,2025-01-01 23:53:15+00:00,-116.64196,31.8253,13.2,231.5,,SEAWARD 17,,,32.0,31.83778,-116.62572,2025-01-01 23:48:15+00:00,300.0,2068.450333711114,13.402454988936706,False,False,False,True
200000001,2025-01-01 23:54:45+00:00,-116.64658,31.82142,13.3,216.9,,SEAWARD 17,,,32.0,31.8253,-116.64196,2025-01-01 23:53:15+00:00,90.0,613.5223362043479,13.25099175563844,False,False,False,True
200000001,2025-01-01 23:56:15+00:00,-116.65072,31.81713,12.9,221.1,,SEAWARD 17,,,32.0,31.82142,-116.64658,2025-01-01 23:54:45+00:00,90.0,616.3764468258541,13.312635471088536,False,False,False,True
200000001,2025-01-01 23:57:45+00:00,-116.6553,31.81314,13.5,226.0,,SEAWARD 17,,,32.0,31.81713,-116.65072,2025-01-01 23:56:15+00:00,90.0,619.5062593599392,13.380233857713602,False,False,False,True
201999997,2025-01-01 12:37:43+00:00,-122.29161,37.78918,0.0,286.7,,RELIABLE MARINE ELEC,,WRMG916,50.0,,,,,,,False,False,False,False
201999997,2025-01-01 14:49:40+00:00,-122.2916,37.78922,0.0,260.6,,RELIABLE MARINE ELEC,,WRMG916,50.0,37.78918,-122.29161,2025-01-01 12:37:43+00:00,7917.0,4.526234587413581,0.0011113143666032,False,False,True,True
203246078,2025-01-01 09:16:34+00:00,-64.67569,18.33761,0.2,,,BRING ME THE HORIZON,,OEX6078,36.0,,,,,,,False,False,False,False
203246078,2025-01-01 16:04:37+00:00,-64.68652,18.32518,4.1,214.5,,BRING ME THE HORIZON,,OEX6078,36.0,18.33761,-64.67569,2025-01-01 09:16:34+00:00,24483.0,1789.7991990242103,0.1421020003688772,False,False,True,True
203246078,2025-01-01 16:16:36+00:00,-64.69388,18.31558,3.4,196.0,,BRING ME THE HORIZON,,OEX6078,36.0,18.32518,-64.68652,2025-01-01 16:04:37+00:00,719.0,1316.96490480028,3.560457664182165,False,False,True,True
203246078,2025-01-01 16:19:05+00:00,-64.6945,18.31349,3.0,198.8,,BRING ME THE HORIZON,,OEX6078,36.0,18.31558,-64.69388,2025-01-01 16:16:36+00:00,149.0,240.43574047217143,3.1367020789223203,False,False,False,True
203246078,2025-01-01 16:22:05+00:00,-64.69523,18.31079,3.6,190.2,,BRING ME THE HORIZON,,OEX6078,36.0,18.31349,-64.6945,2025-01-01 16:19:05+00:00,180.0,308.65047752998254,3.3331508013437845,False,False,False,True
203246078,2025-01-01 16:23:07+00:00,-64.69559,18.30983,3.4,198.6,,BRING ME THE HORIZON,,OEX6078,36.0,18.31079,-64.69523,2025-01-01 16:22:05+00:00,62.0,112.86681452455124,3.5386294958936078,False,False,False,True
203246078,2025-01-01 16:24:35+00:00,-64.69609,18.30842,3.8,200.7,,BRING ME THE HORIZON,,OEX6078,36.0,18.30983,-64.69559,2025-01-01 16:23:07+00:00,88.0,164.77319630104466,3.6396901124752574,False,False,False,True
203246078,2025-01-01 16:26:34+00:00,-64.69678,18.30628,4.1,201.1,,BRING ME THE HORIZON,,OEX6078,36.0,18.30842,-64.69609,2025-01-01 16:24:35+00:00,119.0,247.84187713013011,4.0484449952994295,False,False,False,True
203246078,2025-01-01 16:27:35+00:00,-64.69707,18.30522,4.1,194.0,,BRING ME THE HORIZON,,OEX6078,36.0,18.30628,-64.69678,2025-01-01 16:26:34+00:00,61.0,121.26466916607691,3.8642477788817535,False,False,False,True
203246078,2025-01-01 16:29:35+00:00,-64.6978,18.30304,3.5,200.0,,BRING ME THE HORIZON,,OEX6078,36.0,18.30522,-64.69707,2025-01-01 16:27:35+00:00,120.0,253.33293374933257,4.103655749494188,False,False,False,True
203246078,2025-01-01 16:31:35+00:00,-64.69871,18.30113,4.3,207.4,,BRING ME THE HORIZON,,OEX6078,36.0,18.30304,-64.6978,2025-01-01 16:29:35+00:00,120.0,232.26831285383253,3.7624369771482815,False,False,False,True
203246078,2025-01-01 16:32:38+00:00,-64.69924,18.30004,4.3,212.3,,BRING ME THE HORIZON,,OEX6078,36.0,18.30113,-64.69871,2025-01-01 16:31:35+00:00,63.0,133.02290616967738,4.104368982997868,False,False,False,True
203246078,2025-01-01 16:34:38+00:00,-64.70051,18.29822,4.2,227.2,,BRING ME THE HORIZON,,OEX6078,36.0,18.30004,-64.69924,2025-01-01 16:32:38+00:00,120.0,242.0920088224131,3.921567753577996,False,False,False,True
203246078,2025-01-01 16:37:38+00:00,-64.70333,18.29692,3.9,285.5,,BRING ME THE HORIZON,,OEX6078,36.0,18.29822,-64.70051,2025-01-01 16:34:38+00:00,180.0,331.05246769807974,3.5750723822790853,False,False,False,True
203246078,2025-01-01 16:39:37+00:00,-64.70509,18.29808,4.0,325.3,,BRING ME THE HORIZON,,OEX6078,36.0,18.29692,-64.70333,2025-01-01 16:37:38+00:00,119.0,226.07461721742013,3.6928813775790754,False,False,False,True
203246078,2025-01-01 16:41:06+00:00,-64.70585,18.29916,2.8,327.6,,BRING ME THE HORIZON,,OEX6078,36.0,18.29808,-64.70509,2025-01-01 16:39:37+00:00,89.0,144.03394767401213,3.145830885917435,False,False,False,True
203246078,2025-01-01 16:44:06+00:00,-64.70718,18.30149,3.1,336.5,,BRING ME THE HORIZON,,OEX6078,36.0,18.29916,-64.70585,2025-01-01 16:41:06+00:00,180.0,293.7363924719816,3.172091939681871,False,False,False,True
203246078,2025-01-01 16:46:06+00:00,-64.70771,18.30258,0.8,355.0,,BRING ME THE HORIZON,,OEX6078,36.0,18.30149,-64.70718,2025-01-01 16:44:06+00:00,120.0,133.02272639069008,2.154790803893992,False,False,False,True
203246078,2025-01-01 16:48:06+00:00,-64.70799,18.30399,3.4,332.4,,BRING ME THE HORIZON,,OEX6078,36.0,18.30258,-64.70771,2025-01-01 16:46:06+00:00,120.0,158.84693741662466,2.573108590232764,False,False,False,True
203246078,2025-01-01 16:49:34+00:00,-64.70907,18.30491,2.8,243.6,,BRING ME THE HORIZON,,OEX6078,36.0,18.30399,-64.70799,2025-01-01 16:48:06+00:00,88.0,152.99064903231985,3.3794243547157343,False,False,False,True
203246078,2025-01-01 16:51:06+00:00,-64.70888,18.30383,2.9,176.7,,BRING ME THE HORIZON,,OEX6078,36.0,18.30491,-64.70907,2025-01-01 16:49:34+00:00,92.0,121.21456016129156,2.5611055502600544,False,False,False,True
203246078,2025-01-01 16:52:37+00:00,-64.70915,18.30401,2.4,85.2,,BRING ME THE HORIZON,,OEX6078,36.0,18.30383,-64.70888,2025-01-01 16:51:06+00:00,91.0,34.81012295774502,0.7435748286833306,False,False,False,True
203246078,2025-01-01 16:54:06+00:00,-64.70807,18.30383,2.5,99.9,,BRING ME THE HORIZON,,OEX6078,36.0,18.30401,-64.70915,2025-01-01 16:52:37+00:00,89.0,115.90498985824236,2.53146916276456,False,False,False,True
203246078,2025-01-01 16:55:36+00:00,-64.70659,18.30364,4.0,101.9,,BRING ME THE HORIZON,,OEX6078,36.0,18.30383,-64.70807,2025-01-01 16:54:06+00:00,90.0,157.87576317843173,3.409835816630697,False,False,False,True
203246078,2025-01-01 16:57:06+00:00,-64.7052,18.30343,2.7,90.9,,BRING ME THE HORIZON,,OEX6078,36.0,18.30364,-64.70659,2025-01-01 16:55:36+00:00,90.0,148.7808708654705,3.21340231136818,False,False,False,True
203246078,2025-01-01 16:58:36+00:00,-64.70417,18.30324,1.3,97.7,,BRING ME THE HORIZON,,OEX6078,36.0,18.30343,-64.7052,2025-01-01 16:57:06+00:00,90.0,110.90619685396442,2.3953766854734466,False,False,False,True
203246078,2025-01-01 17:00:06+00:00,-64.70396,18.30333,0.4,,,BRING ME THE HORIZON,,OEX6078,36.0,18.30324,-64.70417,2025-01-01 16:58:36+00:00,90.0,24.33410572376015,0.5255734230008214,False,False,False,True
203246078,2025-01-01 17:01:37+00:00,-64.70389,18.30344,0.6,108.3,,BRING ME THE HORIZON,,OEX6078,36.0,18.30333,-64.70396,2025-01-01 17:00:06+00:00,91.0,14.247966308738247,0.304349086039316,False,False,False,True
203246078,2025-01-01 17:10:38+00:00,-64.70376,18.30328,0.2,,,BRING ME THE HORIZON,,OEX6078,36.0,18.30344,-64.70389,2025-01-01 17:01:37+00:00,541.0,22.41692967663214,0.0805451471028181,False,False,False,True
203246078,2025-01-01 17:13:36+00:00,-64.70381,18.30324,0.1,,,BRING ME THE HORIZON,,OEX6078,36.0,18.30328,-64.70376,2025-01-01 17:10:38+00:00,178.0,6.895257639420913,0.0752993124146738,False,False,False,True
203246078,2025-01-01 17:16:38+00:00,-64.70381,18.30322,0.3,,,BRING ME THE HORIZON,,OEX6078,36.0,18.30324,-64.70381,2025-01-01 17:13:36+00:00,182.0,2.2136774669640213,0.0236430483922161,False,False,False,True
203246078,2025-01-01 17:22:39+00:00,-64.70377,18.30335,0.2,,,BRING ME THE HORIZON,,OEX6078,36.0,18.30322,-64.70381,2025-01-01 17:16:38+00:00,361.0,14.997470789018143,0.0807553562840028,False,False,False,True
203246078,2025-01-01 17:25:38+00:00,-64.70375,18.30339,0.1,,,BRING ME THE HORIZON,,OEX6078,36.0,18.30335,-64.70377,2025-01-01 17:22:39+00:00,179.0,4.90635950732939,0.0532803232666321,False,False,False,True
203246078,2025-01-01 17:31:37+00:00,-64.70379,18.30332,0.2,,,BRING ME THE HORIZON,,OEX6078,36.0,18.30339,-64.70375,2025-01-01 17:25:38+00:00,359.0,8.826838453297261,0.0477937650670121,False,False,False,True
203246078,2025-01-01 17:34:38+00:00,-64.70374,18.30336,0.2,,,BRING ME THE HORIZON,,OEX6078,36.0,18.30332,-64.70379,2025-01-01 17:31:37+00:00,181.0,6.895255802996797,0.0740512377905927,False,False,False,True
203246078,2025-01-01 17:37:37+00:00,-64.70378,18.30332,0.1,,,BRING ME THE HORIZON,,OEX6078,36.0,18.30336,-64.70374,2025-01-01 17:34:38+00:00,179.0,6.122503052626656,0.0664869627587586,False,False,False,True
203246078,2025-01-01 17:43:39+00:00,-64.70378,18.30323,0.2,,,BRING ME THE HORIZON,,OEX6078,36.0,18.30332,-64.70378,2025-01-01 17:37:37+00:00,362.0,9.96154864802793,0.0534907644308911,False,False,False,True
203246078,2025-01-01 17:46:37+00:00,-64.70378,18.30326,0.2,,,BRING ME THE HORIZON,,OEX6078,36.0,18.30323,-64.70378,2025-01-01 17:43:39+00:00,178.0,3.3205162064173868,0.0362615293409122,False,False,False,True
203246078,2025-01-01 17:49:37+00:00,-64.7038,18.30323,0.1,,,BRING ME THE HORIZON,,OEX6078,36.0,18.30326,-64.70378,2025-01-01 17:46:37+00:00,180.0,3.9365880681243777,0.0425116519463493,False,False,False,True
203246078,2025-01-01 17:52:37+00:00,-64.70378,18.3033,0.1,,,BRING ME THE HORIZON,,OEX6078,36.0,18.30323,-64.7038,2025-01-01 17:49:37+00:00,180.0,8.031214371693446,0.0867299763570699,False,False,False,True
203246078,2025-01-01 17:55:37+00:00,-64.70375,18.30325,0.3,,,BRING ME THE HORIZON,,OEX6078,36.0,18.3033,-64.70378,2025-01-01 17:52:37+00:00,180.0,6.378621817986409,0.0688834457481927,False,False,False,True
203246078,2025-01-01 18:01:38+00:00,-64.70381,18.30321,0.0,,,BRING ME THE HORIZON,,OEX6078,36.0,18.30325,-64.70375,2025-01-01 17:55:37+00:00,361.0,7.735603293844947,0.0416531166390791,False,False,False,True
203246078,2025-01-01 18:04:35+00:00,-64.70389,18.30318,0.1,,,BRING ME THE HORIZON,,OEX6078,36.0,18.30321,-64.70381,2025-01-01 18:01:38+00:00,177.0,9.086266154344246,0.0997867096127713,False,False,False,True
203246078,2025-01-01 18:07:37+00:00,-64.70381,18.30322,0.2,,,BRING ME THE HORIZON,,OEX6078,36.0,18.30318,-64.70389,2025-01-01 18:04:35+00:00,182.0,9.546511005751736,0.1019609338100025,False,False,False,True
203246078,2025-01-01 18:10:38+00:00,-64.70374,18.30333,0.2,,,BRING ME THE HORIZON,,OEX6078,36.0,18.30322,-64.70381,2025-01-01 18:07:37+00:00,181.0,14.247968616647356,0.153015311136927,False,False,False,True
203246078,2025-01-01 18:13:35+00:00,-64.70382,18.3033,0.3,,,BRING ME THE HORIZON,,OEX6078,36.0,18.30333,-64.70374,2025-01-01 18:10:38+00:00,177.0,9.086260749644044,0.0997866502575597,False,False,False,True
203246078,2025-01-01 18:19:37+00:00,-64.70381,18.30321,0.3,,,BRING ME THE HORIZON,,OEX6078,36.0,18.3033,-64.70382,2025-01-01 18:13:35+00:00,362.0,10.017493467845709,0.0537911726589425,False,False,False,True
203246078,2025-01-01 18:22:36+00:00,-64.70379,18.30324,0.1,,,BRING ME THE HORIZON,,OEX6078,36.0,18.30321,-64.70381,2025-01-01 18:19:37+00:00,179.0,3.9365881924545545,0.0427491485587757,False,False,False,True
203246078,2025-01-01 18:25:35+00:00,-64.70375,18.30336,0.3,,,BRING ME THE HORIZON,,OEX6078,36.0,18.30324,-64.70379,2025-01-01 18:22:36+00:00,179.0,13.93903969651623,0.1513701839311514,False,False,False,True
203246078,2025-01-01 18:28:35+00:00,-64.70372,18.30337,0.2,,,BRING ME THE HORIZON,,OEX6078,36.0,18.30336,-64.70375,2025-01-01 18:25:35+00:00,180.0,3.359255583454388,0.0362769742963443,False,False,False,True
203246078,2025-01-01 18:40:37+00:00,-64.70381,18.30326,0.4,,,BRING ME THE HORIZON,,OEX6078,36.0,18.30337,-64.70372,2025-01-01 18:28:35+00:00,722.0,15.452240580495753,0.0416020544736715,False,False,True,True
203246078,2025-01-01 18:46:36+00:00,-64.70376,18.30331,0.2,,,BRING ME THE HORIZON,,OEX6078,36.0,18.30326,-64.70381,2025-01-01 18:40:37+00:00,359.0,7.653129944878186,0.0414386075544624,False,False,False,True
203246078,2025-01-01 18:49:37+00:00,-64.70382,18.30321,0.2,,,BRING ME THE HORIZON,,OEX6078,36.0,18.30331,-64.70376,2025-01-01 18:46:36+00:00,181.0,12.75724389122692,0.1370057511907322,False,False,False,True
203246078,2025-01-01 18:52:35+00:00,-64.70379,18.30325,0.2,,,BRING ME THE HORIZON,,OEX6078,36.0,18.30321,-64.70382,2025-01-01 18:49:37+00:00,178.0,5.446190719980172,0.0594748503883497,False,False,False,True
203246078,2025-01-01 18:55:38+00:00,-64.70377,18.3033,0.2,,,BRING ME THE HORIZON,,OEX6078,36.0,18.30325,-64.70379,2025-01-01 18:52:35+00:00,183.0,5.924373050503,0.062929143773168,False,False,False,True
203246078,2025-01-01 18:58:36+00:00,-64.70382,18.30322,0.2,,,BRING ME THE HORIZON,,OEX6078,36.0,18.3033,-64.70377,2025-01-01 18:55:38+00:00,178.0,10.31256483148715,0.1126178428204381,False,False,False,True
203246078,2025-01-01 19:04:37+00:00,-64.70382,18.30325,0.1,,,BRING ME THE HORIZON,,OEX6078,36.0,18.30322,-64.70382,2025-01-01 18:58:36+00:00,361.0,3.3205162020826147,0.0178796460228705,False,False,False,True
203246078,2025-01-01 19:13:35+00:00,-64.70386,18.30319,0.2,,,BRING ME THE HORIZON,,OEX6078,36.0,18.30325,-64.70382,2025-01-01 19:04:37+00:00,538.0,7.873176446370945,0.0284464596719585,False,False,False,True
203246078,2025-01-01 19:16:36+00:00,-64.70388,18.30321,0.3,,,BRING ME THE HORIZON,,OEX6078,36.0,18.30319,-64.70386,2025-01-01 19:13:35+00:00,181.0,3.0612526753490297,0.0328761624334279,False,False,False,True
203246078,2025-01-01 19:25:38+00:00,-64.70386,18.30321,0.2,,,BRING ME THE HORIZON,,OEX6078,36.0,18.30321,-64.70388,2025-01-01 19:16:36+00:00,542.0,2.114450172807876,0.0075833077931934,False,False,False,True
203246078,2025-01-01 19:28:37+00:00,-64.70389,18.3032,0.1,,,BRING ME THE HORIZON,,OEX6078,36.0,18.30321,-64.70386,2025-01-01 19:25:38+00:00,179.0,3.3592583271958394,0.0364796687527171,False,False,False,True
203246078,2025-01-01 19:31:38+00:00,-64.70383,18.30322,0.1,,,BRING ME THE HORIZON,,OEX6078,36.0,18.3032,-64.70389,2025-01-01 19:28:37+00:00,181.0,6.71851648471772,0.0721531551583076,False,False,False,True
203246078,2025-01-01 19:34:36+00:00,-64.70384,18.30324,0.2,,,BRING ME THE HORIZON,,OEX6078,36.0,18.30322,-64.70383,2025-01-01 19:31:38+00:00,178.0,2.453180090268022,0.0267898291385763,False,False,False,True
203246078,2025-01-01 19:37:36+00:00,-64.70383,18.30324,0.0,,,BRING ME THE HORIZON,,OEX6078,36.0,18.30324,-64.70384,2025-01-01 19:34:36+00:00,180.0,1.0572249051531704,0.0114170892201829,False,False,False,True
203246078,2025-01-01 19:40:37+00:00,-64.70383,18.30324,0.1,,,BRING ME THE HORIZON,,OEX6078,36.0,18.30324,-64.70383,2025-01-01 19:37:36+00:00,181.0,0.0,0.0,False,False,False,True
203246078,2025-01-01 19:43:39+00:00,-64.70381,18.30329,0.2,,,BRING ME THE HORIZON,,OEX6078,36.0,18.30324,-64.70383,2025-01-01 19:40:37+00:00,182.0,5.924373088325383,0.0632749087033539,False,False,False,True
203246078,2025-01-01 19:46:37+00:00,-64.70384,18.30324,0.1,,,BRING ME THE HORIZON,,OEX6078,36.0,18.30329,-64.70381,2025-01-01 19:43:39+00:00,178.0,6.378621902950272,0.0696574179765778,False,False,False,True
203246078,2025-01-01 19:55:35+00:00,-64.70379,18.30332,0.1,,,BRING ME THE HORIZON,,OEX6078,36.0,18.30324,-64.70384,2025-01-01 19:46:37+00:00,538.0,10.312564536873811,0.0372601774151613,False,False,False,True
203246078,2025-01-01 19:58:38+00:00,-64.70377,18.30347,0.2,,,BRING ME THE HORIZON,,OEX6078,36.0,18.30332,-64.70379,2025-01-01 19:55:35+00:00,183.0,16.7366841243061,0.1777783391704435,False,False,False,True
203246078,2025-01-01 20:01:39+00:00,-64.70383,18.30337,0.3,,,BRING ME THE HORIZON,,OEX6078,36.0,18.30347,-64.70377,2025-01-01 19:58:38+00:00,181.0,12.75724115542602,0.137005721809742,False,False,False,True
203246078,2025-01-01 20:04:36+00:00,-64.7038,18.3033,0.2,,,BRING ME THE HORIZON,,OEX6078,36.0,18.30337,-64.70383,2025-01-01 20:01:39+00:00,177.0,8.371918414978932,0.0919416378066251,False,False,False,True
203246078,2025-01-01 20:07:37+00:00,-64.70377,18.30332,0.2,,,BRING ME THE HORIZON,,OEX6078,36.0,18.3033,-64.7038,2025-01-01 20:04:36+00:00,181.0,3.867800462316461,0.041538040058946,False,False,False,True
203246078,2025-01-01 20:10:38+00:00,-64.70379,18.30335,0.6,,,BRING ME THE HORIZON,,OEX6078,36.0,18.30332,-64.70377,2025-01-01 20:07:37+00:00,181.0,3.936587506516621,0.0422767749097639,False,False,False,True
203246078,2025-01-01 20:13:36+00:00,-64.70382,18.30331,0.3,,,BRING ME THE HORIZON,,OEX6078,36.0,18.30335,-64.70379,2025-01-01 20:10:38+00:00,178.0,5.446189697300931,0.0594748392202328,False,False,False,True
203246078,2025-01-01 20:16:35+00:00,-64.70388,18.30325,0.1,,,BRING ME THE HORIZON,,OEX6078,36.0,18.30331,-64.70382,2025-01-01 20:13:36+00:00,179.0,9.18375605728105,0.099730460192096,False,False,False,True
203246078,2025-01-01 20:22:36+00:00,-64.70383,18.30331,0.3,,,BRING ME THE HORIZON,,OEX6078,36.0,18.30325,-64.70388,2025-01-01 20:16:35+00:00,361.0,8.488015755463385,0.0457045555293627,False,False,False,True
203246078,2025-01-01 20:25:37+00:00,-64.70385,18.30329,0.2,,,BRING ME THE HORIZON,,OEX6078,36.0,18.30331,-64.70383,2025-01-01 20:22:36+00:00,181.0,3.0612518554414554,0.0328761536280735,False,False,False,True
203246078,2025-01-01 20:28:36+00:00,-64.70381,18.30334,0.1,,,BRING ME THE HORIZON,,OEX6078,36.0,18.30329,-64.70385,2025-01-01 20:25:37+00:00,179.0,6.9649749950350826,0.0756357373985977,False,False,False,True
203246078,2025-01-01 20:36:36+00:00,-64.70495,18.30325,4.9,266.9,,BRING ME THE HORIZON,,OEX6078,36.0,18.30334,-64.70381,2025-01-01 20:28:36+00:00,480.0,120.93457270784596,0.4897447079425402,False,False,False,True
203246078,2025-01-01 20:38:06+00:00,-64.70709,18.30345,4.5,280.4,,BRING ME THE HORIZON,,OEX6078,36.0,18.30325,-64.70495,2025-01-01 20:36:36+00:00,90.0,227.3263806868569,4.909845687048222,False,False,False,True
203246078,2025-01-01 20:39:36+00:00,-64.70902,18.30386,4.3,291.0,,BRING ME THE HORIZON,,OEX6078,36.0,18.30345,-64.70709,2025-01-01 20:38:06+00:00,90.0,209.02942707358392,4.51466401691906,False,False,False,True
203246078,2025-01-01 20:41:06+00:00,-64.71093,18.30415,4.6,273.0,,BRING ME THE HORIZON,,OEX6078,36.0,18.30386,-64.70902,2025-01-01 20:39:36+00:00,90.0,204.4643049056613,4.416065493864674,False,False,False,True
203246078,2025-01-01 20:42:36+00:00,-64.71293,18.30431,4.7,279.7,,BRING ME THE HORIZON,,OEX6078,36.0,18.30415,-64.71093,2025-01-01 20:41:06+00:00,90.0,212.1841077783073,4.582799511819832,False,False,False,True
203246078,2025-01-01 20:44:08+00:00,-64.71495,18.30469,4.6,280.2,,BRING ME THE HORIZON,,OEX6078,36.0,18.30431,-64.71293,2025-01-01 20:42:36+00:00,92.0,217.66029547712392,4.598878138698398,False,False,False,True
203246078,2025-01-01 20:45:38+00:00,-64.71694,18.30509,4.3,280.6,,BRING ME THE HORIZON,,OEX6078,36.0,18.30469,-64.71495,2025-01-01 20:44:08+00:00,90.0,214.9937616003416,4.643483039435644,False,False,False,True
203246078,2025-01-01 20:47:08+00:00,-64.71886,18.3054,4.4,275.8,,BRING ME THE HORIZON,,OEX6078,36.0,18.30509,-64.71694,2025-01-01 20:45:38+00:00,90.0,205.86442542926483,4.446305608071357,False,False,False,True
203246078,2025-01-01 20:49:08+00:00,-64.72149,18.30574,4.6,279.1,,BRING ME THE HORIZON,,OEX6078,36.0,18.3054,-64.71886,2025-01-01 20:47:08+00:00,120.0,280.5815842618039,4.545047556262207,False,False,False,True
203246078,2025-01-01 20:50:37+00:00,-64.72312,18.30676,4.7,315.1,,BRING ME THE HORIZON,,OEX6078,36.0,18.30574,-64.72149,2025-01-01 20:49:08+00:00,89.0,206.01374057621297,4.499525275074896,False,False,False,True
203246078,2025-01-01 20:52:06+00:00,-64.72431,18.30829,4.4,335.1,,BRING ME THE HORIZON,,OEX6078,36.0,18.30676,-64.72312,2025-01-01 20:50:37+00:00,89.0,210.96331940549496,4.607628525766038,False,False,False,True
203246078,2025-01-01 20:53:37+00:00,-64.7248,18.31002,4.1,0.2,,BRING ME THE HORIZON,,OEX6078,36.0,18.30829,-64.72431,2025-01-01 20:52:06+00:00,91.0,198.3665740194868,4.237284409253178,False,False,False,True
203246078,2025-01-01 20:55:06+00:00,-64.72462,18.31176,4.0,19.4,,BRING ME THE HORIZON,,OEX6078,36.0,18.31002,-64.7248,2025-01-01 20:53:37+00:00,89.0,193.5279184406944,4.226823696424262,False,False,False,True
203246078,2025-01-01 20:57:39+00:00,-64.7232,18.31398,2.9,37.8,,BRING ME THE HORIZON,,OEX6078,36.0,18.31176,-64.72462,2025-01-01 20:55:06+00:00,153.0,287.945933016236,3.6583060289822233,False,False,False,True
203246078,2025-01-01 21:00:09+00:00,-64.72188,18.3151,0.5,,,BRING ME THE HORIZON,,OEX6078,36.0,18.31398,-64.7232,2025-01-01 20:57:39+00:00,150.0,186.655553101599,2.418856868940081,False,False,False,True
203246078,2025-01-01 21:01:39+00:00,-64.72191,18.31504,0.5,,,BRING ME THE HORIZON,,OEX6078,36.0,18.3151,-64.72188,2025-01-01 21:00:09+00:00,90.0,7.359454798682374,0.1589511401763416,False,False,False,True
203246078,2025-01-01 21:03:09+00:00,-64.72198,18.31494,0.3,,,BRING ME THE HORIZON,,OEX6078,36.0,18.31504,-64.72191,2025-01-01 21:01:39+00:00,90.0,13.31430104903186,0.2875652327905565,False,False,False,True
203246078,2025-01-01 21:05:40+00:00,-64.72195,18.31494,0.1,,,BRING ME THE HORIZON,,OEX6078,36.0,18.31494,-64.72198,2025-01-01 21:03:09+00:00,151.0,3.171461705623938,0.040826583588477,False,False,False,True
203246078,2025-01-01 21:08:38+00:00,-64.72195,18.31494,0.2,,,BRING ME THE HORIZON,,OEX6078,36.0,18.31494,-64.72195,2025-01-01 21:05:40+00:00,178.0,0.0,0.0,False,False,False,True
203246078,2025-01-01 21:11:40+00:00,-64.72205,18.31505,0.1,,,BRING ME THE HORIZON,,OEX6078,36.0,18.31494,-64.72195,2025-01-01 21:08:38+00:00,182.0,16.12432514368087,0.1722148801499594,False,False,False,True
203246078,2025-01-01 21:20:39+00:00,-64.72198,18.31494,0.2,,,BRING ME THE HORIZON,,OEX6078,36.0,18.31505,-64.72205,2025-01-01 21:11:40+00:00,539.0,14.24772277770214,0.0513827336627245,False,False,False,True
203246078,2025-01-01 21:26:39+00:00,-64.72197,18.31493,0.0,,,BRING ME THE HORIZON,,OEX6078,36.0,18.31494,-64.72198,2025-01-01 21:20:39+00:00,360.0,1.5305781326035888,0.0082644416591115,False,False,False,True
203246078,2025-01-01 21:29:40+00:00,-64.72198,18.3149,0.1,,,BRING ME THE HORIZON,,OEX6078,36.0,18.31493,-64.72197,2025-01-01 21:26:39+00:00,181.0,3.4847423835816067,0.0374242079276313,False,False,False,True
203246078,2025-01-01 21:41:39+00:00,-64.722,18.31493,0.1,,,BRING ME THE HORIZON,,OEX6078,36.0,18.3149,-64.72198,2025-01-01 21:29:40+00:00,719.0,3.93651540782798,0.0106424980672494,False,False,True,True
203246078,2025-01-01 21:44:38+00:00,-64.72197,18.31489,0.1,,,BRING ME THE HORIZON,,OEX6078,36.0,18.31493,-64.722,2025-01-01 21:41:39+00:00,179.0,5.446071283087676,0.0591412916364086,False,False,False,True
203246078,2025-01-01 21:50:39+00:00,-64.722,18.31491,0.1,,,BRING ME THE HORIZON,,OEX6078,36.0,18.31489,-64.72197,2025-01-01 21:44:38+00:00,361.0,3.867628972325672,0.0208256285361926,False,False,False,True
203246078,2025-01-01 21:53:40+00:00,-64.72198,18.31488,0.1,,,BRING ME THE HORIZON,,OEX6078,36.0,18.31491,-64.722,2025-01-01 21:50:39+00:00,181.0,3.9365155339221807,0.0422760019638634,False,False,False,True
203246078,2025-01-01 21:56:40+00:00,-64.72196,18.3149,0.0,,,BRING ME THE HORIZON,,OEX6078,36.0,18.31488,-64.72198,2025-01-01 21:53:40+00:00,180.0,3.06115663598168,0.0330577706404812,False,False,False,True
203246078,2025-01-01 21:59:37+00:00,-64.72194,18.31488,0.1,,,BRING ME THE HORIZON,,OEX6078,36.0,18.3149,-64.72196,2025-01-01 21:56:40+00:00,177.0,3.061156634921628,0.0336180718261359,False,False,False,True
203246078,2025-01-01 22:02:39+00:00,-64.72193,18.31487,0.1,,,BRING ME THE HORIZON,,OEX6078,36.0,18.31488,-64.72194,2025-01-01 21:59:37+00:00,182.0,1.5305783782572655,0.0163472498614923,False,False,False,True
203246078,2025-01-01 22:11:38+00:00,-64.72201,18.31494,0.1,,,BRING ME THE HORIZON,,OEX6078,36.0,18.31487,-64.72193,2025-01-01 22:02:39+00:00,539.0,11.46971849364518,0.0413641884910709,False,False,False,True
203246078,2025-01-01 22:14:37+00:00,-64.722,18.31491,0.2,,,BRING ME THE HORIZON,,OEX6078,36.0,18.31494,-64.72201,2025-01-01 22:11:38+00:00,179.0,3.4847423689121126,0.0378423553429392,False,False,False,True
203246078,2025-01-01 22:20:37+00:00,-64.72192,18.31486,0.0,,,BRING ME THE HORIZON,,OEX6078,36.0,18.31491,-64.722,2025-01-01 22:14:37+00:00,360.0,10.107036125826593,0.0545735030634076,False,False,False,True
203246078,2025-01-01 22:23:40+00:00,-64.72192,18.31486,0.0,,,BRING ME THE HORIZON,,OEX6078,36.0,18.31486,-64.72192,2025-01-01 22:20:37+00:00,183.0,0.0,0.0,False,False,False,True
203246078,2025-01-01 22:26:39+00:00,-64.72194,18.31487,0.1,,,BRING ME THE HORIZON,,OEX6078,36.0,18.31486,-64.72192,2025-01-01 22:23:40+00:00,179.0,2.386502945833177,0.0259160887498791,False,False,False,True
203246078,2025-01-01 22:29:40+00:00,-64.72193,18.31487,0.1,,,BRING ME THE HORIZON,,OEX6078,36.0,18.31487,-64.72194,2025-01-01 22:26:39+00:00,181.0,1.0571543273089108,0.0113532534121334,False,False,False,True
203246078,2025-01-01 22:32:39+00:00,-64.722,18.3149,0.0,,,BRING ME THE HORIZON,,OEX6078,36.0,18.31487,-64.72193,2025-01-01 22:29:40+00:00,179.0,8.110920635763463,0.0880800668638125,False,False,False,True
203246078,2025-01-01 22:35:38+00:00,-64.72196,18.31487,0.0,,,BRING ME THE HORIZON,,OEX6078,36.0,18.3149,-64.722,2025-01-01 22:32:39+00:00,179.0,5.376528246142201,0.0583860931060394,False,False,False,True
203246078,2025-01-01 22:38:40+00:00,-64.72199,18.31489,0.1,,,BRING ME THE HORIZON,,OEX6078,36.0,18.31487,-64.72196,2025-01-01 22:35:38+00:00,182.0,3.867629268607464,0.041307980645549,False,False,False,True
203246078,2025-01-01 22:41:38+00:00,-64.72197,18.31486,0.3,,,BRING ME THE HORIZON,,OEX6078,36.0,18.31489,-64.72199,2025-01-01 22:38:40+00:00,178.0,3.9365156586039816,0.0429885202124762,False,False,False,True
203246078,2025-01-01 22:44:37+00:00,-64.72199,18.31489,0.1,,,BRING ME THE HORIZON,,OEX6078,36.0,18.31486,-64.72197,2025-01-01 22:41:38+00:00,179.0,3.9365156586039816,0.0427483608816802,False,False,False,True
203246078,2025-01-01 22:47:40+00:00,-64.72195,18.31485,0.1,,,BRING ME THE HORIZON,,OEX6078,36.0,18.31489,-64.72199,2025-01-01 22:44:37+00:00,183.0,6.122313597029923,0.0650316834013696,False,False,False,True
203246078,2025-01-01 22:56:40+00:00,-64.72195,18.31485,0.2,,,BRING ME THE HORIZON,,OEX6078,36.0,18.31485,-64.72195,2025-01-01 22:47:40+00:00,540.0,0.0,0.0,False,False,False,True
203246078,2025-01-01 22:59:40+00:00,-64.72196,18.31488,0.2,,,BRING ME THE HORIZON,,OEX6078,36.0,18.31485,-64.72195,2025-01-01 22:56:40+00:00,180.0,3.484742458690348,0.0376321210050035,False,False,False,True
203246078,2025-01-01 23:02:38+00:00,-64.72191,18.31483,0.1,,,BRING ME THE HORIZON,,OEX6078,36.0,18.31488,-64.72196,2025-01-01 22:59:40+00:00,178.0,7.652892304237014,0.0835730234644274,False,False,False,True
203246078,2025-01-01 23:05:37+00:00,-64.72195,18.31485,0.1,,,BRING ME THE HORIZON,,OEX6078,36.0,18.31483,-64.72191,2025-01-01 23:02:38+00:00,179.0,4.773006425811333,0.0518321833002743,False,False,False,True
203246078,2025-01-01 23:11:39+00:00,-64.72196,18.31487,0.0,,,BRING ME THE HORIZON,,OEX6078,36.0,18.31485,-64.72195,2025-01-01 23:05:37+00:00,362.0,2.453152104837212,0.0131727491366485,False,False,False,True
203246078,2025-01-01 23:14:38+00:00,-64.72193,18.31483,0.0,,,BRING ME THE HORIZON,,OEX6078,36.0,18.31487,-64.72196,2025-01-01 23:11:39+00:00,179.0,5.446071897182888,0.0591412983051395,False,False,False,True
203246078,2025-01-01 23:17:38+00:00,-64.72195,18.31486,0.1,,,BRING ME THE HORIZON,,OEX6078,36.0,18.31483,-64.72193,2025-01-01 23:14:38+00:00,180.0,3.936515844745285,0.0425108719980537,False,False,False,True
203246078,2025-01-01 23:20:39+00:00,-64.72194,18.31485,0.0,,,BRING ME THE HORIZON,,OEX6078,36.0,18.31486,-64.72195,2025-01-01 23:17:38+00:00,181.0,1.5305784604939088,0.0164375670422457,False,False,False,True
203246078,2025-01-01 23:23:40+00:00,-64.72199,18.31487,0.0,,,BRING ME THE HORIZON,,OEX6078,36.0,18.31485,-64.72194,2025-01-01 23:20:39+00:00,181.0,5.730598995102119,0.0615434671306038,False,False,False,True
203246078,2025-01-01 23:35:37+00:00,-64.72197,18.31488,0.1,,,BRING ME THE HORIZON,,OEX6078,36.0,18.31487,-64.72199,2025-01-01 23:23:40+00:00,717.0,2.386502837240088,0.0064699855999173,False,False,True,True
203246078,2025-01-01 23:38:39+00:00,-64.72196,18.31486,0.0,,,BRING ME THE HORIZON,,OEX6078,36.0,18.31488,-64.72197,2025-01-01 23:35:37+00:00,182.0,2.453152080630192,0.0262007425297373,False,False,False,True
203246078,2025-01-01 23:41:37+00:00,-64.72198,18.31489,0.1,,,BRING ME THE HORIZON,,OEX6078,36.0,18.31486,-64.72196,2025-01-01 23:38:39+00:00,178.0,3.9365156586039816,0.0429885202124762,False,False,False,True
203246078,2025-01-01 23:50:38+00:00,-64.72199,18.31493,0.2,,,BRING ME THE HORIZON,,OEX6078,36.0,18.31489,-64.72198,2025-01-01 23:41:37+00:00,541.0,4.551823191381612,0.0163549278971076,False,False,False,True
203246078,2025-01-01 23:53:39+00:00,-64.72197,18.31491,0.1,,,BRING ME THE HORIZON,,OEX6078,36.0,18.31493,-64.72199,2025-01-01 23:50:38+00:00,181.0,3.061156387504945,0.0328751283551801,False,False,False,True
203246078,2025-01-01 23:59:39+00:00,-64.72196,18.31488,0.1,,,BRING ME THE HORIZON,,OEX6078,36.0,18.31491,-64.72197,2025-01-01 23:53:39+00:00,360.0,3.4847424153884137,0.0188160602686905,False,False,False,True
203661016,2025-01-01 01:11:05+00:00,-94.67373,26.22357,0.0,0.0,340.0,SHELL WHALE,IMO2345678,WRFF619,99.0,,,,,,,False,False,False,False
203661016,2025-01-01 01:50:07+00:00,-94.67375,26.22359,0.0,0.0,340.0,SHELL WHALE,IMO2345678,WRFF619,99.0,26.22357,-94.67373,2025-01-01 01:11:05+00:00,2342.0,2.983972757844984,0.0024766719067503,False,False,True,True
203661016,2025-01-01 01:56:05+00:00,-94.67376,26.22356,0.0,0.0,340.0,SHELL WHALE,IMO2345678,WRFF619,99.0,26.22359,-94.67375,2025-01-01 01:50:07+00:00,358.0,3.470708270261825,0.0188449764359378,False,False,False,True
203661016,2025-01-01 02:14:03+00:00,-94.67376,26.22354,0.0,0.0,340.0,SHELL WHALE,IMO2345678,WRFF619,99.0,26.22356,-94.67376,2025-01-01 01:56:05+00:00,1078.0,2.215828557494502,0.003995562322078,False,False,True,True
203661016,2025-01-01 02:41:04+00:00,-94.67377,26.22354,0.0,0.0,340.0,SHELL WHALE,IMO2345678,WRFF619,99.0,26.22354,-94.67376,2025-01-01 02:14:03+00:00,1621.0,0.9992747271355172,0.0011982912927792,False,False,True,True
203661016,2025-01-01 02:56:04+00:00,-94.67376,26.22354,0.0,0.0,340.0,SHELL WHALE,IMO2345678,WRFF619,99.0,26.22354,-94.67377,2025-01-01 02:41:04+00:00,900.0,0.9992747271355172,0.0021582557617723,False,False,True,True
203661016,2025-01-01 04:23:07+00:00,-94.67379,26.22357,0.0,0.0,340.0,SHELL WHALE,IMO2345678,WRFF619,99.0,26.22354,-94.67376,2025-01-01 02:56:04+00:00,5223.0,4.475959557595667,0.0016658145177937,False,False,True,True
203661016,2025-01-01 04:29:08+00:00,-94.67372,26.22357,0.0,0.0,340.0,SHELL WHALE,IMO2345678,WRFF619,99.0,26.22357,-94.67379,2025-01-01 04:23:07+00:00,361.0,6.99492129277996,0.037664841567195,False,False,False,True
203661016,2025-01-01 14:02:07+00:00,-94.67377,26.22357,0.0,0.0,340.0,SHELL WHALE,IMO2345678,WRFF619,99.0,26.22357,-94.67372,2025-01-01 04:29:08+00:00,34379.0,4.996372352594308,0.0002825023541658,False,False,True,True
205383672,2025-01-01 20:09:47+00:00,-81.9948,26.52997,7.2,292.1,,LIFE IS GOOD,,,37.0,,,,,,,False,False,False,False
205383672,2025-01-01 20:11:47+00:00,-81.99891,26.5317,7.4,310.6,,LIFE IS GOOD,,,37.0,26.52997,-81.9948,2025-01-01 20:09:47+00:00,120.0,452.2457395864368,7.325777986980827,False,False,False,True
205383672,2025-01-01 20:13:47+00:00,-81.99979,26.53431,5.7,30.0,,LIFE IS GOOD,,,37.0,26.5317,-81.99891,2025-01-01 20:11:47+00:00,120.0,302.18482230371285,4.894991208223743,False,False,False,True
205670000,2025-01-01 00:01:14+00:00,-118.14164,33.68869,0.0,212.4,227.0,INGRID,IMO9529956,ONHY,80.0,,,,,,,False,False,False,False
205670000,2025-01-01 00:04:14+00:00,-118.14164,33.68869,0.0,223.1,227.0,INGRID,IMO9529956,ONHY,80.0,33.68869,-118.14164,2025-01-01 00:01:14+00:00,180.0,0.0,0.0,False,False,False,True
205670000,2025-01-01 00:07:14+00:00,-118.14164,33.6887,0.0,216.8,228.0,INGRID,IMO9529956,ONHY,80.0,33.68869,-118.14164,2025-01-01 00:04:14+00:00,180.0,1.109167757612559,0.0119780258553199,False,False,False,True
205670000,2025-01-01 00:10:14+00:00,-118.14168,33.68872,0.0,242.2,227.0,INGRID,IMO9529956,ONHY,80.0,33.6887,-118.14164,2025-01-01 00:07:14+00:00,180.0,4.321612276519737,0.0466695711532784,False,False,False,True
205670000,2025-01-01 00:13:14+00:00,-118.14172,33.68877,0.0,279.4,225.0,INGRID,IMO9529956,ONHY,80.0,33.68872,-118.14168,2025-01-01 00:10:14+00:00,180.0,6.671704235156749,0.0720484753359283,False,False,False,True
205670000,2025-01-01 00:16:14+00:00,-118.14179,33.68879,0.0,299.8,223.0,INGRID,IMO9529956,ONHY,80.0,33.68877,-118.14172,2025-01-01 00:13:14+00:00,180.0,6.859053314740064,0.0740716788629129,False,False,False,True
205670000,2025-01-01 00:19:14+00:00,-118.14178,33.68882,0.0,292.4,222.0,INGRID,IMO9529956,ONHY,80.0,33.68879,-118.14179,2025-01-01 00:16:14+00:00,180.0,3.454270407189024,0.0373030499350572,False,False,False,True
205670000,2025-01-01 00:22:14+00:00,-118.14181,33.68885,0.0,160.0,221.0,INGRID,IMO9529956,ONHY,80.0,33.68882,-118.14178,2025-01-01 00:19:14+00:00,180.0,4.337006312011141,0.0468358130529985,False,False,False,True
205670000,2025-01-01 00:25:14+00:00,-118.14182,33.68884,0.0,181.5,222.0,INGRID,IMO9529956,ONHY,80.0,33.68885,-118.14181,2025-01-01 00:22:14+00:00,180.0,1.4456687030418738,0.015611936954005,False,False,False,True
205670000,2025-01-01 00:28:14+00:00,-118.14179,33.68882,0.0,181.6,223.0,INGRID,IMO9529956,ONHY,80.0,33.68884,-118.14182,2025-01-01 00:25:14+00:00,180.0,3.557858733411073,0.0384217117797432,False,False,False,True
205670000,2025-01-01 00:31:14+00:00,-118.14179,33.68883,0.0,204.0,224.0,INGRID,IMO9529956,ONHY,80.0,33.68882,-118.14179,2025-01-01 00:28:14+00:00,180.0,1.1091677809453535,0.0119780261072934,False,False,False,True
205670000,2025-01-01 00:34:14+00:00,-118.14179,33.68883,0.0,278.5,224.0,INGRID,IMO9529956,ONHY,80.0,33.68883,-118.14179,2025-01-01 00:31:14+00:00,180.0,0.0,0.0,False,False,False,True
205670000,2025-01-01 00:37:14+00:00,-118.14183,33.68886,0.0,300.2,224.0,INGRID,IMO9529956,ONHY,80.0,33.68883,-118.14179,2025-01-01 00:34:14+00:00,180.0,4.982725734846232,0.0538090088467972,False,False,False,True
205670000,2025-01-01 00:40:14+00:00,-118.14187,33.68894,0.0,307.7,222.0,INGRID,IMO9529956,ONHY,80.0,33.68886,-118.14183,2025-01-01 00:37:14+00:00,180.0,9.617248268275857,0.1038577326322519,False,False,False,True
205670000,2025-01-01 00:43:14+00:00,-118.14192,33.68895,0.0,290.1,221.0,INGRID,IMO9529956,ONHY,80.0,33.68894,-118.14187,2025-01-01 00:40:14+00:00,180.0,4.766846339753226,0.0514777032725883,False,False,False,True
205670000,2025-01-01 00:46:14+00:00,-118.14195,33.68899,0.1,236.0,220.0,INGRID,IMO9529956,ONHY,80.0,33.68895,-118.14192,2025-01-01 00:43:14+00:00,180.0,5.2365420467893244,0.0565499994012831,False,False,False,True
205670000,2025-01-01 00:49:14+00:00,-118.14197,33.68902,0.0,218.2,219.0,INGRID,IMO9529956,ONHY,80.0,33.68899,-118.14195,2025-01-01 00:46:14+00:00,180.0,3.809341899470101,0.0411375064325886,False,False,False,True
205670000,2025-01-01 00:52:14+00:00,-118.14202,33.68901,0.0,206.9,218.0,INGRID,IMO9529956,ONHY,80.0,33.68902,-118.14197,2025-01-01 00:49:14+00:00,180.0,4.766842688029464,0.0514776638372177,False,False,False,True
205670000,2025-01-01 00:55:14+00:00,-118.14204,33.68904,0.0,232.3,217.0,INGRID,IMO9529956,ONHY,80.0,33.68901,-118.14202,2025-01-01 00:52:14+00:00,180.0,3.8093416983574806,0.0411375042607511,False,False,False,True
205670000,2025-01-01 00:58:14+00:00,-118.14208,33.68903,0.0,204.7,216.0,INGRID,IMO9529956,ONHY,80.0,33.68904,-118.14204,2025-01-01 00:55:14+00:00,180.0,3.871107064272696,0.0418045153100879,False,False,False,True
205670000,2025-01-01 01:01:14+00:00,-118.14215,33.68902,0.0,241.7,215.0,INGRID,IMO9529956,ONHY,80.0,33.68903,-118.14208,2025-01-01 00:58:14+00:00,180.0,6.584498003856568,0.0711067255545364,False,False,False,True
205670000,2025-01-01 01:04:14+00:00,-118.14216,33.68903,0.0,206.4,214.0,INGRID,IMO9529956,ONHY,80.0,33.68902,-118.14215,2025-01-01 01:01:14+00:00,180.0,1.4456674885528515,0.0156119238386031,False,False,False,True
205670000,2025-01-01 01:07:14+00:00,-118.14217,33.68906,0.0,178.3,213.0,INGRID,IMO9529956,ONHY,80.0,33.68903,-118.14216,2025-01-01 01:04:14+00:00,180.0,3.454269839477415,0.0373030438042765,False,False,False,True
205670000,2025-01-01 01:10:14+00:00,-118.14216,33.68906,0.0,143.2,213.0,INGRID,IMO9529956,ONHY,80.0,33.68906,-118.14217,2025-01-01 01:07:14+00:00,180.0,0.9272003777368903,0.0100129399014448,False,False,False,True
205670000,2025-01-01 01:13:14+00:00,-118.14216,33.68908,0.0,168.2,214.0,INGRID,IMO9529956,ONHY,80.0,33.68906,-118.14216,2025-01-01 01:10:14+00:00,180.0,2.218335650604791,0.02395605317262,False,False,False,True
205670000,2025-01-01 01:16:14+00:00,-118.14213,33.68907,0.0,164.0,214.0,INGRID,IMO9529956,ONHY,80.0,33.68908,-118.14216,2025-01-01 01:13:14+00:00,180.0,2.9945876946998857,0.0323388852470301,False,False,False,True
205670000,2025-01-01 01:19:14+00:00,-118.14212,33.68905,0.0,176.0,215.0,INGRID,IMO9529956,ONHY,80.0,33.68907,-118.14213,2025-01-01 01:16:14+00:00,180.0,2.4043114578607576,0.0259644265791558,False,False,False,True
205670000,2025-01-01 01:22:14+00:00,-118.14211,33.68904,0.0,167.2,214.0,INGRID,IMO9529956,ONHY,80.0,33.68905,-118.14212,2025-01-01 01:19:14+00:00,180.0,1.4456673534138669,0.0156119223792222,False,False,False,True
205670000,2025-01-01 01:25:14+00:00,-118.14211,33.68905,0.0,154.2,214.0,INGRID,IMO9529956,ONHY,80.0,33.68904,-118.14211,2025-01-01 01:22:14+00:00,180.0,1.1091678209793432,0.0119780265396249,False,False,False,True
205670000,2025-01-01 01:28:14+00:00,-118.14208,33.68903,0.0,168.7,215.0,INGRID,IMO9529956,ONHY,80.0,33.68905,-118.14211,2025-01-01 01:25:14+00:00,180.0,3.557853492219658,0.0384216551795347,False,False,False,True
205670000,2025-01-01 01:31:14+00:00,-118.14208,33.68903,0.0,166.4,216.0,INGRID,IMO9529956,ONHY,80.0,33.68903,-118.14208,2025-01-01 01:28:14+00:00,180.0,0.0,0.0,False,False,False,True
205670000,2025-01-01 01:34:14+00:00,-118.14207,33.68903,0.0,269.9,217.0,INGRID,IMO9529956,ONHY,80.0,33.68903,-118.14208,2025-01-01 01:31:14+00:00,180.0,0.9272007011929806,0.0100129433944831,False,False,False,True
205670000,2025-01-01 01:37:14+00:00,-118.14211,33.68904,0.0,253.1,216.0,INGRID,IMO9529956,ONHY,80.0,33.68903,-118.14207,2025-01-01 01:34:14+00:00,180.0,3.871107062859903,0.041804515294831,False,False,False,True
205670000,2025-01-01 01:40:14+00:00,-118.14211,33.68908,0.0,275.9,215.0,INGRID,IMO9529956,ONHY,80.0,33.68904,-118.14211,2025-01-01 01:37:14+00:00,180.0,4.436671293513716,0.0479121062621316,False,False,False,True
205670000,2025-01-01 01:43:14+00:00,-118.14211,33.6891,0.0,283.4,214.0,INGRID,IMO9529956,ONHY,80.0,33.68908,-118.14211,2025-01-01 01:40:14+00:00,180.0,2.2183356579467715,0.0239560532519069,False,False,False,True
205670000,2025-01-01 01:46:14+00:00,-118.1421,33.68908,0.0,194.1,215.0,INGRID,IMO9529956,ONHY,80.0,33.6891,-118.14211,2025-01-01 01:43:14+00:00,180.0,2.404311344132776,0.0259644253509947,False,False,False,True
205670000,2025-01-01 01:49:14+00:00,-118.14213,33.68906,0.0,195.5,215.0,INGRID,IMO9529956,ONHY,80.0,33.68908,-118.1421,2025-01-01 01:46:14+00:00,180.0,3.557852744185521,0.038421647101431,False,False,False,True
205670000,2025-01-01 01:52:14+00:00,-118.14211,33.68906,0.0,188.8,215.0,INGRID,IMO9529956,ONHY,80.0,33.68906,-118.14213,2025-01-01 01:49:14+00:00,180.0,1.8544007567914096,0.0200258798171189,False,False,False,True
205670000,2025-01-01 01:55:14+00:00,-118.14213,33.68906,0.0,224.6,214.0,INGRID,IMO9529956,ONHY,80.0,33.68906,-118.14211,2025-01-01 01:52:14+00:00,180.0,1.8544007567914096,0.0200258798171189,False,False,False,True
205670000,2025-01-01 01:58:14+00:00,-118.14216,33.68906,0.0,240.4,213.0,INGRID,IMO9529956,ONHY,80.0,33.68906,-118.14213,2025-01-01 01:55:14+00:00,180.0,2.7816011371635545,0.0300388197470222,False,False,False,True
205670000,2025-01-01 02:01:14+00:00,-118.14219,33.68903,0.0,187.9,213.0,INGRID,IMO9529956,ONHY,80.0,33.68906,-118.14216,2025-01-01 01:58:14+00:00,180.0,4.337002057415227,0.0468357671071445,False,False,False,True
205670000,2025-01-01 02:04:14+00:00,-118.14219,33.68902,0.0,223.5,213.0,INGRID,IMO9529956,ONHY,80.0,33.68903,-118.14219,2025-01-01 02:01:14+00:00,180.0,1.1091678165996977,0.0119780264923286,False,False,False,True
205670000,2025-01-01 02:07:14+00:00,-118.1422,33.689,0.0,228.9,214.0,INGRID,IMO9529956,ONHY,80.0,33.68902,-118.14219,2025-01-01 02:04:14+00:00,180.0,2.4043116488233487,0.0259644286413821,False,False,False,True
205670000,2025-01-01 02:10:14+00:00,-118.14223,33.68903,0.0,295.1,213.0,INGRID,IMO9529956,ONHY,80.0,33.689,-118.1422,2025-01-01 02:07:14+00:00,180.0,4.337002666778716,0.0468357736877285,False,False,False,True
205670000,2025-01-01 02:13:14+00:00,-118.14225,33.68906,0.0,302.0,212.0,INGRID,IMO9529956,ONHY,80.0,33.68903,-118.14223,2025-01-01 02:10:14+00:00,180.0,3.809341499010965,0.0411375021079859,False,False,False,True
205670000,2025-01-01 02:16:14+00:00,-118.14224,33.68906,0.0,128.8,211.0,INGRID,IMO9529956,ONHY,80.0,33.68906,-118.14225,2025-01-01 02:13:14+00:00,180.0,0.9272003790545216,0.0100129399156741,False,False,False,True
205670000,2025-01-01 02:19:14+00:00,-118.14226,33.68906,0.0,287.9,213.0,INGRID,IMO9529956,ONHY,80.0,33.68906,-118.14224,2025-01-01 02:16:14+00:00,180.0,1.8544007567914096,0.0200258798171189,False,False,False,True
205670000,2025-01-01 02:22:14+00:00,-118.1423,33.68907,0.0,293.8,214.0,INGRID,IMO9529956,ONHY,80.0,33.68906,-118.14226,2025-01-01 02:19:14+00:00,180.0,3.871105831754995,0.0418045019999923,False,False,False,True
205670000,2025-01-01 02:25:14+00:00,-118.14232,33.68907,0.0,295.6,214.0,INGRID,IMO9529956,ONHY,80.0,33.68907,-118.1423,2025-01-01 02:22:14+00:00,180.0,1.8544005420323249,0.0200258774979117,False,False,False,True
205670000,2025-01-01 02:28:14+00:00,-118.14238,33.68911,0.0,306.6,212.0,INGRID,IMO9529956,ONHY,80.0,33.68907,-118.14232,2025-01-01 02:25:14+00:00,180.0,7.115704488989436,0.076843283410429,False,False,False,True
205670000,2025-01-01 02:31:14+00:00,-118.14243,33.68916,0.0,323.0,210.0,INGRID,IMO9529956,ONHY,80.0,33.68911,-118.14238,2025-01-01 02:28:14+00:00,180.0,7.22833372696233,0.078059579065658,False,False,False,True
205670000,2025-01-01 02:34:14+00:00,-118.14248,33.68921,0.0,353.4,207.0,INGRID,IMO9529956,ONHY,80.0,33.68916,-118.14243,2025-01-01 02:31:14+00:00,180.0,7.228332041781196,0.0780595608671997,False,False,False,True
205670000,2025-01-01 02:37:14+00:00,-118.14251,33.68924,0.0,348.8,206.0,INGRID,IMO9529956,ONHY,80.0,33.68921,-118.14248,2025-01-01 02:34:14+00:00,180.0,4.336998412889769,0.0468357277495091,False,False,False,True
205670000,2025-01-01 02:40:14+00:00,-118.14254,33.68927,0.0,351.9,205.0,INGRID,IMO9529956,ONHY,80.0,33.68924,-118.14251,2025-01-01 02:37:14+00:00,180.0,4.336997808117225,0.0468357212185032,False,False,False,True
205670000,2025-01-01 02:43:14+00:00,-118.14255,33.68928,0.0,277.6,206.0,INGRID,IMO9529956,ONHY,80.0,33.68927,-118.14254,2025-01-01 02:40:14+00:00,180.0,1.4456658005466492,0.0156119056096366,False,False,False,True
205670000,2025-01-01 02:46:14+00:00,-118.14256,33.68933,0.0,358.2,205.0,INGRID,IMO9529956,ONHY,80.0,33.68928,-118.14255,2025-01-01 02:43:14+00:00,180.0,5.622813318733594,0.0607213857860395,False,False,False,True
205670000,2025-01-01 02:49:14+00:00,-118.14265,33.68934,0.0,352.4,203.0,INGRID,IMO9529956,ONHY,80.0,33.68933,-118.14256,2025-01-01 02:46:14+00:00,180.0,8.418168075881573,0.0909087324034535,False,False,False,True
205670000,2025-01-01 02:52:14+00:00,-118.14269,33.68939,0.0,12.2,200.0,INGRID,IMO9529956,ONHY,80.0,33.68934,-118.14265,2025-01-01 02:49:14+00:00,180.0,6.671689895519529,0.0720483204805926,False,False,False,True
205670000,2025-01-01 02:55:14+00:00,-118.14273,33.68935,0.0,51.0,200.0,INGRID,IMO9529956,ONHY,80.0,33.68939,-118.14269,2025-01-01 02:52:14+00:00,180.0,5.7826606391292765,0.0624475947598058,False,False,False,True
205670000,2025-01-01 02:58:14+00:00,-118.14275,33.68932,0.0,21.9,201.0,INGRID,IMO9529956,ONHY,80.0,33.68935,-118.14273,2025-01-01 02:55:14+00:00,180.0,3.809338603192319,0.0411374708357186,False,False,False,True
205670000,2025-01-01 03:01:14+00:00,-118.14281,33.68933,0.0,272.6,201.0,INGRID,IMO9529956,ONHY,80.0,33.68932,-118.14275,2025-01-01 02:58:14+00:00,180.0,5.672678637373672,0.0612598869026246,False,False,False,True
205670000,2025-01-01 03:22:14+00:00,-118.14314,33.68938,0.0,225.2,193.0,INGRID,IMO9529956,ONHY,80.0,33.68933,-118.14281,2025-01-01 03:01:14+00:00,1260.0,31.096042001246577,0.0479728018124628,False,False,True,True
205670000,2025-01-01 03:31:14+00:00,-118.14327,33.68941,0.0,221.0,190.0,INGRID,IMO9529956,ONHY,80.0,33.68938,-118.14314,2025-01-01 03:22:14+00:00,540.0,12.504421013392708,0.0450122106345801,False,False,False,True
205670000,2025-01-01 03:34:14+00:00,-118.14331,33.68943,0.0,228.6,189.0,INGRID,IMO9529956,ONHY,80.0,33.68941,-118.14327,2025-01-01 03:31:14+00:00,180.0,4.321586235845996,0.0466692899371493,False,False,False,True
205670000,2025-01-01 03:37:14+00:00,-118.14336,33.68943,0.0,251.7,188.0,INGRID,IMO9529956,ONHY,80.0,33.68943,-118.14331,2025-01-01 03:34:14+00:00,180.0,4.635982028645293,0.0500644850364548,False,False,False,True
205670000,2025-01-01 03:40:14+00:00,-118.14338,33.68944,0.0,211.5,187.0,INGRID,IMO9529956,ONHY,80.0,33.68943,-118.14336,2025-01-01 03:37:14+00:00,180.0,2.160792842031685,0.0233346419891937,False,False,False,True
205670000,2025-01-01 03:43:14+00:00,-118.14338,33.68944,0.0,173.8,188.0,INGRID,IMO9529956,ONHY,80.0,33.68944,-118.14338,2025-01-01 03:40:14+00:00,180.0,0.0,0.0,False,False,False,True
205670000,2025-01-01 03:46:14+00:00,-118.14342,33.68944,0.0,217.9,187.0,INGRID,IMO9529956,ONHY,80.0,33.68944,-118.14338,2025-01-01 03:43:14+00:00,180.0,3.708785194447989,0.0400515834020876,False,False,False,True
205670000,2025-01-01 03:52:14+00:00,-118.1434,33.6895,0.0,156.8,188.0,INGRID,IMO9529956,ONHY,80.0,33.68944,-118.14342,2025-01-01 03:46:14+00:00,360.0,6.908537674404282,0.0373030329805944,False,False,False,True
205670000,2025-01-01 03:55:14+00:00,-118.14338,33.68951,0.0,197.7,189.0,INGRID,IMO9529956,ONHY,80.0,33.6895,-118.1434,2025-01-01 03:52:14+00:00,180.0,2.1607915594861264,0.0233346281388417,False,False,False,True
205670000,2025-01-01 03:58:14+00:00,-118.14343,33.68953,0.0,249.1,189.0,INGRID,IMO9529956,ONHY,80.0,33.68951,-118.14338,2025-01-01 03:55:14+00:00,180.0,5.139386961773546,0.0555008108431882,False,False,False,True
205670000,2025-01-01 04:01:14+00:00,-118.14349,33.68957,0.0,248.2,187.0,INGRID,IMO9529956,ONHY,80.0,33.68953,-118.14343,2025-01-01 03:58:14+00:00,180.0,7.115681524756996,0.0768430354171313,False,False,False,True
205670000,2025-01-01 04:04:14+00:00,-118.14355,33.68958,0.0,235.6,185.0,INGRID,IMO9529956,ONHY,80.0,33.68957,-118.14349,2025-01-01 04:01:14+00:00,180.0,5.672662850239725,0.061259716415611,False,False,False,True
205670000,2025-01-01 04:07:14+00:00,-118.14357,33.68957,0.0,200.9,185.0,INGRID,IMO9529956,ONHY,80.0,33.68958,-118.14355,2025-01-01 04:04:14+00:00,180.0,2.160790274819373,0.0233346142655827,False,False,False,True
205670000,2025-01-01 04:10:14+00:00,-118.1436,33.68953,0.0,167.4,184.0,INGRID,IMO9529956,ONHY,80.0,33.68957,-118.14357,2025-01-01 04:07:14+00:00,180.0,5.236532475761177,0.0565498960426867,False,False,False,True
205670000,2025-01-01 04:13:14+00:00,-118.14366,33.68951,0.0,202.5,183.0,INGRID,IMO9529956,ONHY,80.0,33.68953,-118.1436,2025-01-01 04:10:14+00:00,180.0,5.989148816871143,0.0646774835343711,False,False,False,True
205670000,2025-01-01 04:16:14+00:00,-118.14374,33.6895,0.0,202.6,181.0,INGRID,IMO9529956,ONHY,80.0,33.68951,-118.14366,2025-01-01 04:13:14+00:00,180.0,7.50003473574426,0.0809937084484951,False,False,False,True
205670000,2025-01-01 04:19:14+00:00,-118.14374,33.68946,0.0,163.8,180.0,INGRID,IMO9529956,ONHY,80.0,33.6895,-118.14374,2025-01-01 04:16:14+00:00,180.0,4.436671596610157,0.0479121095353038,False,False,False,True
205670000,2025-01-01 04:22:14+00:00,-118.14374,33.68945,0.0,149.5,181.0,INGRID,IMO9529956,ONHY,80.0,33.68946,-118.14374,2025-01-01 04:19:14+00:00,180.0,1.109167894296979,0.0119780273313902,False,False,False,True
205670000,2025-01-01 04:25:14+00:00,-118.14376,33.68947,0.0,119.7,180.0,INGRID,IMO9529956,ONHY,80.0,33.68945,-118.14374,2025-01-01 04:22:14+00:00,180.0,2.8913291043701608,0.0312237842568827,False,False,False,True
205670000,2025-01-01 04:28:14+00:00,-118.14377,33.68947,0.0,185.6,180.0,INGRID,IMO9529956,ONHY,80.0,33.68947,-118.14376,2025-01-01 04:25:14+00:00,180.0,0.927195976470064,0.0100128923716753,False,False,False,True
205670000,2025-01-01 04:31:14+00:00,-118.14379,33.68946,0.0,157.6,179.0,INGRID,IMO9529956,ONHY,80.0,33.68947,-118.14377,2025-01-01 04:28:14+00:00,180.0,2.160792292369005,0.0233346360533253,False,False,False,True
205670000,2025-01-01 04:34:14+00:00,-118.14378,33.68947,0.0,161.7,180.0,INGRID,IMO9529956,ONHY,80.0,33.68946,-118.14379,2025-01-01 04:31:14+00:00,180.0,1.445664517958824,0.0156118917588282,False,False,False,True
205670000,2025-01-01 04:37:14+00:00,-118.1438,33.68949,0.0,87.9,181.0,INGRID,IMO9529956,ONHY,80.0,33.68947,-118.14378,2025-01-01 04:34:14+00:00,180.0,2.891328833030783,0.0312237813266586,False,False,False,True
205670000,2025-01-01 04:40:14+00:00,-118.14383,33.68952,0.0,293.8,180.0,INGRID,IMO9529956,ONHY,80.0,33.68949,-118.1438,2025-01-01 04:37:14+00:00,180.0,4.336992745864379,0.0468356665506723,False,False,False,True
205670000,2025-01-01 04:43:14+00:00,-118.14385,33.68956,0.0,160.4,178.0,INGRID,IMO9529956,ONHY,80.0,33.68952,-118.14383,2025-01-01 04:40:14+00:00,180.0,4.808619258364428,0.0519288136621061,False,False,False,True
205670000,2025-01-01 04:46:14+00:00,-118.14384,33.68956,0.0,93.3,179.0,INGRID,IMO9529956,ONHY,80.0,33.68956,-118.14385,2025-01-01 04:43:14+00:00,180.0,0.927195010042721,0.0100128819351191,False,False,False,True
205670000,2025-01-01 04:49:14+00:00,-118.14382,33.68956,0.0,133.7,181.0,INGRID,IMO9529956,ONHY,80.0,33.68956,-118.14384,2025-01-01 04:46:14+00:00,180.0,1.8543900187678168,0.020025763856009,False,False,False,True
205670000,2025-01-01 04:52:14+00:00,-118.14382,33.68956,0.0,178.7,181.0,INGRID,IMO9529956,ONHY,80.0,33.68956,-118.14382,2025-01-01 04:49:14+00:00,180.0,0.0,0.0,False,False,False,True
205670000,2025-01-01 04:55:14+00:00,-118.1438,33.68955,0.0,146.8,181.0,INGRID,IMO9529956,ONHY,80.0,33.68956,-118.14382,2025-01-01 04:52:14+00:00,180.0,2.160790641968336,0.0233346182304651,False,False,False,True
205670000,2025-01-01 04:58:14+00:00,-118.1438,33.68951,0.0,153.2,180.0,INGRID,IMO9529956,ONHY,80.0,33.68955,-118.1438,2025-01-01 04:55:14+00:00,180.0,4.436671632260359,0.0479121099202943,False,False,False,True
205670000,2025-01-01 05:01:14+00:00,-118.14383,33.68951,0.0,139.8,179.0,INGRID,IMO9529956,ONHY,80.0,33.68951,-118.1438,2025-01-01 04:58:14+00:00,180.0,2.7815866395236166,0.0300386631853977,False,False,False,True
205670000,2025-01-01 05:04:14+00:00,-118.14385,33.6895,0.0,267.3,178.0,INGRID,IMO9529956,ONHY,80.0,33.68951,-118.14383,2025-01-01 05:01:14+00:00,180.0,2.1607915594861264,0.0233346281388417,False,False,False,True
205670000,2025-01-01 05:07:14+00:00,-118.14374,33.68948,0.0,103.0,180.0,INGRID,IMO9529956,ONHY,80.0,33.6895,-118.14385,2025-01-01 05:04:14+00:00,180.0,10.437611954050606,0.112716931226454,False,False,False,True
205670000,2025-01-01 05:10:14+00:00,-118.14369,33.68946,0.0,133.6,183.0,INGRID,IMO9529956,ONHY,80.0,33.68948,-118.14374,2025-01-01 05:07:14+00:00,180.0,5.139389374255758,0.0555008368958517,False,False,False,True
205670000,2025-01-01 05:13:14+00:00,-118.14369,33.68947,0.0,105.5,183.0,INGRID,IMO9529956,ONHY,80.0,33.68946,-118.14369,2025-01-01 05:10:14+00:00,180.0,1.1091678966642242,0.0119780273569543,False,False,False,True
205670000,2025-01-01 05:16:14+00:00,-118.1437,33.68944,0.0,110.3,182.0,INGRID,IMO9529956,ONHY,80.0,33.68947,-118.14369,2025-01-01 05:13:14+00:00,180.0,3.4542688725531576,0.037303033362354,False,False,False,True
205670000,2025-01-01 05:19:14+00:00,-118.14372,33.68946,0.0,288.7,181.0,INGRID,IMO9529956,ONHY,80.0,33.68944,-118.1437,2025-01-01 05:16:14+00:00,180.0,2.891329240922246,0.0312237857315238,False,False,False,True
205670000,2025-01-01 05:22:14+00:00,-118.14373,33.68946,0.0,92.2,180.0,INGRID,IMO9529956,ONHY,80.0,33.68946,-118.14372,2025-01-01 05:19:14+00:00,180.0,0.9271960838507384,0.0100128935312912,False,False,False,True
205670000,2025-01-01 05:25:14+00:00,-118.14373,33.68946,0.0,69.2,180.0,INGRID,IMO9529956,ONHY,80.0,33.68946,-118.14373,2025-01-01 05:22:14+00:00,180.0,0.0,0.0,False,False,False,True
205670000,2025-01-01 05:28:14+00:00,-118.14369,33.68947,0.0,66.6,181.0,INGRID,IMO9529956,ONHY,80.0,33.68946,-118.14373,2025-01-01 05:25:14+00:00,180.0,3.871089390405233,0.0418043244480294,False,False,False,True
205670000,2025-01-01 05:31:14+00:00,-118.14365,33.68946,0.0,55.6,182.0,INGRID,IMO9529956,ONHY,80.0,33.68947,-118.14369,2025-01-01 05:28:14+00:00,180.0,3.8710893914656728,0.0418043244594813,False,False,False,True
205670000,2025-01-01 05:34:14+00:00,-118.14362,33.68946,0.0,64.9,184.0,INGRID,IMO9529956,ONHY,80.0,33.68946,-118.14365,2025-01-01 05:31:14+00:00,180.0,2.7815882502345817,0.0300386805796443,False,False,False,True
205670000,2025-01-01 05:37:14+00:00,-118.14364,33.68947,0.0,49.7,183.0,INGRID,IMO9529956,ONHY,80.0,33.68946,-118.14362,2025-01-01 05:34:14+00:00,180.0,2.160792293428828,0.0233346360647705,False,False,False,True
205670000,2025-01-01 05:40:14+00:00,-118.14365,33.6895,0.0,72.2,181.0,INGRID,IMO9529956,ONHY,80.0,33.68947,-118.14364,2025-01-01 05:37:14+00:00,180.0,3.4542688014989467,0.0373030325950317,False,False,False,True
205670000,2025-01-01 05:43:14+00:00,-118.1436,33.68948,0.1,98.2,183.0,INGRID,IMO9529956,ONHY,80.0,33.6895,-118.14365,2025-01-01 05:40:14+00:00,180.0,5.139388408768478,0.0555008264694473,False,False,False,True
205670000,2025-01-01 05:46:14+00:00,-118.14358,33.68945,0.0,135.0,185.0,INGRID,IMO9529956,ONHY,80.0,33.68948,-118.1436,2025-01-01 05:43:14+00:00,180.0,3.8093373063815608,0.0411374568313151,False,False,False,True
205670000,2025-01-01 05:49:14+00:00,-118.1436,33.68941,0.0,122.9,185.0,INGRID,IMO9529956,ONHY,80.0,33.68945,-118.14358,2025-01-01 05:46:14+00:00,180.0,4.808620095912676,0.0519288227068827,False,False,False,True
205670000,2025-01-01 05:52:14+00:00,-118.14359,33.6894,0.0,295.9,183.0,INGRID,IMO9529956,ONHY,80.0,33.68941,-118.1436,2025-01-01 05:49:14+00:00,180.0,1.445664924790312,0.0156118961522466,False,False,False,True
205670000,2025-01-01 05:55:14+00:00,-118.1436,33.68941,0.0,53.6,182.0,INGRID,IMO9529956,ONHY,80.0,33.6894,-118.14359,2025-01-01 05:52:14+00:00,180.0,1.445664924790312,0.0156118961522466,False,False,False,True
205670000,2025-01-01 05:58:14+00:00,-118.14354,33.68941,0.0,79.7,184.0,INGRID,IMO9529956,ONHY,80.0,33.68941,-118.1436,2025-01-01 05:55:14+00:00,180.0,5.56317972320442,0.0600773959619648,False,False,False,True
205670000,2025-01-01 06:01:14+00:00,-118.14344,33.68943,0.0,61.9,186.0,INGRID,IMO9529956,ONHY,80.0,33.68941,-118.14354,2025-01-01 05:58:14+00:00,180.0,9.533643112833571,0.1029548712691689,False,False,False,True
205670000,2025-01-01 06:04:14+00:00,-118.14337,33.68944,0.0,81.4,187.0,INGRID,IMO9529956,ONHY,80.0,33.68943,-118.14344,2025-01-01 06:01:14+00:00,180.0,6.584467639095461,0.0711063976421073,False,False,False,True
205670000,2025-01-01 06:07:14+00:00,-118.14329,33.68945,0.0,113.1,189.0,INGRID,IMO9529956,ONHY,80.0,33.68944,-118.14337,2025-01-01 06:04:14+00:00,180.0,7.500039832799328,0.0809937634921591,False,False,False,True
205670000,2025-01-01 06:10:14+00:00,-118.14321,33.6894,0.0,133.3,192.0,INGRID,IMO9529956,ONHY,80.0,33.68945,-118.14329,2025-01-01 06:07:14+00:00,180.0,9.261571395187609,0.1000167385601193,False,False,False,True
205670000,2025-01-01 06:13:14+00:00,-118.14318,33.68937,0.0,159.8,194.0,INGRID,IMO9529956,ONHY,80.0,33.6894,-118.14321,2025-01-01 06:10:14+00:00,180.0,4.3369951748421,0.0468356927814725,False,False,False,True
205670000,2025-01-01 06:16:14+00:00,-118.14318,33.68937,0.0,186.1,194.0,INGRID,IMO9529956,ONHY,80.0,33.68937,-118.14318,2025-01-01 06:13:14+00:00,180.0,0.0,0.0,False,False,False,True
205670000,2025-01-01 06:19:14+00:00,-118.14318,33.68938,0.1,168.3,193.0,INGRID,IMO9529956,ONHY,80.0,33.68937,-118.14318,2025-01-01 06:16:14+00:00,180.0,1.1091678799657911,0.0119780271766261,False,False,False,True
205670000,2025-01-01 06:22:14+00:00,-118.14314,33.68937,0.1,152.2,192.0,INGRID,IMO9529956,ONHY,80.0,33.68938,-118.14318,2025-01-01 06:19:14+00:00,180.0,3.871093088313692,0.0418043643821538,False,False,False,True
205670000,2025-01-01 06:25:14+00:00,-118.14307,33.68934,0.0,146.4,192.0,INGRID,IMO9529956,ONHY,80.0,33.68937,-118.14314,2025-01-01 06:22:14+00:00,180.0,7.293649234403899,0.0787649284877981,False,False,False,True
205670000,2025-01-01 06:28:14+00:00,-118.14299,33.68928,0.0,152.8,195.0,INGRID,IMO9529956,ONHY,80.0,33.68934,-118.14307,2025-01-01 06:25:14+00:00,180.0,9.965422072759688,0.107617700232851,False,False,False,True
205670000,2025-01-01 06:31:14+00:00,-118.14293,33.68923,0.0,166.4,197.0,INGRID,IMO9529956,ONHY,80.0,33.68928,-118.14299,2025-01-01 06:28:14+00:00,180.0,7.855279319364765,0.0848300341786333,False,False,False,True
205670000,2025-01-01 06:34:14+00:00,-118.14289,33.68918,0.0,165.3,197.0,INGRID,IMO9529956,ONHY,80.0,33.68923,-118.14293,2025-01-01 06:31:14+00:00,180.0,6.671693596607666,0.0720483604490547,False,False,False,True
205670000,2025-01-01 06:40:14+00:00,-118.14275,33.68917,0.0,150.6,200.0,INGRID,IMO9529956,ONHY,80.0,33.68918,-118.14289,2025-01-01 06:34:14+00:00,360.0,13.028089297894354,0.0703458919467193,False,False,False,True
205670000,2025-01-01 06:43:14+00:00,-118.1427,33.68912,0.0,157.3,202.0,INGRID,IMO9529956,ONHY,80.0,33.68917,-118.14275,2025-01-01 06:40:14+00:00,180.0,7.22833338999607,0.078059575426722,False,False,False,True
205670000,2025-01-01 06:46:14+00:00,-118.14265,33.6891,0.0,149.9,203.0,INGRID,IMO9529956,ONHY,80.0,33.68912,-118.1427,2025-01-01 06:43:14+00:00,180.0,5.139406754446391,0.0555010245864615,False,False,False,True
205670000,2025-01-01 06:52:14+00:00,-118.14259,33.68907,0.0,140.4,203.0,INGRID,IMO9529956,ONHY,80.0,33.6891,-118.14265,2025-01-01 06:46:14+00:00,360.0,6.482397785478933,0.0350020669759038,False,False,False,True
205670000,2025-01-01 06:55:14+00:00,-118.14253,33.68908,0.0,99.8,205.0,INGRID,IMO9529956,ONHY,80.0,33.68907,-118.14259,2025-01-01 06:52:14+00:00,180.0,5.672694424507142,0.0612600573896331,False,False,False,True
205670000,2025-01-01 06:58:14+00:00,-118.14247,33.68904,0.0,105.8,207.0,INGRID,IMO9529956,ONHY,80.0,33.68908,-118.14253,2025-01-01 06:55:14+00:00,180.0,7.115705986119942,0.0768432995781077,False,False,False,True
205670000,2025-01-01 07:01:14+00:00,-118.14241,33.68902,0.0,98.5,208.0,INGRID,IMO9529956,ONHY,80.0,33.68904,-118.14247,2025-01-01 06:58:14+00:00,180.0,5.989178076023325,0.0646777995072065,False,False,False,True
205670000,2025-01-01 07:04:14+00:00,-118.14237,33.689,0.0,120.2,209.0,INGRID,IMO9529956,ONHY,80.0,33.68902,-118.14241,2025-01-01 07:01:14+00:00,180.0,4.321601274437321,0.046669452340568,False,False,False,True
205670000,2025-01-01 07:07:14+00:00,-118.1423,33.68899,0.0,101.3,210.0,INGRID,IMO9529956,ONHY,80.0,33.689,-118.14237,2025-01-01 07:04:14+00:00,180.0,6.584500226331597,0.0711067495552911,False,False,False,True
205670000,2025-01-01 07:10:14+00:00,-118.14222,33.68899,0.0,109.5,211.0,INGRID,IMO9529956,ONHY,80.0,33.68899,-118.1423,2025-01-01 07:07:14+00:00,180.0,7.41760904436643,0.0801035842488957,False,False,False,True
205670000,2025-01-01 07:13:14+00:00,-118.14214,33.68895,0.0,125.4,213.0,INGRID,IMO9529956,ONHY,80.0,33.68899,-118.14222,2025-01-01 07:10:14+00:00,180.0,8.643205480411043,0.0933389363391233,False,False,False,True
205670000,2025-01-01 07:16:14+00:00,-118.14205,33.68888,0.0,117.1,217.0,INGRID,IMO9529956,ONHY,80.0,33.68895,-118.14214,2025-01-01 07:13:14+00:00,180.0,11.398174623743438,0.1230901542256524,False,False,False,True
205670000,2025-01-01 07:19:14+00:00,-118.14195,33.68885,0.0,107.8,220.0,INGRID,IMO9529956,ONHY,80.0,33.68888,-118.14205,2025-01-01 07:16:14+00:00,180.0,9.851026401535,0.1063823286686655,False,False,False,True
205670000,2025-01-01 07:22:14+00:00,-118.1419,33.68879,0.0,112.6,221.0,INGRID,IMO9529956,ONHY,80.0,33.68885,-118.14195,2025-01-01 07:19:14+00:00,180.0,8.11059473499462,0.0875872137203996,False,False,False,True
205670000,2025-01-01 07:25:14+00:00,-118.14183,33.68879,0.0,105.4,222.0,INGRID,IMO9529956,ONHY,80.0,33.68879,-118.1419,2025-01-01 07:22:14+00:00,180.0,6.490422946722673,0.0700907985597633,False,False,False,True
205670000,2025-01-01 07:28:14+00:00,-118.14177,33.68876,0.0,122.3,222.0,INGRID,IMO9529956,ONHY,80.0,33.68879,-118.14183,2025-01-01 07:25:14+00:00,180.0,6.482414840913241,0.0700043181353377,False,False,False,True
205670000,2025-01-01 07:31:14+00:00,-118.14166,33.68865,0.0,133.9,224.0,INGRID,IMO9529956,ONHY,80.0,33.68876,-118.14177,2025-01-01 07:28:14+00:00,180.0,15.902366124020457,0.1717314187028662,False,False,False,True
205670000,2025-01-01 07:34:14+00:00,-118.14156,33.68852,0.0,145.4,228.0,INGRID,IMO9529956,ONHY,80.0,33.68865,-118.14166,2025-01-01 07:31:14+00:00,180.0,17.14303850378368,0.1851295775844159,False,False,False,True
205670000,2025-01-01 07:37:14+00:00,-118.14142,33.68838,0.0,141.4,232.0,INGRID,IMO9529956,ONHY,80.0,33.68852,-118.14156,2025-01-01 07:34:14+00:00,180.0,20.239399161865133,0.2185675203711106,False,False,False,True
205670000,2025-01-01 07:40:14+00:00,-118.14136,33.6883,0.0,147.0,234.0,INGRID,IMO9529956,ONHY,80.0,33.68838,-118.14142,2025-01-01 07:37:14+00:00,180.0,10.473104885205377,0.1131002233336534,False,False,False,True
205670000,2025-01-01 07:43:14+00:00,-118.1413,33.68817,0.0,151.1,237.0,INGRID,IMO9529956,ONHY,80.0,33.6883,-118.14136,2025-01-01 07:40:14+00:00,180.0,15.455178948805813,0.1669021947102594,False,False,False,True
205670000,2025-01-01 07:46:14+00:00,-118.14123,33.68803,0.0,148.3,240.0,INGRID,IMO9529956,ONHY,80.0,33.68817,-118.1413,2025-01-01 07:43:14+00:00,180.0,16.830205801273497,0.1817512624708193,False,False,False,True
205670000,2025-01-01 07:52:14+00:00,-118.14116,33.6878,0.0,166.8,247.0,INGRID,IMO9529956,ONHY,80.0,33.68803,-118.14123,2025-01-01 07:46:14+00:00,360.0,26.323566950005787,0.1421355621669423,False,False,False,True
205670000,2025-01-01 07:55:14+00:00,-118.14104,33.68769,0.0,156.9,250.0,INGRID,IMO9529956,ONHY,80.0,33.6878,-118.14116,2025-01-01 07:52:14+00:00,180.0,16.51245680492241,0.1783198557537799,False,False,False,True
205670000,2025-01-01 07:58:14+00:00,-118.14096,33.68756,0.0,150.7,253.0,INGRID,IMO9529956,ONHY,80.0,33.68769,-118.14104,2025-01-01 07:55:14+00:00,180.0,16.21528192112711,0.1751106311642429,False,False,False,True
205670000,2025-01-01 08:01:14+00:00,-118.1409,33.68751,0.0,146.6,256.0,INGRID,IMO9529956,ONHY,80.0,33.68756,-118.14096,2025-01-01 07:58:14+00:00,180.0,7.85535670852431,0.084830869912766,False,False,False,True
205670000,2025-01-01 08:04:14+00:00,-118.14082,33.68737,0.0,157.2,259.0,INGRID,IMO9529956,ONHY,80.0,33.68751,-118.1409,2025-01-01 08:01:14+00:00,180.0,17.209079337423493,0.1858427598847626,False,False,False,True
205670000,2025-01-01 08:07:14+00:00,-118.14077,33.68728,0.0,162.0,263.0,INGRID,IMO9529956,ONHY,80.0,33.68737,-118.14082,2025-01-01 08:04:14+00:00,180.0,11.006536027006035,0.1188608055040856,False,False,False,True
205670000,2025-01-01 08:10:14+00:00,-118.14076,33.68719,0.0,170.5,265.0,INGRID,IMO9529956,ONHY,80.0,33.68728,-118.14077,2025-01-01 08:07:14+00:00,180.0,10.025477146803524,0.1082662416502364,False,False,False,True
205670000,2025-01-01 08:13:14+00:00,-118.14077,33.68713,0.0,253.2,266.0,INGRID,IMO9529956,ONHY,80.0,33.68719,-118.14076,2025-01-01 08:10:14+00:00,180.0,6.719287793998281,0.0725623354749201,False,False,False,True
205670000,2025-01-01 08:16:14+00:00,-118.1408,33.68712,0.0,238.4,267.0,INGRID,IMO9529956,ONHY,80.0,33.68713,-118.14077,2025-01-01 08:13:14+00:00,180.0,2.994645911190836,0.0323395139333844,False,False,False,True
205670000,2025-01-01 08:19:14+00:00,-118.14081,33.68709,0.0,296.3,267.0,INGRID,IMO9529956,ONHY,80.0,33.68712,-118.1408,2025-01-01 08:16:14+00:00,180.0,3.454274424068636,0.0373030933137865,False,False,False,True
205670000,2025-01-01 08:22:14+00:00,-118.14084,33.68705,0.0,303.6,266.0,INGRID,IMO9529956,ONHY,80.0,33.68709,-118.14081,2025-01-01 08:19:14+00:00,180.0,5.236573399537015,0.056550337983089,False,False,False,True
205670000,2025-01-01 08:25:14+00:00,-118.14086,33.68701,0.0,216.9,267.0,INGRID,IMO9529956,ONHY,80.0,33.68705,-118.14084,2025-01-01 08:22:14+00:00,180.0,4.808638380244779,0.0519290201614167,False,False,False,True
205670000,2025-01-01 08:28:14+00:00,-118.14085,33.68696,0.0,211.2,269.0,INGRID,IMO9529956,ONHY,80.0,33.68701,-118.14086,2025-01-01 08:25:14+00:00,180.0,5.622815370134577,0.0607214079393466,False,False,False,True
205670000,2025-01-01 08:31:14+00:00,-118.14085,33.68686,0.0,192.8,272.0,INGRID,IMO9529956,ONHY,80.0,33.68696,-118.14085,2025-01-01 08:28:14+00:00,180.0,11.091674368180472,0.119780223910244,False,False,False,True
205670000,2025-01-01 08:34:14+00:00,-118.14085,33.68672,0.0,193.8,275.0,INGRID,IMO9529956,ONHY,80.0,33.68686,-118.14085,2025-01-01 08:31:14+00:00,180.0,15.528343814557187,0.167692310224938,False,False,False,True
205670000,2025-01-01 08:37:14+00:00,-118.14083,33.68661,0.0,188.1,279.0,INGRID,IMO9529956,ONHY,80.0,33.68672,-118.14085,2025-01-01 08:34:14+00:00,180.0,12.340969244103102,0.1332714980858743,False,False,False,True
205670000,2025-01-01 08:40:14+00:00,-118.14081,33.68644,0.0,181.3,281.0,INGRID,IMO9529956,ONHY,80.0,33.68661,-118.14083,2025-01-01 08:37:14+00:00,180.0,18.94681778490673,0.2046087904611839,False,False,False,True
205670000,2025-01-01 08:43:14+00:00,-118.1408,33.68635,0.0,174.5,283.0,INGRID,IMO9529956,ONHY,80.0,33.68644,-118.14081,2025-01-01 08:40:14+00:00,180.0,10.02547662782398,0.1082662360457187,False,False,False,True
205670000,2025-01-01 08:46:14+00:00,-118.14078,33.68626,0.0,193.7,286.0,INGRID,IMO9529956,ONHY,80.0,33.68635,-118.1408,2025-01-01 08:43:14+00:00,180.0,10.153297331388034,0.1096465860258073,False,False,False,True
205670000,2025-01-01 08:49:14+00:00,-118.14083,33.68621,0.0,249.3,288.0,INGRID,IMO9529956,ONHY,80.0,33.68626,-118.14078,2025-01-01 08:46:14+00:00,180.0,7.228431584366257,0.0780606358386361,False,False,False,True
205670000,2025-01-01 08:52:14+00:00,-118.14087,33.68621,0.0,275.1,289.0,INGRID,IMO9529956,ONHY,80.0,33.68621,-118.14083,2025-01-01 08:49:14+00:00,180.0,3.708923924285658,0.040053081561019,False,False,False,True
205670000,2025-01-01 08:55:14+00:00,-118.14089,33.68624,0.0,299.3,289.0,INGRID,IMO9529956,ONHY,80.0,33.68621,-118.14087,2025-01-01 08:52:14+00:00,180.0,3.809369650646344,0.0411378061206243,False,False,False,True
205670000,2025-01-01 08:58:14+00:00,-118.14095,33.6863,0.0,305.4,289.0,INGRID,IMO9529956,ONHY,80.0,33.68624,-118.14089,2025-01-01 08:55:14+00:00,180.0,8.674116487892668,0.0936727477434738,False,False,False,True
205670000,2025-01-01 09:01:14+00:00,-118.14098,33.68637,0.0,326.6,288.0,INGRID,IMO9529956,ONHY,80.0,33.6863,-118.14095,2025-01-01 08:58:14+00:00,180.0,8.247432915317043,0.0890649444339437,False,False,False,True
205670000,2025-01-01 09:04:14+00:00,-118.14094,33.68644,0.0,332.0,287.0,INGRID,IMO9529956,ONHY,80.0,33.68637,-118.14098,2025-01-01 09:01:14+00:00,180.0,8.604557654589977,0.0929215741738787,False,False,False,True
205670000,2025-01-01 09:07:14+00:00,-118.14098,33.68656,0.0,350.0,285.0,INGRID,IMO9529956,ONHY,80.0,33.68644,-118.14094,2025-01-01 09:04:14+00:00,180.0,13.81710341383318,0.1492124349996971,False,False,False,True
205670000,2025-01-01 09:10:14+00:00,-118.14092,33.68666,0.0,6.1,282.0,INGRID,IMO9529956,ONHY,80.0,33.68656,-118.14098,2025-01-01 09:07:14+00:00,180.0,12.408714846167268,0.1340030903698543,False,False,False,True
205670000,2025-01-01 09:13:14+00:00,-118.14085,33.68674,0.0,17.4,279.0,INGRID,IMO9529956,ONHY,80.0,33.68666,-118.14092,2025-01-01 09:10:14+00:00,180.0,10.993806330782094,0.1187233361001525,False,False,False,True
205670000,2025-01-01 09:16:14+00:00,-118.14084,33.68684,0.0,12.4,276.0,INGRID,IMO9529956,ONHY,80.0,33.68674,-118.14085,2025-01-01 09:13:14+00:00,180.0,11.130363032260789,0.1201980270923878,False,False,False,True
205670000,2025-01-01 09:19:14+00:00,-118.14078,33.68692,0.0,10.1,273.0,INGRID,IMO9529956,ONHY,80.0,33.68684,-118.14084,2025-01-01 09:16:14+00:00,180.0,10.473153070972051,0.1131007436971017,False,False,False,True
205670000,2025-01-01 09:22:14+00:00,-118.14074,33.68698,0.0,30.8,271.0,INGRID,IMO9529956,ONHY,80.0,33.68692,-118.14078,2025-01-01 09:19:14+00:00,180.0,7.61872482748863,0.0822754559370305,False,False,False,True
205670000,2025-01-01 09:25:14+00:00,-118.14071,33.687,0.0,266.4,269.0,INGRID,IMO9529956,ONHY,80.0,33.68698,-118.14074,2025-01-01 09:22:14+00:00,180.0,3.557904662584455,0.0384222077739898,False,False,False,True
205670000,2025-01-01 09:28:14+00:00,-118.14072,33.687,0.0,237.7,270.0,INGRID,IMO9529956,ONHY,80.0,33.687,-118.14071,2025-01-01 09:25:14+00:00,180.0,0.9272224986372624,0.0100131787875058,False,False,False,True
205670000,2025-01-01 09:31:14+00:00,-118.14077,33.687,0.0,233.9,270.0,INGRID,IMO9529956,ONHY,80.0,33.687,-118.14072,2025-01-01 09:28:14+00:00,180.0,4.636112491868606,0.0500658939232992,False,False,False,True
205670000,2025-01-01 09:34:14+00:00,-118.14082,33.68701,0.0,242.3,271.0,INGRID,IMO9529956,ONHY,80.0,33.687,-118.14077,2025-01-01 09:31:14+00:00,180.0,4.76694755359248,0.0514787962920844,False,False,False,True
205670000,2025-01-01 09:37:14+00:00,-118.14083,33.68704,0.0,235.4,270.0,INGRID,IMO9529956,ONHY,80.0,33.68701,-118.14082,2025-01-01 09:34:14+00:00,180.0,3.454274612952143,0.0373030953535605,False,False,False,True
205670000,2025-01-01 09:40:14+00:00,-118.14085,33.68703,0.0,228.4,270.0,INGRID,IMO9529956,ONHY,80.0,33.68704,-118.14083,2025-01-01 09:37:14+00:00,180.0,2.160836853890729,0.0233351172781497,False,False,False,True
205670000,2025-01-01 09:43:14+00:00,-118.14087,33.68703,0.0,224.1,270.0,INGRID,IMO9529956,ONHY,80.0,33.68703,-118.14085,2025-01-01 09:40:14+00:00,180.0,1.8544443530320576,0.0200263506177657,False,False,False,True
205670000,2025-01-01 09:46:14+00:00,-118.14086,33.68706,0.0,201.2,270.0,INGRID,IMO9529956,ONHY,80.0,33.68703,-118.14087,2025-01-01 09:43:14+00:00,180.0,3.4542745661718697,0.0373030948483751,False,False,False,True
205670000,2025-01-01 09:49:14+00:00,-118.14082,33.68704,0.0,195.0,271.0,INGRID,IMO9529956,ONHY,80.0,33.68706,-118.14086,2025-01-01 09:46:14+00:00,180.0,4.321673158119805,0.0466702286204422,False,False,False,True
205670000,2025-01-01 09:52:14+00:00,-118.14078,33.68703,0.0,146.5,271.0,INGRID,IMO9529956,ONHY,80.0,33.68704,-118.14082,2025-01-01 09:49:14+00:00,180.0,3.8711892586538736,0.041805402936343,False,False,False,True
205670000,2025-01-01 09:55:14+00:00,-118.14077,33.68703,0.0,214.4,271.0,INGRID,IMO9529956,ONHY,80.0,33.68703,-118.14078,2025-01-01 09:52:14+00:00,180.0,0.9272221765160304,0.0100131753088828,False,False,False,True
205670000,2025-01-01 09:58:14+00:00,-118.14078,33.68703,0.0,239.5,271.0,INGRID,IMO9529956,ONHY,80.0,33.68703,-118.14077,2025-01-01 09:55:14+00:00,180.0,0.9272221765160304,0.0100131753088828,False,False,False,True
205670000,2025-01-01 10:01:14+00:00,-118.14077,33.68702,0.0,176.1,270.0,INGRID,IMO9529956,ONHY,80.0,33.68703,-118.14078,2025-01-01 09:58:14+00:00,180.0,1.4456809862474511,0.0156120696017069,False,False,False,True
205670000,2025-01-01 10:04:14+00:00,-118.14079,33.68706,0.0,270.2,269.0,INGRID,IMO9529956,ONHY,80.0,33.68702,-118.14077,2025-01-01 10:01:14+00:00,180.0,4.808638304777678,0.0519290193464391,False,False,False,True
205670000,2025-01-01 10:07:14+00:00,-118.14086,33.68705,0.0,272.9,269.0,INGRID,IMO9529956,ONHY,80.0,33.68706,-118.14079,2025-01-01 10:04:14+00:00,180.0,6.584643901819061,0.0711083011228442,False,False,False,True
205670000,2025-01-01 10:10:14+00:00,-118.14082,33.68704,0.0,304.7,268.0,INGRID,IMO9529956,ONHY,80.0,33.68705,-118.14086,2025-01-01 10:07:14+00:00,180.0,3.8711888488743154,0.041805398511088,False,False,False,True
205670000,2025-01-01 10:13:14+00:00,-118.14083,33.68704,0.0,180.8,268.0,INGRID,IMO9529956,ONHY,80.0,33.68704,-118.14082,2025-01-01 10:10:14+00:00,180.0,0.927222067824568,0.0100131741351117,False,False,False,True
205670000,2025-01-01 10:16:14+00:00,-118.1408,33.68703,0.0,214.2,269.0,INGRID,IMO9529956,ONHY,80.0,33.68704,-118.14083,2025-01-01 10:13:14+00:00,180.0,2.994648598165893,0.0323395429503266,False,False,False,True
205670000,2025-01-01 10:19:15+00:00,-118.14079,33.68703,0.0,325.1,270.0,INGRID,IMO9529956,ONHY,80.0,33.68703,-118.1408,2025-01-01 10:16:14+00:00,181.0,0.9272221765160304,0.0099578538983365,False,False,False,True
205670000,2025-01-01 10:22:14+00:00,-118.14077,33.68704,0.0,346.2,270.0,INGRID,IMO9529956,ONHY,80.0,33.68703,-118.14079,2025-01-01 10:19:15+00:00,179.0,2.160836852831595,0.0234654810503249,False,False,False,True
205670000,2025-01-01 10:25:14+00:00,-118.14074,33.68703,0.0,326.6,270.0,INGRID,IMO9529956,ONHY,80.0,33.68704,-118.14077,2025-01-01 10:22:14+00:00,180.0,2.994648599578282,0.0323395429655791,False,False,False,True
205670000,2025-01-01 10:28:14+00:00,-118.14082,33.68709,0.0,318.1,269.0,INGRID,IMO9529956,ONHY,80.0,33.68703,-118.14074,2025-01-01 10:25:14+00:00,180.0,9.965564316788996,0.1076192363419284,False,False,False,True
205670000,2025-01-01 10:31:14+00:00,-118.14083,33.68711,0.0,299.0,267.0,INGRID,IMO9529956,ONHY,80.0,33.68709,-118.14082,2025-01-01 10:28:14+00:00,180.0,2.40431892245814,0.0259645071901723,False,False,False,True
205670000,2025-01-01 10:34:14+00:00,-118.1408,33.68711,0.0,290.0,266.0,INGRID,IMO9529956,ONHY,80.0,33.68711,-118.14083,2025-01-01 10:31:14+00:00,180.0,2.7816639512568293,0.0300394980833948,False,False,False,True
205670000,2025-01-01 10:37:14+00:00,-118.14083,33.68711,0.0,282.6,266.0,INGRID,IMO9529956,ONHY,80.0,33.68711,-118.1408,2025-01-01 10:34:14+00:00,180.0,2.7816639512568293,0.0300394980833948,False,False,False,True
205670000,2025-01-01 10:40:14+00:00,-118.14085,33.68708,0.0,213.1,267.0,INGRID,IMO9529956,ONHY,80.0,33.68711,-118.14083,2025-01-01 10:37:14+00:00,180.0,3.809360965302447,0.0411377123266306,False,False,False,True
205670000,2025-01-01 10:43:14+00:00,-118.14086,33.68704,0.0,213.3,268.0,INGRID,IMO9529956,ONHY,80.0,33.68708,-118.14085,2025-01-01 10:40:14+00:00,180.0,4.532524657450336,0.048947237389657,False,False,False,True
205670000,2025-01-01 10:46:14+00:00,-118.14086,33.68698,0.0,224.9,269.0,INGRID,IMO9529956,ONHY,80.0,33.68704,-118.14086,2025-01-01 10:43:14+00:00,180.0,6.655004729914557,0.0718681355233172,False,False,False,True
205670000,2025-01-01 10:52:14+00:00,-118.14077,33.6869,0.0,172.4,272.0,INGRID,IMO9529956,ONHY,80.0,33.68698,-118.14086,2025-01-01 10:46:14+00:00,360.0,12.180940759757643,0.0657716663512424,False,False,False,True
205670000,2025-01-01 10:55:14+00:00,-118.14077,33.68691,0.0,150.1,273.0,INGRID,IMO9529956,ONHY,80.0,33.6869,-118.14077,2025-01-01 10:52:14+00:00,180.0,1.1091674362719683,0.0119780223851272,False,False,False,True
205670000,2025-01-01 10:58:14+00:00,-118.14075,33.68689,0.0,238.2,273.0,INGRID,IMO9529956,ONHY,80.0,33.68691,-118.14077,2025-01-01 10:55:14+00:00,180.0,2.89136366050188,0.0312241574323887,False,False,False,True
205670000,2025-01-01 11:01:14+00:00,-118.14075,33.68683,0.0,232.4,273.0,INGRID,IMO9529956,ONHY,80.0,33.68689,-118.14075,2025-01-01 10:58:14+00:00,180.0,6.655004565412764,0.0718681337468441,False,False,False,True
205670000,2025-01-01 11:04:14+00:00,-118.14079,33.6868,0.0,243.0,274.0,INGRID,IMO9529956,ONHY,80.0,33.68683,-118.14075,2025-01-01 11:01:14+00:00,180.0,4.982789904033847,0.0538097018169841,False,False,False,True
205670000,2025-01-01 11:07:14+00:00,-118.14083,33.68679,0.0,241.6,274.0,INGRID,IMO9529956,ONHY,80.0,33.6868,-118.14079,2025-01-01 11:04:14+00:00,180.0,3.871199122332603,0.0418055094553055,False,False,False,True
205670000,2025-01-01 11:10:14+00:00,-118.14084,33.68679,0.0,245.6,274.0,INGRID,IMO9529956,ONHY,80.0,33.68679,-118.14083,2025-01-01 11:07:14+00:00,180.0,0.9272247534787594,0.0100132031377897,False,False,False,True
205670000,2025-01-01 11:13:14+00:00,-118.1408,33.6868,0.0,138.0,275.0,INGRID,IMO9529956,ONHY,80.0,33.68679,-118.14084,2025-01-01 11:10:14+00:00,180.0,3.871199122332603,0.0418055094553055,False,False,False,True
205670000,2025-01-01 11:16:14+00:00,-118.14081,33.68678,0.0,171.7,276.0,INGRID,IMO9529956,ONHY,80.0,33.6868,-118.1408,2025-01-01 11:13:14+00:00,180.0,2.404320102608456,0.0259645199347467,False,False,False,True
205670000,2025-01-01 11:19:14+00:00,-118.14073,33.68679,0.0,75.8,276.0,INGRID,IMO9529956,ONHY,80.0,33.68678,-118.14081,2025-01-01 11:16:14+00:00,180.0,7.500265746495622,0.0809962031592669,False,False,False,True
205670000,2025-01-01 11:22:14+00:00,-118.14071,33.68681,0.0,29.3,275.0,INGRID,IMO9529956,ONHY,80.0,33.68679,-118.14073,2025-01-01 11:19:14+00:00,180.0,2.891365008716524,0.0312241719919084,False,False,False,True
205670000,2025-01-01 11:25:14+00:00,-118.1407,33.68684,0.0,348.2,274.0,INGRID,IMO9529956,ONHY,80.0,33.68681,-118.14071,2025-01-01 11:22:14+00:00,180.0,3.454275084986893,0.0373031004511162,False,False,False,True
205670000,2025-01-01 11:28:14+00:00,-118.14075,33.68686,0.0,294.0,273.0,INGRID,IMO9529956,ONHY,80.0,33.68684,-118.1407,2025-01-01 11:25:14+00:00,180.0,5.139515854901288,0.0555022027743962,False,False,False,True
205670000,2025-01-01 11:31:14+00:00,-118.1408,33.68686,0.0,285.5,272.0,INGRID,IMO9529956,ONHY,80.0,33.68686,-118.14075,2025-01-01 11:28:14+00:00,180.0,4.636120008013858,0.0500659750909869,False,False,False,True
205670000,2025-01-01 11:34:14+00:00,-118.14084,33.68684,0.0,281.7,272.0,INGRID,IMO9529956,ONHY,80.0,33.68686,-118.1408,2025-01-01 11:31:14+00:00,180.0,4.321680494018051,0.0466703078416224,False,False,False,True
205670000,2025-01-01 11:37:14+00:00,-118.14087,33.68682,0.0,242.0,272.0,INGRID,IMO9529956,ONHY,80.0,33.68684,-118.14084,2025-01-01 11:34:14+00:00,180.0,3.5579086558716764,0.0384222508979422,False,False,False,True
205670000,2025-01-01 11:40:14+00:00,-118.14085,33.68682,0.0,175.9,273.0,INGRID,IMO9529956,ONHY,80.0,33.68682,-118.14087,2025-01-01 11:37:14+00:00,180.0,1.8544488627186169,0.0200263993183719,False,False,False,True
205670000,2025-01-01 11:43:14+00:00,-118.14084,33.68674,0.0,151.9,275.0,INGRID,IMO9529956,ONHY,80.0,33.68682,-118.14085,2025-01-01 11:40:14+00:00,180.0,8.921653232602226,0.096345924553675,False,False,False,True
205670000,2025-01-01 11:46:14+00:00,-118.14084,33.68668,0.0,174.3,276.0,INGRID,IMO9529956,ONHY,80.0,33.68674,-118.14084,2025-01-01 11:43:14+00:00,180.0,6.655004405855327,0.0718681320237656,False,False,False,True
205670000,2025-01-01 11:52:14+00:00,-118.14081,33.6866,0.0,173.7,278.0,INGRID,IMO9529956,ONHY,80.0,33.68668,-118.14084,2025-01-01 11:46:14+00:00,360.0,9.299133586845512,0.0502111884207049,False,False,False,True
205670000,2025-01-01 11:55:14+00:00,-118.14076,33.68658,0.0,183.4,279.0,INGRID,IMO9529956,ONHY,80.0,33.6866,-118.14081,2025-01-01 11:52:14+00:00,180.0,5.13952840694716,0.0555023383253342,False,False,False,True
205670000,2025-01-01 11:58:14+00:00,-118.14076,33.68655,0.0,205.5,280.0,INGRID,IMO9529956,ONHY,80.0,33.68658,-118.14076,2025-01-01 11:55:14+00:00,180.0,3.3275021240480305,0.0359340651600529,False,False,False,True
205670000,2025-01-01 12:19:14+00:00,-118.14103,33.68647,0.0,267.8,287.0,INGRID,IMO9529956,ONHY,80.0,33.68655,-118.14076,2025-01-01 11:58:14+00:00,1260.0,26.561153110280696,0.0409766919538793,False,False,True,True
205670000,2025-01-01 12:22:14+00:00,-118.14098,33.68652,0.0,7.7,285.0,INGRID,IMO9529956,ONHY,80.0,33.68647,-118.14103,2025-01-01 12:19:14+00:00,180.0,7.228422813371895,0.0780605411196934,False,False,False,True
205670000,2025-01-01 12:25:14+00:00,-118.14094,33.68658,0.0,31.1,283.0,INGRID,IMO9529956,ONHY,80.0,33.68652,-118.14098,2025-01-01 12:22:14+00:00,180.0,7.618732813354347,0.0822755421772817,False,False,False,True
205670000,2025-01-01 12:28:14+00:00,-118.1409,33.68666,0.0,33.5,281.0,INGRID,IMO9529956,ONHY,80.0,33.68658,-118.14094,2025-01-01 12:25:14+00:00,180.0,9.617283007737392,0.1038581077875569,False,False,False,True
205670000,2025-01-01 12:31:14+00:00,-118.14086,33.68669,0.0,240.0,279.0,INGRID,IMO9529956,ONHY,80.0,33.68666,-118.1409,2025-01-01 12:28:14+00:00,180.0,4.982794327338648,0.0538097495847442,False,False,False,True
205670000,2025-01-01 12:34:14+00:00,-118.14085,33.68675,0.0,28.2,277.0,INGRID,IMO9529956,ONHY,80.0,33.68669,-118.14086,2025-01-01 12:31:14+00:00,180.0,6.719287977590197,0.0725623374575496,False,False,False,True
205670000,2025-01-01 12:37:14+00:00,-118.1408,33.68679,0.0,140.9,276.0,INGRID,IMO9529956,ONHY,80.0,33.68675,-118.14085,2025-01-01 12:34:14+00:00,180.0,6.416984578820927,0.0692977294649737,False,False,False,True
205670000,2025-01-01 12:40:14+00:00,-118.14077,33.68682,0.0,198.4,277.0,INGRID,IMO9529956,ONHY,80.0,33.68679,-118.1408,2025-01-01 12:37:14+00:00,180.0,4.337047411279822,0.0468362568885676,False,False,False,True
205670000,2025-01-01 12:43:14+00:00,-118.14077,33.68682,0.0,231.2,277.0,INGRID,IMO9529956,ONHY,80.0,33.68682,-118.14077,2025-01-01 12:40:14+00:00,180.0,0.0,0.0,False,False,False,True
205670000,2025-01-01 12:46:14+00:00,-118.14083,33.68682,0.0,247.9,276.0,INGRID,IMO9529956,ONHY,80.0,33.68682,-118.14077,2025-01-01 12:43:14+00:00,180.0,5.563346585520452,0.0600791979266559,False,False,False,True
205670000,2025-01-01 12:52:14+00:00,-118.14093,33.68677,0.0,201.7,276.0,INGRID,IMO9529956,ONHY,80.0,33.68682,-118.14083,2025-01-01 12:46:14+00:00,360.0,10.8042062757413,0.0583379120195471,False,False,False,True
205670000,2025-01-01 12:55:14+00:00,-118.14097,33.68665,0.0,204.3,277.0,INGRID,IMO9529956,ONHY,80.0,33.68677,-118.14093,2025-01-01 12:52:14+00:00,180.0,13.817101430369906,0.1492124135800568,False,False,False,True
205670000,2025-01-01 12:58:14+00:00,-118.14097,33.68662,0.0,180.3,278.0,INGRID,IMO9529956,ONHY,80.0,33.68665,-118.14097,2025-01-01 12:55:14+00:00,180.0,3.3275021638328,0.035934065589693,False,False,False,True
205670000,2025-01-01 13:01:14+00:00,-118.141,33.68659,0.0,165.3,280.0,INGRID,IMO9529956,ONHY,80.0,33.68662,-118.14097,2025-01-01 12:58:14+00:00,180.0,4.337051460165143,0.04683630061293,False,False,False,True
205670000,2025-01-01 13:04:14+00:00,-118.141,33.6866,0.0,174.4,282.0,INGRID,IMO9529956,ONHY,80.0,33.68659,-118.141,2025-01-01 13:01:14+00:00,180.0,1.1091673791874626,0.0119780217686653,False,False,False,True
205670000,2025-01-01 13:07:14+00:00,-118.14098,33.68652,0.0,156.1,284.0,INGRID,IMO9529956,ONHY,80.0,33.6866,-118.141,2025-01-01 13:04:14+00:00,180.0,9.065050807904283,0.0978944909024259,False,False,False,True
205670000,2025-01-01 13:10:14+00:00,-118.14097,33.68648,0.0,147.9,285.0,INGRID,IMO9529956,ONHY,80.0,33.68652,-118.14098,2025-01-01 13:07:14+00:00,180.0,4.532525493461583,0.0489472464178353,False,False,False,True
205670000,2025-01-01 13:13:14+00:00,-118.14091,33.68638,0.0,150.8,286.0,INGRID,IMO9529956,ONHY,80.0,33.68648,-118.14097,2025-01-01 13:10:14+00:00,180.0,12.408719754125537,0.134003143371441,False,False,False,True
205670000,2025-01-01 13:16:14+00:00,-118.14095,33.68642,0.0,166.7,287.0,INGRID,IMO9529956,ONHY,80.0,33.68638,-118.14091,2025-01-01 13:13:14+00:00,180.0,5.782740813755515,0.0624484605745028,False,False,False,True
205670000,2025-01-01 13:19:14+00:00,-118.14089,33.68635,0.0,162.6,288.0,INGRID,IMO9529956,ONHY,80.0,33.68642,-118.14095,2025-01-01 13:16:14+00:00,180.0,9.551622612752366,0.1031490338865142,False,False,False,True
205670000,2025-01-01 13:22:14+00:00,-118.14086,33.6863,0.1,157.9,288.0,INGRID,IMO9529956,ONHY,80.0,33.68635,-118.14089,2025-01-01 13:19:14+00:00,180.0,6.204361308842284,0.0670015871476665,False,False,False,True
205670000,2025-01-01 13:25:14+00:00,-118.14092,33.68632,0.1,152.3,287.0,INGRID,IMO9529956,ONHY,80.0,33.6863,-118.14086,2025-01-01 13:22:14+00:00,180.0,5.989340486203825,0.0646795533927913,False,False,False,True
205670000,2025-01-01 13:28:14+00:00,-118.14089,33.6863,0.0,295.1,287.0,INGRID,IMO9529956,ONHY,80.0,33.68632,-118.14092,2025-01-01 13:25:14+00:00,180.0,3.557921634058192,0.0384223910508204,False,False,False,True
205670000,2025-01-01 13:31:14+00:00,-118.14091,33.68625,0.0,250.2,288.0,INGRID,IMO9529956,ONHY,80.0,33.6863,-118.14089,2025-01-01 13:28:14+00:00,180.0,5.847677123688075,0.0631497150006101,False,False,False,True
205670000,2025-01-01 13:34:14+00:00,-118.14094,33.68619,0.0,204.8,290.0,INGRID,IMO9529956,ONHY,80.0,33.68625,-118.14091,2025-01-01 13:31:14+00:00,180.0,7.212966826447636,0.0778936301995665,False,False,False,True
205670000,2025-01-01 13:37:14+00:00,-118.14098,33.68613,0.0,202.1,292.0,INGRID,IMO9529956,ONHY,80.0,33.68619,-118.14094,2025-01-01 13:34:14+00:00,180.0,7.618740599872268,0.0822756262647539,False,False,False,True
205670000,2025-01-01 13:40:14+00:00,-118.14104,33.68606,0.0,212.6,293.0,INGRID,IMO9529956,ONHY,80.0,33.68613,-118.14098,2025-01-01 13:37:14+00:00,180.0,9.551633198583648,0.1031491482040824,False,False,False,True
205670000,2025-01-01 13:43:14+00:00,-118.1411,33.68602,0.0,197.4,295.0,INGRID,IMO9529956,ONHY,80.0,33.68606,-118.14104,2025-01-01 13:40:14+00:00,180.0,7.115856747585807,0.0768449276679288,False,False,False,True
205670000,2025-01-01 13:46:14+00:00,-118.14113,33.68595,0.0,190.9,297.0,INGRID,IMO9529956,ONHY,80.0,33.68602,-118.1411,2025-01-01 13:43:14+00:00,180.0,8.247436305465074,0.089064981044529,False,False,False,True
205670000,2025-01-01 13:49:14+00:00,-118.14117,33.68586,0.0,182.5,300.0,INGRID,IMO9529956,ONHY,80.0,33.68595,-118.14113,2025-01-01 13:46:14+00:00,180.0,10.649254715750246,0.1150024849259108,False,False,False,True
205670000,2025-01-01 13:55:14+00:00,-118.1412,33.68574,0.0,198.1,304.0,INGRID,IMO9529956,ONHY,80.0,33.68586,-118.14117,2025-01-01 13:49:14+00:00,360.0,13.597579613932496,0.0734208865465181,False,False,False,True
205670000,2025-01-01 13:58:14+00:00,-118.14125,33.68571,0.0,200.9,304.0,INGRID,IMO9529956,ONHY,80.0,33.68574,-118.1412,2025-01-01 13:55:14+00:00,180.0,5.706701419810744,0.0616273027104717,False,False,False,True
205670000,2025-01-01 14:01:14+00:00,-118.14129,33.68568,0.0,202.3,304.0,INGRID,IMO9529956,ONHY,80.0,33.68571,-118.14125,2025-01-01 13:58:14+00:00,180.0,4.982825304253285,0.0538100841078872,False,False,False,True
205670000,2025-01-01 14:04:14+00:00,-118.14135,33.68566,0.0,209.9,305.0,INGRID,IMO9529956,ONHY,80.0,33.68568,-118.14129,2025-01-01 14:01:14+00:00,180.0,5.989378701110883,0.0646799660798187,False,False,False,True
205670000,2025-01-01 14:07:14+00:00,-118.14139,33.68563,0.1,222.8,307.0,INGRID,IMO9529956,ONHY,80.0,33.68566,-118.14135,2025-01-01 14:04:14+00:00,180.0,4.982826883171788,0.0538101011588035,False,False,False,True
205670000,2025-01-01 14:10:14+00:00,-118.14141,33.68563,0.0,144.9,309.0,INGRID,IMO9529956,ONHY,80.0,33.68563,-118.14139,2025-01-01 14:07:14+00:00,180.0,1.8544744158201545,0.0200266752691547,False,False,False,True
205670000,2025-01-01 14:13:14+00:00,-118.14139,33.68564,0.0,81.1,308.0,INGRID,IMO9529956,ONHY,80.0,33.68563,-118.14141,2025-01-01 14:10:14+00:00,180.0,2.1608625256485783,0.0233353945103151,False,False,False,True
205670000,2025-01-01 14:16:14+00:00,-118.14133,33.68568,0.0,66.9,306.0,INGRID,IMO9529956,ONHY,80.0,33.68564,-118.14139,2025-01-01 14:13:14+00:00,180.0,7.115875716410949,0.0768451325143792,False,False,False,True
205670000,2025-01-01 14:19:14+00:00,-118.14132,33.68572,0.0,77.8,305.0,INGRID,IMO9529956,ONHY,80.0,33.68568,-118.14133,2025-01-01 14:16:14+00:00,180.0,4.532526688924175,0.0489472593277687,False,False,False,True
205670000,2025-01-01 14:22:14+00:00,-118.14129,33.68572,0.0,337.6,305.0,INGRID,IMO9529956,ONHY,80.0,33.68572,-118.14132,2025-01-01 14:19:14+00:00,180.0,2.7817087254003234,0.0300399816043453,False,False,False,True
205670000,2025-01-01 14:25:14+00:00,-118.14124,33.68573,0.0,347.0,305.0,INGRID,IMO9529956,ONHY,80.0,33.68572,-118.14129,2025-01-01 14:22:14+00:00,180.0,4.767014333863848,0.051479517459655,False,False,False,True
205670000,2025-01-01 14:28:14+00:00,-118.14121,33.68576,0.0,38.4,303.0,INGRID,IMO9529956,ONHY,80.0,33.68573,-118.14124,2025-01-01 14:25:14+00:00,180.0,4.337068871958344,0.0468364886448194,False,False,False,True
205670000,2025-01-01 14:31:14+00:00,-118.14124,33.68585,0.0,327.2,301.0,INGRID,IMO9529956,ONHY,80.0,33.68576,-118.14121,2025-01-01 14:28:14+00:00,180.0,10.362832486772042,0.1119093794504831,False,False,False,True
205670000,2025-01-01 14:34:14+00:00,-118.14121,33.68588,0.0,12.4,300.0,INGRID,IMO9529956,ONHY,80.0,33.68585,-118.14124,2025-01-01 14:31:14+00:00,180.0,4.337066441569244,0.0468364623987775,False,False,False,True
205670000,2025-01-01 14:37:14+00:00,-118.14122,33.68594,0.0,36.5,300.0,INGRID,IMO9529956,ONHY,80.0,33.68588,-118.14121,2025-01-01 14:34:14+00:00,180.0,6.719288313321029,0.0725623410831441,False,False,False,True
205670000,2025-01-01 14:40:14+00:00,-118.14121,33.68601,0.1,27.0,299.0,INGRID,IMO9529956,ONHY,80.0,33.68594,-118.14122,2025-01-01 14:37:14+00:00,180.0,7.819342135106751,0.0844419445328106,False,False,False,True
205670000,2025-01-01 14:43:14+00:00,-118.14122,33.68607,0.0,22.7,298.0,INGRID,IMO9529956,ONHY,80.0,33.68601,-118.14121,2025-01-01 14:40:14+00:00,180.0,6.719288258082194,0.0725623404866138,False,False,False,True
205670000,2025-01-01 14:46:14+00:00,-118.14115,33.68612,0.0,3.1,295.0,INGRID,IMO9529956,ONHY,80.0,33.68607,-118.14122,2025-01-01 14:43:14+00:00,180.0,8.53724320054086,0.0921946379052185,False,False,False,True
205670000,2025-01-01 14:52:14+00:00,-118.14113,33.68628,0.0,27.5,293.0,INGRID,IMO9529956,ONHY,80.0,33.68612,-118.14115,2025-01-01 14:46:14+00:00,360.0,17.843306101005023,0.09634592258716,False,False,False,True
205670000,2025-01-01 14:55:14+00:00,-118.14106,33.68636,0.0,53.6,293.0,INGRID,IMO9529956,ONHY,80.0,33.68628,-118.14113,2025-01-01 14:52:14+00:00,180.0,10.993822751225332,0.1187235134263436,False,False,False,True
205670000,2025-01-01 14:58:14+00:00,-118.14104,33.68641,0.0,43.8,291.0,INGRID,IMO9529956,ONHY,80.0,33.68636,-118.14106,2025-01-01 14:55:14+00:00,180.0,5.847676467517744,0.0631497079145538,False,False,False,True
205670000,2025-01-01 15:01:14+00:00,-118.14103,33.68651,0.0,26.5,287.0,INGRID,IMO9529956,ONHY,80.0,33.68641,-118.14104,2025-01-01 14:58:14+00:00,180.0,11.130362737359356,0.1201980239077145,False,False,False,True
205670000,2025-01-01 15:04:14+00:00,-118.14104,33.68661,0.0,6.0,285.0,INGRID,IMO9529956,ONHY,80.0,33.68651,-118.14103,2025-01-01 15:01:14+00:00,180.0,11.13036282681994,0.1201980248738092,False,False,False,True
205670000,2025-01-01 15:07:14+00:00,-118.14104,33.68672,0.0,11.9,283.0,INGRID,IMO9529956,ONHY,80.0,33.68661,-118.14104,2025-01-01 15:04:14+00:00,180.0,12.200841320728555,0.1317582410715833,False,False,False,True
205670000,2025-01-01 15:10:14+00:00,-118.14104,33.68681,0.0,5.0,282.0,INGRID,IMO9529956,ONHY,80.0,33.68672,-118.14104,2025-01-01 15:07:14+00:00,180.0,9.982506697265285,0.1078021989911786,False,False,False,True
205670000,2025-01-01 15:13:14+00:00,-118.14102,33.68692,0.0,25.8,279.0,INGRID,IMO9529956,ONHY,80.0,33.68681,-118.14104,2025-01-01 15:10:14+00:00,180.0,12.34096898855979,0.1332714953262336,False,False,False,True
205670000,2025-01-01 15:16:14+00:00,-118.141,33.68704,0.0,10.2,275.0,INGRID,IMO9529956,ONHY,80.0,33.68692,-118.14102,2025-01-01 15:13:14+00:00,180.0,13.438575740239186,0.1451246725939252,False,False,False,True
205670000,2025-01-01 15:19:14+00:00,-118.14098,33.68716,0.0,11.3,272.0,INGRID,IMO9529956,ONHY,80.0,33.68704,-118.141,2025-01-01 15:16:14+00:00,180.0,13.438575639103371,0.1451246715017483,False,False,False,True
205670000,2025-01-01 15:22:14+00:00,-118.14094,33.68729,0.0,19.2,269.0,INGRID,IMO9529956,ONHY,80.0,33.68716,-118.14098,2025-01-01 15:19:14+00:00,180.0,14.888534872195706,0.1607829423664939,False,False,False,True
205670000,2025-01-01 15:25:14+00:00,-118.14095,33.68742,0.0,345.5,266.0,INGRID,IMO9529956,ONHY,80.0,33.68729,-118.14094,2025-01-01 15:22:14+00:00,180.0,14.44895915338572,0.1560359153373183,False,False,False,True
205670000,2025-01-01 15:28:14+00:00,-118.14095,33.68754,0.0,332.0,263.0,INGRID,IMO9529956,ONHY,80.0,33.68742,-118.14095,2025-01-01 15:25:14+00:00,180.0,13.310010471481288,0.1437362819715788,False,False,False,True
205670000,2025-01-01 15:31:14+00:00,-118.141,33.68765,0.0,265.5,260.0,INGRID,IMO9529956,ONHY,80.0,33.68754,-118.14095,2025-01-01 15:28:14+00:00,180.0,13.051966007988398,0.140949631138712,False,False,False,True
205670000,2025-01-01 15:34:14+00:00,-118.14104,33.6877,0.0,242.3,258.0,INGRID,IMO9529956,ONHY,80.0,33.68765,-118.141,2025-01-01 15:31:14+00:00,180.0,6.6717289834660525,0.0720487425956702,False,False,False,True
205670000,2025-01-01 15:37:14+00:00,-118.14104,33.68781,0.0,222.9,256.0,INGRID,IMO9529956,ONHY,80.0,33.6877,-118.14104,2025-01-01 15:34:14+00:00,180.0,12.200843477348988,0.1317582643611669,False,False,False,True
205670000,2025-01-01 15:40:14+00:00,-118.14111,33.68785,0.0,273.5,255.0,INGRID,IMO9529956,ONHY,80.0,33.68781,-118.14104,2025-01-01 15:37:14+00:00,180.0,7.861969918143544,0.0849022866982452,False,False,False,True
205670000,2025-01-01 15:43:14+00:00,-118.14118,33.68789,0.0,315.1,254.0,INGRID,IMO9529956,ONHY,80.0,33.68785,-118.14111,2025-01-01 15:40:14+00:00,180.0,7.861967454370662,0.0849022600916881,False,False,False,True
205670000,2025-01-01 15:46:14+00:00,-118.14123,33.68798,0.0,242.5,252.0,INGRID,IMO9529956,ONHY,80.0,33.68789,-118.14118,2025-01-01 15:43:14+00:00,180.0,11.006523126898667,0.1188606661943928,False,False,False,True
205670000,2025-01-01 15:49:14+00:00,-118.14127,33.68807,0.0,45.4,251.0,INGRID,IMO9529956,ONHY,80.0,33.68798,-118.14123,2025-01-01 15:46:14+00:00,180.0,10.649226220502152,0.1150021772025605,False,False,False,True
205670000,2025-01-01 15:55:14+00:00,-118.14136,33.6883,0.0,346.8,245.0,INGRID,IMO9529956,ONHY,80.0,33.68807,-118.14127,2025-01-01 15:49:14+00:00,360.0,26.841031003390576,0.1449296380711965,False,False,False,True
205670000,2025-01-01 15:58:14+00:00,-118.14144,33.68842,0.0,333.9,242.0,INGRID,IMO9529956,ONHY,80.0,33.6883,-118.14136,2025-01-01 15:55:14+00:00,180.0,15.237393350657392,0.1645503038374548,False,False,False,True
205670000,2025-01-01 16:01:14+00:00,-118.14152,33.68851,0.0,324.3,238.0,INGRID,IMO9529956,ONHY,80.0,33.68842,-118.14144,2025-01-01 15:58:14+00:00,180.0,12.436723356207306,0.1343055573818334,False,False,False,True
205670000,2025-01-01 16:04:14+00:00,-118.14161,33.68861,0.0,310.5,236.0,INGRID,IMO9529956,ONHY,80.0,33.68851,-118.14152,2025-01-01 16:01:14+00:00,180.0,13.880268602446174,0.1498945628898831,False,False,False,True
205670000,2025-01-01 16:07:14+00:00,-118.14172,33.6887,0.0,300.8,232.0,INGRID,IMO9529956,ONHY,80.0,33.68861,-118.14161,2025-01-01 16:04:14+00:00,180.0,14.271483540926162,0.154119336478855,False,False,False,True
205670000,2025-01-01 16:10:14+00:00,-118.14184,33.68876,0.0,319.8,230.0,INGRID,IMO9529956,ONHY,80.0,33.6887,-118.14172,2025-01-01 16:07:14+00:00,180.0,12.96483462809018,0.1400086896859267,False,False,False,True
205670000,2025-01-01 16:13:14+00:00,-118.14192,33.68882,0.0,301.5,228.0,INGRID,IMO9529956,ONHY,80.0,33.68876,-118.14184,2025-01-01 16:10:14+00:00,180.0,9.965454948050112,0.1076180552567651,False,False,False,True
205670000,2025-01-01 16:16:14+00:00,-118.14198,33.68886,0.0,282.4,226.0,INGRID,IMO9529956,ONHY,80.0,33.68882,-118.14192,2025-01-01 16:13:14+00:00,180.0,7.115716969782257,0.0768434181918974,False,False,False,True
205670000,2025-01-01 16:19:14+00:00,-118.14206,33.68894,0.0,334.5,224.0,INGRID,IMO9529956,ONHY,80.0,33.68886,-118.14198,2025-01-01 16:16:14+00:00,180.0,11.565346654096642,0.1248954635561067,False,False,False,True
205670000,2025-01-01 16:22:14+00:00,-118.14214,33.68899,0.0,300.3,222.0,INGRID,IMO9529956,ONHY,80.0,33.68894,-118.14206,2025-01-01 16:19:14+00:00,180.0,9.261602793954784,0.1000170776388948,False,False,False,True
205670000,2025-01-01 16:25:14+00:00,-118.14223,33.68906,0.0,312.0,219.0,INGRID,IMO9529956,ONHY,80.0,33.68899,-118.14214,2025-01-01 16:22:14+00:00,180.0,11.398166933755508,0.1230900711806183,False,False,False,True
205670000,2025-01-01 16:28:14+00:00,-118.14233,33.68913,0.0,316.1,216.0,INGRID,IMO9529956,ONHY,80.0,33.68906,-118.14223,2025-01-01 16:25:14+00:00,180.0,12.093485643707444,0.1305988951870237,False,False,False,True
205670000,2025-01-01 16:31:14+00:00,-118.14243,33.68917,0.0,328.9,213.0,INGRID,IMO9529956,ONHY,80.0,33.68913,-118.14233,2025-01-01 16:28:14+00:00,180.0,10.278809647299807,0.1110020074711514,False,False,False,True
205670000,2025-01-01 16:34:14+00:00,-118.14257,33.68919,0.0,312.5,209.0,INGRID,IMO9529956,ONHY,80.0,33.68917,-118.14243,2025-01-01 16:31:14+00:00,180.0,13.168973050561751,0.1422132031922442,False,False,False,True
205670000,2025-01-01 16:37:14+00:00,-118.14261,33.68932,0.0,333.5,206.0,INGRID,IMO9529956,ONHY,80.0,33.68919,-118.14257,2025-01-01 16:34:14+00:00,180.0,14.88851774788581,0.1607827574391686,False,False,False,True
205670000,2025-01-01 16:40:14+00:00,-118.14265,33.68935,0.0,156.2,203.0,INGRID,IMO9529956,ONHY,80.0,33.68932,-118.14261,2025-01-01 16:37:14+00:00,180.0,4.98271024532862,0.0538088415737754,False,False,False,True
205670000,2025-01-01 16:43:14+00:00,-118.14271,33.68939,0.0,182.6,202.0,INGRID,IMO9529956,ONHY,80.0,33.68935,-118.14265,2025-01-01 16:40:14+00:00,180.0,7.115690511068172,0.0768431324613042,False,False,False,True
205670000,2025-01-01 16:46:14+00:00,-118.14274,33.6893,0.0,157.6,202.0,INGRID,IMO9529956,ONHY,80.0,33.68939,-118.14271,2025-01-01 16:43:14+00:00,180.0,10.362807395703108,0.1119091084892418,False,False,False,True
205670000,2025-01-01 16:52:14+00:00,-118.14275,33.68926,0.0,193.1,201.0,INGRID,IMO9529956,ONHY,80.0,33.6893,-118.14274,2025-01-01 16:46:14+00:00,360.0,4.532521343490831,0.02447360080092,False,False,False,True
205670000,2025-01-01 16:55:14+00:00,-118.14282,33.68925,0.0,200.9,200.0,INGRID,IMO9529956,ONHY,80.0,33.68926,-118.14275,2025-01-01 16:52:14+00:00,180.0,6.584480969707705,0.0711065416008701,False,False,False,True
205670000,2025-01-01 16:58:14+00:00,-118.14281,33.68924,0.0,251.1,200.0,INGRID,IMO9529956,ONHY,80.0,33.68925,-118.14282,2025-01-01 16:55:14+00:00,180.0,1.4456660044909335,0.0156119078120536,False,False,False,True
205670000,2025-01-01 17:01:14+00:00,-118.14284,33.68921,0.0,100.0,200.0,INGRID,IMO9529956,ONHY,80.0,33.68924,-118.14281,2025-01-01 16:58:14+00:00,180.0,4.336998414656466,0.0468357277685879,False,False,False,True
205670000,2025-01-01 17:04:14+00:00,-118.14282,33.68926,0.0,33.3,199.0,INGRID,IMO9529956,ONHY,80.0,33.68921,-118.14284,2025-01-01 17:01:14+00:00,180.0,5.847659487680529,0.0631495245474051,False,False,False,True
205670000,2025-01-01 17:07:14+00:00,-118.14281,33.68926,0.0,54.9,199.0,INGRID,IMO9529956,ONHY,80.0,33.68926,-118.14282,2025-01-01 17:04:14+00:00,180.0,0.9271982314582876,0.0100129167235437,False,False,False,True
205670000,2025-01-01 17:10:14+00:00,-118.14279,33.68931,0.0,54.5,198.0,INGRID,IMO9529956,ONHY,80.0,33.68926,-118.14281,2025-01-01 17:07:14+00:00,180.0,5.847659189453396,0.0631495213268171,False,False,False,True
205670000,2025-01-01 17:13:14+00:00,-118.14272,33.68928,0.0,68.5,200.0,INGRID,IMO9529956,ONHY,80.0,33.68931,-118.14279,2025-01-01 17:10:14+00:00,180.0,7.293653232332345,0.0787649716618717,False,False,False,True
205670000,2025-01-01 17:16:14+00:00,-118.14265,33.6893,0.0,85.0,203.0,INGRID,IMO9529956,ONHY,80.0,33.68928,-118.14272,2025-01-01 17:13:14+00:00,180.0,6.859017098699822,0.0740712877618703,False,False,False,True
205670000,2025-01-01 17:19:14+00:00,-118.14258,33.68929,0.0,68.0,205.0,INGRID,IMO9529956,ONHY,80.0,33.6893,-118.14265,2025-01-01 17:16:14+00:00,180.0,6.584478009174329,0.0711065096297412,False,False,False,True
205670000,2025-01-01 17:22:14+00:00,-118.14255,33.68927,0.0,97.3,206.0,INGRID,IMO9529956,ONHY,80.0,33.68929,-118.14258,2025-01-01 17:19:14+00:00,180.0,3.557847501228399,0.0384215904821545,False,False,False,True
205670000,2025-01-01 17:25:14+00:00,-118.14252,33.68933,0.0,38.4,206.0,INGRID,IMO9529956,ONHY,80.0,33.68927,-118.14255,2025-01-01 17:22:14+00:00,180.0,7.212931628887464,0.0778932500972033,False,False,False,True
205670000,2025-01-01 17:28:14+00:00,-118.14251,33.68931,0.0,64.9,206.0,INGRID,IMO9529956,ONHY,80.0,33.68933,-118.14252,2025-01-01 17:25:14+00:00,180.0,2.404310467261085,0.0259644158815599,False,False,False,True
205670000,2025-01-01 17:31:14+00:00,-118.14247,33.68929,0.0,106.2,206.0,INGRID,IMO9529956,ONHY,80.0,33.68931,-118.14251,2025-01-01 17:28:14+00:00,180.0,4.32159063703127,0.0466693374660381,False,False,False,True
205670000,2025-01-01 17:34:14+00:00,-118.14242,33.68925,0.0,115.3,207.0,INGRID,IMO9529956,ONHY,80.0,33.68929,-118.14247,2025-01-01 17:31:14+00:00,180.0,6.4168888508518505,0.0692966956879992,False,False,False,True
205670000,2025-01-01 17:37:14+00:00,-118.14238,33.68919,0.0,99.2,208.0,INGRID,IMO9529956,ONHY,80.0,33.68925,-118.14242,2025-01-01 17:34:14+00:00,180.0,7.618679503813012,0.0822749664816215,False,False,False,True
205670000,2025-01-01 17:40:14+00:00,-118.14243,33.68912,0.0,60.0,209.0,INGRID,IMO9529956,ONHY,80.0,33.68919,-118.14238,2025-01-01 17:37:14+00:00,180.0,9.04294630619048,0.0976557819323628,False,False,False,True
205670000,2025-01-01 17:43:14+00:00,-118.1424,33.68911,0.0,63.7,209.0,INGRID,IMO9529956,ONHY,80.0,33.68912,-118.14243,2025-01-01 17:40:14+00:00,180.0,2.9945865008822694,0.032338872354861,False,False,False,True
205670000,2025-01-01 17:46:15+00:00,-118.14239,33.68905,0.0,81.1,210.0,INGRID,IMO9529956,ONHY,80.0,33.68911,-118.1424,2025-01-01 17:43:14+00:00,181.0,6.719287002582217,0.0721614300944719,False,False,False,True
205670000,2025-01-01 17:52:14+00:00,-118.14228,33.68908,0.0,75.2,211.0,INGRID,IMO9529956,ONHY,80.0,33.68905,-118.14239,2025-01-01 17:46:15+00:00,359.0,10.728281920411687,0.05808931344895,False,False,False,True
205670000,2025-01-01 17:55:14+00:00,-118.14221,33.6891,0.0,75.3,212.0,INGRID,IMO9529956,ONHY,80.0,33.68908,-118.14228,2025-01-01 17:52:14+00:00,180.0,6.8590313023154375,0.0740714411482935,False,False,False,True
205670000,2025-01-01 17:58:14+00:00,-118.1422,33.68905,0.0,72.8,213.0,INGRID,IMO9529956,ONHY,80.0,33.6891,-118.14221,2025-01-01 17:55:14+00:00,180.0,5.622813523667978,0.0607213879991486,False,False,False,True
205670000,2025-01-01 18:01:14+00:00,-118.1422,33.68907,0.0,39.7,214.0,INGRID,IMO9529956,ONHY,80.0,33.68905,-118.1422,2025-01-01 17:58:14+00:00,180.0,2.2183356476383134,0.0239560531405847,False,False,False,True
205670000,2025-01-01 18:04:14+00:00,-118.1421,33.68917,0.0,138.9,215.0,INGRID,IMO9529956,ONHY,80.0,33.68907,-118.1422,2025-01-01 18:01:14+00:00,180.0,14.456668467654904,0.1561191690787017,False,False,False,True
205670000,2025-01-01 18:07:14+00:00,-118.14211,33.6891,0.0,110.2,216.0,INGRID,IMO9529956,ONHY,80.0,33.68917,-118.1421,2025-01-01 18:04:14+00:00,180.0,7.819342061209221,0.0844419437347829,False,False,False,True
205670000,2025-01-01 18:10:14+00:00,-118.14204,33.68912,0.0,104.4,217.0,INGRID,IMO9529956,ONHY,80.0,33.6891,-118.14211,2025-01-01 18:07:14+00:00,180.0,6.859029881601108,0.0740714258058416,False,False,False,True
205670000,2025-01-01 18:13:14+00:00,-118.142,33.68911,0.0,151.9,218.0,INGRID,IMO9529956,ONHY,80.0,33.68912,-118.14204,2025-01-01 18:10:14+00:00,180.0,3.871103775437994,0.0418044797935966,False,False,False,True
205670000,2025-01-01 18:16:14+00:00,-118.14199,33.68907,0.0,143.6,218.0,INGRID,IMO9529956,ONHY,80.0,33.68911,-118.142,2025-01-01 18:13:14+00:00,180.0,4.532521626877914,0.0489472046621686,False,False,False,True
205670000,2025-01-01 18:19:14+00:00,-118.14199,33.68901,0.0,156.4,219.0,INGRID,IMO9529956,ONHY,80.0,33.68907,-118.14199,2025-01-01 18:16:14+00:00,180.0,6.655006919832443,0.0718681591724838,False,False,False,True
205670000,2025-01-01 18:22:14+00:00,-118.14197,33.68899,0.0,148.3,219.0,INGRID,IMO9529956,ONHY,80.0,33.68901,-118.14199,2025-01-01 18:19:14+00:00,180.0,2.891335313718831,0.0312238513123289,False,False,False,True
205670000,2025-01-01 18:25:14+00:00,-118.14201,33.68893,0.0,137.5,220.0,INGRID,IMO9529956,ONHY,80.0,33.68899,-118.14197,2025-01-01 18:22:14+00:00,180.0,7.6186846949404226,0.0822750225411833,False,False,False,True
205670000,2025-01-01 18:28:14+00:00,-118.14202,33.68885,0.0,147.2,220.0,INGRID,IMO9529956,ONHY,80.0,33.68893,-118.14201,2025-01-01 18:25:14+00:00,180.0,8.921653896918908,0.0963459317277047,False,False,False,True
205670000,2025-01-01 18:31:14+00:00,-118.14199,33.68883,0.0,149.1,220.0,INGRID,IMO9529956,ONHY,80.0,33.68885,-118.14202,2025-01-01 18:28:14+00:00,180.0,3.557858484889628,0.0384217090959325,False,False,False,True
205670000,2025-01-01 18:34:14+00:00,-118.14195,33.6888,0.0,141.8,220.0,INGRID,IMO9529956,ONHY,80.0,33.68883,-118.14199,2025-01-01 18:31:14+00:00,180.0,4.982726683679941,0.0538090190933578,False,False,False,True
205670000,2025-01-01 18:37:14+00:00,-118.14191,33.68879,0.0,123.7,221.0,INGRID,IMO9529956,ONHY,80.0,33.6888,-118.14195,2025-01-01 18:34:14+00:00,180.0,3.871116926540082,0.0418046218138093,False,False,False,True
205670000,2025-01-01 18:40:14+00:00,-118.14188,33.68875,0.0,116.9,223.0,INGRID,IMO9529956,ONHY,80.0,33.68879,-118.14191,2025-01-01 18:37:14+00:00,180.0,5.236545347338788,0.0565500350442834,False,False,False,True
205670000,2025-01-01 18:43:14+00:00,-118.14185,33.68874,0.0,102.5,224.0,INGRID,IMO9529956,ONHY,80.0,33.68875,-118.14188,2025-01-01 18:40:14+00:00,180.0,2.994597547765596,0.0323389916513815,False,False,False,True
205670000,2025-01-01 18:46:14+00:00,-118.14179,33.68874,0.0,105.1,225.0,INGRID,IMO9529956,ONHY,80.0,33.68874,-118.14185,2025-01-01 18:43:14+00:00,180.0,5.563222889792057,0.060077862122741,False,False,False,True
205670000,2025-01-01 18:49:14+00:00,-118.14173,33.68872,0.0,98.5,226.0,INGRID,IMO9529956,ONHY,80.0,33.68874,-118.14179,2025-01-01 18:46:14+00:00,180.0,5.989195990012194,0.0646779929623627,False,False,False,True
205670000,2025-01-01 18:55:14+00:00,-118.14159,33.68874,0.0,98.4,228.0,INGRID,IMO9529956,ONHY,80.0,33.68872,-118.14173,2025-01-01 18:49:14+00:00,360.0,13.169039704681772,0.0711069614987461,False,False,False,True
205670000,2025-01-01 18:58:14+00:00,-118.14152,33.6887,0.0,109.1,229.0,INGRID,IMO9529956,ONHY,80.0,33.68874,-118.14159,2025-01-01 18:55:14+00:00,180.0,7.86191505317496,0.0849016942053534,False,False,False,True
205670000,2025-01-01 19:01:14+00:00,-118.14147,33.68873,0.0,115.7,231.0,INGRID,IMO9529956,ONHY,80.0,33.6887,-118.14152,2025-01-01 18:58:14+00:00,180.0,5.706571948788297,0.0616259045385146,False,False,False,True
205670000,2025-01-01 19:04:14+00:00,-118.14145,33.68866,0.0,141.4,233.0,INGRID,IMO9529956,ONHY,80.0,33.68873,-118.14147,2025-01-01 19:01:14+00:00,180.0,7.982558103414783,0.0862045319096766,False,False,False,True
205670000,2025-01-01 19:07:14+00:00,-118.14144,33.68865,0.0,146.6,234.0,INGRID,IMO9529956,ONHY,80.0,33.68866,-118.14145,2025-01-01 19:04:14+00:00,180.0,1.4456699852765582,0.0156119508009999,False,False,False,True
205670000,2025-01-01 19:10:14+00:00,-118.14144,33.6886,0.0,152.6,235.0,INGRID,IMO9529956,ONHY,80.0,33.68865,-118.14144,2025-01-01 19:07:14+00:00,180.0,5.54583872646608,0.0598901286114101,False,False,False,True
205670000,2025-01-01 19:13:14+00:00,-118.14144,33.68852,0.0,164.0,235.0,INGRID,IMO9529956,ONHY,80.0,33.6886,-118.14144,2025-01-01 19:10:14+00:00,180.0,8.873341869362863,0.0958242047741239,False,False,False,True
205670000,2025-01-01 19:16:14+00:00,-118.14144,33.68847,0.0,160.5,235.0,INGRID,IMO9529956,ONHY,80.0,33.68852,-118.14144,2025-01-01 19:13:14+00:00,180.0,5.545838608029951,0.0598901273324052,False,False,False,True
205670000,2025-01-01 19:19:14+00:00,-118.14143,33.68843,0.0,151.0,235.0,INGRID,IMO9529956,ONHY,80.0,33.68847,-118.14144,2025-01-01 19:16:14+00:00,180.0,4.532522583878539,0.0489472149969247,False,False,False,True
205670000,2025-01-01 19:22:14+00:00,-118.1414,33.68845,0.0,138.4,235.0,INGRID,IMO9529956,ONHY,80.0,33.68843,-118.14143,2025-01-01 19:19:14+00:00,180.0,3.557868469170292,0.0384218169172887,False,False,False,True
205670000,2025-01-01 19:25:14+00:00,-118.14138,33.68843,0.0,129.9,236.0,INGRID,IMO9529956,ONHY,80.0,33.68845,-118.1414,2025-01-01 19:22:14+00:00,180.0,2.891342873048698,0.0312239329463721,False,False,False,True
205670000,2025-01-01 19:28:14+00:00,-118.1413,33.68834,0.0,127.8,237.0,INGRID,IMO9529956,ONHY,80.0,33.68843,-118.14138,2025-01-01 19:25:14+00:00,180.0,12.43672735122023,0.1343056005244218,False,False,False,True
205670000,2025-01-01 19:31:14+00:00,-118.14121,33.68829,0.0,124.4,239.0,INGRID,IMO9529956,ONHY,80.0,33.68834,-118.1413,2025-01-01 19:28:14+00:00,180.0,10.019644185171275,0.1082032508494629,False,False,False,True
205670000,2025-01-01 19:34:14+00:00,-118.14113,33.68823,0.0,133.4,242.0,INGRID,IMO9529956,ONHY,80.0,33.68829,-118.14121,2025-01-01 19:31:14+00:00,180.0,9.965488454131966,0.107618417092666,False,False,False,True
205670000,2025-01-01 19:37:14+00:00,-118.14109,33.68817,0.0,147.3,245.0,INGRID,IMO9529956,ONHY,80.0,33.68823,-118.14113,2025-01-01 19:34:14+00:00,180.0,7.618699869633954,0.0822751864143848,False,False,False,True
205670000,2025-01-01 19:40:14+00:00,-118.14108,33.68812,0.0,152.9,247.0,INGRID,IMO9529956,ONHY,80.0,33.68817,-118.14109,2025-01-01 19:37:14+00:00,180.0,5.62281434390041,0.0607213968569298,False,False,False,True
205670000,2025-01-01 19:43:14+00:00,-118.14106,33.68808,0.0,164.6,249.0,INGRID,IMO9529956,ONHY,80.0,33.68812,-118.14108,2025-01-01 19:40:14+00:00,180.0,4.80863022938377,0.051928932139363,False,False,False,True
205670000,2025-01-01 19:46:14+00:00,-118.14109,33.68806,0.0,161.1,250.0,INGRID,IMO9529956,ONHY,80.0,33.68808,-118.14106,2025-01-01 19:43:14+00:00,180.0,3.5578777054136093,0.0384219166605066,False,False,False,True
205670000,2025-01-01 19:49:14+00:00,-118.14105,33.68798,0.0,146.6,250.0,INGRID,IMO9529956,ONHY,80.0,33.68806,-118.14109,2025-01-01 19:46:14+00:00,180.0,9.617261675772884,0.103857877421302,False,False,False,True
205670000,2025-01-01 19:52:14+00:00,-118.14107,33.68797,0.0,165.2,251.0,INGRID,IMO9529956,ONHY,80.0,33.68798,-118.14105,2025-01-01 19:49:14+00:00,180.0,2.1608196155884984,0.0233349311198085,False,False,False,True
205670000,2025-01-01 19:55:14+00:00,-118.14102,33.68797,0.0,120.9,251.0,INGRID,IMO9529956,ONHY,80.0,33.68797,-118.14107,2025-01-01 19:52:14+00:00,180.0,4.6360604149579325,0.0500653315389546,False,False,False,True
205670000,2025-01-01 19:58:14+00:00,-118.14103,33.68798,0.0,81.0,251.0,INGRID,IMO9529956,ONHY,80.0,33.68797,-118.14102,2025-01-01 19:55:14+00:00,180.0,1.4456745754249325,0.0156120003705222,False,False,False,True
205670000,2025-01-01 20:01:14+00:00,-118.14101,33.68796,0.0,31.4,251.0,INGRID,IMO9529956,ONHY,80.0,33.68798,-118.14103,2025-01-01 19:58:14+00:00,180.0,2.8913492171836244,0.03122400145739,False,False,False,True
205670000,2025-01-01 20:04:14+00:00,-118.14097,33.68798,0.0,211.2,251.0,INGRID,IMO9529956,ONHY,80.0,33.68796,-118.14101,2025-01-01 20:01:14+00:00,180.0,4.321639417225009,0.0466698642487703,False,False,False,True
205670000,2025-01-01 20:07:14+00:00,-118.14098,33.68794,0.0,213.7,251.0,INGRID,IMO9529956,ONHY,80.0,33.68798,-118.14097,2025-01-01 20:04:14+00:00,180.0,4.532523315871061,0.0489472229017933,False,False,False,True
205670000,2025-01-01 20:10:14+00:00,-118.14104,33.68796,0.0,255.1,251.0,INGRID,IMO9529956,ONHY,80.0,33.68794,-118.14098,2025-01-01 20:07:14+00:00,180.0,5.989242564476727,0.0646784959251802,False,False,False,True
205670000,2025-01-01 20:13:14+00:00,-118.14103,33.68799,0.0,288.3,251.0,INGRID,IMO9529956,ONHY,80.0,33.68796,-118.14104,2025-01-01 20:10:14+00:00,180.0,3.454272369200517,0.0373030711230374,False,False,False,True
205670000,2025-01-01 20:16:14+00:00,-118.14106,33.68792,0.0,269.5,251.0,INGRID,IMO9529956,ONHY,80.0,33.68799,-118.14103,2025-01-01 20:13:14+00:00,180.0,8.247417237291273,0.0890647751252014,False,False,False,True
205670000,2025-01-01 20:19:14+00:00,-118.14103,33.68798,0.0,99.4,252.0,INGRID,IMO9529956,ONHY,80.0,33.68792,-118.14106,2025-01-01 20:16:14+00:00,180.0,7.212947057969528,0.0778934167175749,False,False,False,True
205670000,2025-01-01 20:22:14+00:00,-118.14103,33.68787,0.0,156.0,253.0,INGRID,IMO9529956,ONHY,80.0,33.68798,-118.14103,2025-01-01 20:19:14+00:00,180.0,12.200843814436697,0.1317582680014146,False,False,False,True
205670000,2025-01-01 20:25:14+00:00,-118.141,33.6879,0.0,93.0,254.0,INGRID,IMO9529956,ONHY,80.0,33.68787,-118.14103,2025-01-01 20:22:14+00:00,180.0,4.337025545184781,0.0468360207541777,False,False,False,True
205670000,2025-01-01 20:28:14+00:00,-118.14096,33.68785,0.0,167.6,254.0,INGRID,IMO9529956,ONHY,80.0,33.6879,-118.141,2025-01-01 20:25:14+00:00,180.0,6.671724358606797,0.0720486926513013,False,False,False,True
205670000,2025-01-01 20:34:14+00:00,-118.14093,33.68785,0.0,219.9,255.0,INGRID,IMO9529956,ONHY,80.0,33.68785,-118.14096,2025-01-01 20:28:14+00:00,360.0,2.7816401153112933,0.0150196203381852,False,False,False,True
205670000,2025-01-01 20:37:14+00:00,-118.14092,33.68783,0.0,253.0,255.0,INGRID,IMO9529956,ONHY,80.0,33.68785,-118.14093,2025-01-01 20:34:14+00:00,180.0,2.404316104057292,0.0259644767539484,False,False,False,True
205670000,2025-01-01 20:40:14+00:00,-118.14093,33.68788,0.0,206.9,255.0,INGRID,IMO9529956,ONHY,80.0,33.68783,-118.14092,2025-01-01 20:37:14+00:00,180.0,5.622814601607874,0.0607213996399413,False,False,False,True
205670000,2025-01-01 20:43:14+00:00,-118.14093,33.68782,0.0,269.2,255.0,INGRID,IMO9529956,ONHY,80.0,33.68788,-118.14093,2025-01-01 20:40:14+00:00,180.0,6.655005634951951,0.0718681452969166,False,False,False,True
205670000,2025-01-01 20:46:14+00:00,-118.14097,33.68777,0.0,248.9,256.0,INGRID,IMO9529956,ONHY,80.0,33.68782,-118.14093,2025-01-01 20:43:14+00:00,180.0,6.671726208621624,0.0720487126298169,False,False,False,True
205670000,2025-01-01 20:49:14+00:00,-118.14099,33.68776,0.0,293.6,256.0,INGRID,IMO9529956,ONHY,80.0,33.68777,-118.14097,2025-01-01 20:46:14+00:00,180.0,2.160823469233209,0.023334972735746,False,False,False,True
205670000,2025-01-01 20:52:14+00:00,-118.14092,33.68781,0.0,204.8,256.0,INGRID,IMO9529956,ONHY,80.0,33.68776,-118.14099,2025-01-01 20:49:14+00:00,180.0,8.537147614575106,0.0921936056617537,False,False,False,True
205670000,2025-01-01 20:55:14+00:00,-118.14093,33.6878,0.0,120.8,256.0,INGRID,IMO9529956,ONHY,80.0,33.68781,-118.14092,2025-01-01 20:52:14+00:00,180.0,1.4456757225198738,0.0156120127581279,False,False,False,True
205670000,2025-01-01 20:58:14+00:00,-118.14096,33.68771,0.0,201.9,256.0,INGRID,IMO9529956,ONHY,80.0,33.6878,-118.14093,2025-01-01 20:55:14+00:00,180.0,10.362818665464095,0.1119092301926429,False,False,False,True
205670000,2025-01-01 21:01:14+00:00,-118.14093,33.68769,0.0,154.5,257.0,INGRID,IMO9529956,ONHY,80.0,33.68771,-118.14096,2025-01-01 20:58:14+00:00,180.0,3.557886940601841,0.0384220163923304,False,False,False,True
205670000,2025-01-01 21:04:14+00:00,-118.14089,33.68771,0.0,28.4,258.0,INGRID,IMO9529956,ONHY,80.0,33.68769,-118.14093,2025-01-01 21:01:14+00:00,180.0,4.321649318568927,0.0466699711744834,False,False,False,True
205670000,2025-01-01 21:07:14+00:00,-118.14086,33.6877,0.0,23.7,259.0,INGRID,IMO9529956,ONHY,80.0,33.68771,-118.14089,2025-01-01 21:04:14+00:00,180.0,2.9946285965842,0.0323393269510235,False,False,False,True
205670000,2025-01-01 21:10:14+00:00,-118.14091,33.68764,0.0,205.6,259.0,INGRID,IMO9529956,ONHY,80.0,33.6877,-118.14086,2025-01-01 21:07:14+00:00,180.0,8.110629009058496,0.0875875838498237,False,False,False,True
205670000,2025-01-01 21:13:14+00:00,-118.14087,33.68765,0.0,215.5,260.0,INGRID,IMO9529956,ONHY,80.0,33.68764,-118.14091,2025-01-01 21:10:14+00:00,180.0,3.871164190030502,0.0418051322174938,False,False,False,True
205670000,2025-01-01 21:16:14+00:00,-118.14089,33.68765,0.0,256.0,260.0,INGRID,IMO9529956,ONHY,80.0,33.68765,-118.14087,2025-01-01 21:13:14+00:00,180.0,1.8544310372561423,0.0200262068192221,False,False,False,True
205670000,2025-01-01 21:19:14+00:00,-118.1409,33.68767,0.0,272.7,259.0,INGRID,IMO9529956,ONHY,80.0,33.68765,-118.14089,2025-01-01 21:16:14+00:00,180.0,2.4043167899668445,0.0259644841611619,False,False,False,True
205670000,2025-01-01 21:22:14+00:00,-118.14093,33.68763,0.0,227.8,260.0,INGRID,IMO9529956,ONHY,80.0,33.68767,-118.1409,2025-01-01 21:19:14+00:00,180.0,5.236563828860479,0.0565502346282897,False,False,False,True
205670000,2025-01-01 21:25:14+00:00,-118.14094,33.68765,0.0,229.9,260.0,INGRID,IMO9529956,ONHY,80.0,33.68763,-118.14093,2025-01-01 21:22:14+00:00,180.0,2.404316867553405,0.0259644849990278,False,False,False,True
205670000,2025-01-01 21:28:14+00:00,-118.14096,33.68765,0.0,235.7,260.0,INGRID,IMO9529956,ONHY,80.0,33.68765,-118.14094,2025-01-01 21:25:14+00:00,180.0,1.8544310385737943,0.0200262068334515,False,False,False,True
205670000,2025-01-01 21:31:14+00:00,-118.14099,33.68765,0.0,261.5,261.0,INGRID,IMO9529956,ONHY,80.0,33.68765,-118.14096,2025-01-01 21:28:14+00:00,180.0,2.781646556543033,0.0300393102359478,False,False,False,True
205670000,2025-01-01 21:34:14+00:00,-118.14095,33.68768,0.0,332.7,261.0,INGRID,IMO9529956,ONHY,80.0,33.68765,-118.14099,2025-01-01 21:31:14+00:00,180.0,4.982763033794919,0.0538094116422884,False,False,False,True
205670000,2025-01-01 21:37:14+00:00,-118.14092,33.68769,0.0,48.3,261.0,INGRID,IMO9529956,ONHY,80.0,33.68768,-118.14095,2025-01-01 21:34:14+00:00,180.0,2.994629194200155,0.0323393334047446,False,False,False,True
205670000,2025-01-01 21:40:14+00:00,-118.14087,33.68768,0.0,64.1,260.0,INGRID,IMO9529956,ONHY,80.0,33.68769,-118.14092,2025-01-01 21:37:14+00:00,180.0,4.766912075014494,0.0514784131549787,False,False,False,True
205670000,2025-01-01 21:43:14+00:00,-118.14086,33.68768,0.0,112.8,259.0,INGRID,IMO9529956,ONHY,80.0,33.68768,-118.14087,2025-01-01 21:40:14+00:00,180.0,0.92721519716015,0.0100130999380432,False,False,False,True
205670000,2025-01-01 21:46:14+00:00,-118.14077,33.68768,0.0,174.6,257.0,INGRID,IMO9529956,ONHY,80.0,33.68768,-118.14086,2025-01-01 21:43:14+00:00,180.0,8.344936771805788,0.0901178994139275,False,False,False,True
205670000,2025-01-01 21:52:14+00:00,-118.1408,33.6876,0.0,215.9,258.0,INGRID,IMO9529956,ONHY,80.0,33.68768,-118.14077,2025-01-01 21:46:14+00:00,360.0,9.299125322390942,0.0502111437963233,False,False,False,True
205670000,2025-01-01 21:55:14+00:00,-118.14078,33.68755,0.0,199.0,259.0,INGRID,IMO9529956,ONHY,80.0,33.6876,-118.1408,2025-01-01 21:52:14+00:00,180.0,5.847669379329829,0.0631496313684249,False,False,False,True
205670000,2025-01-01 21:58:14+00:00,-118.14075,33.68744,0.0,175.3,261.0,INGRID,IMO9529956,ONHY,80.0,33.68755,-118.14078,2025-01-01 21:55:14+00:00,180.0,12.513918425270315,0.1351391955098747,False,False,False,True
205670000,2025-01-01 22:01:14+00:00,-118.14069,33.68739,0.0,158.5,263.0,INGRID,IMO9529956,ONHY,80.0,33.68744,-118.14075,2025-01-01 21:58:14+00:00,180.0,7.855362107290672,0.0848309282146438,False,False,False,True
205670000,2025-01-01 22:04:14+00:00,-118.1407,33.68737,0.0,185.2,266.0,INGRID,IMO9529956,ONHY,80.0,33.68739,-118.14069,2025-01-01 22:01:14+00:00,180.0,2.4043178556821987,0.0259644956699404,False,False,False,True
205670000,2025-01-01 22:07:14+00:00,-118.14074,33.68734,0.0,232.6,267.0,INGRID,IMO9529956,ONHY,80.0,33.68737,-118.1407,2025-01-01 22:04:14+00:00,180.0,4.982772832772681,0.053809517462538,False,False,False,True
205670000,2025-01-01 22:10:14+00:00,-118.14083,33.68733,0.0,256.1,268.0,INGRID,IMO9529956,ONHY,80.0,33.68734,-118.14074,2025-01-01 22:07:14+00:00,180.0,8.418359623857091,0.0909108009513242,False,False,False,True
205670000,2025-01-01 22:13:14+00:00,-118.14086,33.6873,0.0,195.6,269.0,INGRID,IMO9529956,ONHY,80.0,33.68733,-118.14083,2025-01-01 22:10:14+00:00,180.0,4.337037086712289,0.0468361453924156,False,False,False,True
205670000,2025-01-01 22:16:14+00:00,-118.14087,33.68728,0.0,172.4,271.0,INGRID,IMO9529956,ONHY,80.0,33.6873,-118.14086,2025-01-01 22:13:14+00:00,180.0,2.404318201109384,0.025964499400247,False,False,False,True
205670000,2025-01-01 22:19:14+00:00,-118.14084,33.68733,0.0,95.0,271.0,INGRID,IMO9529956,ONHY,80.0,33.68728,-118.14087,2025-01-01 22:16:14+00:00,180.0,6.204347945660808,0.067001442837185,False,False,False,True
205670000,2025-01-01 22:22:14+00:00,-118.1408,33.68733,0.0,40.0,270.0,INGRID,IMO9529956,ONHY,80.0,33.68733,-118.14084,2025-01-01 22:19:14+00:00,180.0,3.708875819841143,0.0400525620757778,False,False,False,True
205670000,2025-01-01 22:25:14+00:00,-118.14075,33.68735,0.0,326.7,268.0,INGRID,IMO9529956,ONHY,80.0,33.68733,-118.1408,2025-01-01 22:22:14+00:00,180.0,5.139492200278601,0.0555019473254975,False,False,False,True
205670000,2025-01-01 22:28:14+00:00,-118.14075,33.68738,0.0,297.4,267.0,INGRID,IMO9529956,ONHY,80.0,33.68735,-118.14075,2025-01-01 22:25:14+00:00,180.0,3.3275025557737687,0.0359340698223071,False,False,False,True
205670000,2025-01-01 22:31:14+00:00,-118.14077,33.68738,0.0,261.5,266.0,INGRID,IMO9529956,ONHY,80.0,33.68738,-118.14075,2025-01-01 22:28:14+00:00,180.0,1.854436836832351,0.0200262694494899,False,False,False,True
205670000,2025-01-01 22:34:14+00:00,-118.1408,33.68738,0.0,250.7,267.0,INGRID,IMO9529956,ONHY,80.0,33.68738,-118.14077,2025-01-01 22:31:14+00:00,180.0,2.781655253930864,0.0300394041600053,False,False,False,True
205670000,2025-01-01 22:37:14+00:00,-118.1408,33.68742,0.0,305.6,268.0,INGRID,IMO9529956,ONHY,80.0,33.68738,-118.1408,2025-01-01 22:34:14+00:00,180.0,4.436670100416615,0.0479120933777435,False,False,False,True
205670000,2025-01-01 22:40:14+00:00,-118.14082,33.68745,0.0,320.6,267.0,INGRID,IMO9529956,ONHY,80.0,33.68742,-118.1408,2025-01-01 22:37:14+00:00,180.0,3.809357570763885,0.0411376756686314,False,False,False,True
205670000,2025-01-01 22:43:14+00:00,-118.14083,33.6875,0.0,331.1,265.0,INGRID,IMO9529956,ONHY,80.0,33.68745,-118.14082,2025-01-01 22:40:14+00:00,180.0,5.622814937939479,0.0607214032720237,False,False,False,True
205670000,2025-01-01 22:46:14+00:00,-118.14084,33.68752,0.0,324.3,264.0,INGRID,IMO9529956,ONHY,80.0,33.6875,-118.14083,2025-01-01 22:43:14+00:00,180.0,2.404317361796135,0.0259644903364099,False,False,False,True
205670000,2025-01-01 22:52:14+00:00,-118.14082,33.68759,0.0,347.4,263.0,INGRID,IMO9529956,ONHY,80.0,33.68752,-118.14084,2025-01-01 22:46:14+00:00,360.0,7.982562394482346,0.043102289124696,False,False,False,True
205670000,2025-01-01 22:55:14+00:00,-118.14079,33.68765,0.0,321.2,261.0,INGRID,IMO9529956,ONHY,80.0,33.68759,-118.14082,2025-01-01 22:52:14+00:00,180.0,7.212950828708729,0.0778934574382065,False,False,False,True
205670000,2025-01-01 22:58:14+00:00,-118.14083,33.68766,0.0,302.6,260.0,INGRID,IMO9529956,ONHY,80.0,33.68765,-118.14079,2025-01-01 22:55:14+00:00,180.0,3.8711637777783214,0.0418051277655367,False,False,False,True
205670000,2025-01-01 23:01:14+00:00,-118.14083,33.68767,0.0,257.8,259.0,INGRID,IMO9529956,ONHY,80.0,33.68766,-118.14083,2025-01-01 22:58:14+00:00,180.0,1.1091675722473884,0.0119780238535409,False,False,False,True
205670000,2025-01-01 23:04:14+00:00,-118.14081,33.68766,0.0,170.8,259.0,INGRID,IMO9529956,ONHY,80.0,33.68767,-118.14083,2025-01-01 23:01:14+00:00,180.0,2.1608253017939054,0.0233349925257725,False,False,False,True
205670000,2025-01-01 23:07:14+00:00,-118.14079,33.68765,0.0,188.1,260.0,INGRID,IMO9529956,ONHY,80.0,33.68766,-118.14081,2025-01-01 23:04:14+00:00,180.0,2.160825485719988,0.0233349945120107,False,False,False,True
205670000,2025-01-01 23:10:14+00:00,-118.14082,33.68762,0.0,249.1,261.0,INGRID,IMO9529956,ONHY,80.0,33.68765,-118.14079,2025-01-01 23:07:14+00:00,180.0,4.337030607437431,0.0468360754220065,False,False,False,True
205670000,2025-01-01 23:13:14+00:00,-118.14083,33.68762,0.0,277.9,261.0,INGRID,IMO9529956,ONHY,80.0,33.68762,-118.14082,2025-01-01 23:10:14+00:00,180.0,0.9272158400957388,0.0100131068811761,False,False,False,True
205670000,2025-01-01 23:16:14+00:00,-118.14085,33.68764,0.0,301.8,260.0,INGRID,IMO9529956,ONHY,80.0,33.68762,-118.14083,2025-01-01 23:13:14+00:00,180.0,2.8913538052139844,0.0312240510040397,False,False,False,True
205670000,2025-01-01 23:19:14+00:00,-118.14084,33.68766,0.0,303.0,259.0,INGRID,IMO9529956,ONHY,80.0,33.68764,-118.14085,2025-01-01 23:16:14+00:00,180.0,2.4043168285844025,0.0259644845781972,False,False,False,True
205670000,2025-01-01 23:25:14+00:00,-118.14085,33.68768,0.0,208.3,259.0,INGRID,IMO9529956,ONHY,80.0,33.68766,-118.14084,2025-01-01 23:19:14+00:00,360.0,2.404316752055856,0.0129822418758784,False,False,False,True
205670000,2025-01-01 23:28:14+00:00,-118.14084,33.6877,0.0,305.2,259.0,INGRID,IMO9529956,ONHY,80.0,33.68768,-118.14085,2025-01-01 23:25:14+00:00,180.0,2.4043166755296186,0.0259644829253416,False,False,False,True
205670000,2025-01-01 23:31:14+00:00,-118.1408,33.68767,0.0,173.2,258.0,INGRID,IMO9529956,ONHY,80.0,33.6877,-118.14084,2025-01-01 23:28:14+00:00,180.0,4.982762401590587,0.0538094048150435,False,False,False,True
205670000,2025-01-01 23:34:14+00:00,-118.14085,33.68768,0.0,258.7,258.0,INGRID,IMO9529956,ONHY,80.0,33.68767,-118.1408,2025-01-01 23:31:14+00:00,180.0,4.766912598758436,0.0514784188109477,False,False,False,True
205670000,2025-01-01 23:37:14+00:00,-118.14087,33.68768,0.0,240.5,258.0,INGRID,IMO9529956,ONHY,80.0,33.68768,-118.14085,2025-01-01 23:34:14+00:00,180.0,1.854430394320298,0.0200261998760864,False,False,False,True
205670000,2025-01-01 23:40:14+00:00,-118.14085,33.68767,0.0,270.2,258.0,INGRID,IMO9529956,ONHY,80.0,33.68768,-118.14087,2025-01-01 23:37:14+00:00,180.0,2.1608251192796004,0.0233349905547803,False,False,False,True
205670000,2025-01-01 23:43:14+00:00,-118.14085,33.68768,0.0,221.3,259.0,INGRID,IMO9529956,ONHY,80.0,33.68767,-118.14085,2025-01-01 23:40:14+00:00,180.0,1.109167575320872,0.0119780238867318,False,False,False,True
205670000,2025-01-01 23:46:14+00:00,-118.14086,33.68769,0.0,167.7,259.0,INGRID,IMO9529956,ONHY,80.0,33.68768,-118.14085,2025-01-01 23:43:14+00:00,180.0,1.445676530884075,0.0156120214877427,False,False,False,True
205670000,2025-01-01 23:49:14+00:00,-118.14085,33.68769,0.0,190.7,259.0,INGRID,IMO9529956,ONHY,80.0,33.68769,-118.14086,2025-01-01 23:46:14+00:00,180.0,0.9272150897845104,0.0100130987784817,False,False,False,True
205670000,2025-01-01 23:55:14+00:00,-118.14083,33.68773,0.0,18.9,258.0,INGRID,IMO9529956,ONHY,80.0,33.68769,-118.14085,2025-01-01 23:49:14+00:00,360.0,4.808633200130373,0.0259644821103928,False,False,False,True
205670000,2025-01-01 23:58:14+00:00,-118.14089,33.6877,0.0,299.3,258.0,INGRID,IMO9529956,ONHY,80.0,33.68773,-118.14083,2025-01-01 23:55:14+00:00,180.0,6.482473154242827,0.0700049478674632,False,False,False,True
205700000,2025-01-01 00:02:14+00:00,-90.14201,29.93946,0.1,260.6,1.0,LA STELLA,IMO9748368,ONIS,70.0,,,,,,,False,False,False,False
205700000,2025-01-01 00:05:14+00:00,-90.14203,29.93946,0.1,262.0,1.0,LA STELLA,IMO9748368,ONIS,70.0,29.93946,-90.14201,2025-01-01 00:02:14+00:00,180.0,1.930895819887044,0.0208519585029401,False,False,False,True
205700000,2025-01-01 00:08:14+00:00,-90.14201,29.93946,0.0,271.9,1.0,LA STELLA,IMO9748368,ONIS,70.0,29.93946,-90.14203,2025-01-01 00:05:14+00:00,180.0,1.930895819887044,0.0208519585029401,False,False,False,True
205700000,2025-01-01 00:11:14+00:00,-90.14201,29.93947,0.1,199.0,1.0,LA STELLA,IMO9748368,ONIS,70.0,29.93946,-90.14201,2025-01-01 00:08:14+00:00,180.0,1.1085142288803231,0.0119709683259262,False,False,False,True
205700000,2025-01-01 00:14:14+00:00,-90.14205,29.93945,0.1,196.5,1.0,LA STELLA,IMO9748368,ONIS,70.0,29.93947,-90.14201,2025-01-01 00:11:14+00:00,180.0,4.452937212974366,0.0480877637337116,False,False,False,True
205700000,2025-01-01 00:17:14+00:00,-90.14206,29.93946,0.1,201.9,1.0,LA STELLA,IMO9748368,ONIS,70.0,29.93945,-90.14205,2025-01-01 00:14:14+00:00,180.0,1.469997807180289,0.0158746696528296,False,False,False,True
205700000,2025-01-01 00:20:14+00:00,-90.14204,29.93947,0.1,200.2,1.0,LA STELLA,IMO9748368,ONIS,70.0,29.93946,-90.14206,2025-01-01 00:17:14+00:00,180.0,2.226468523174294,0.0240438809671506,False,False,False,True
205700000,2025-01-01 00:23:14+00:00,-90.14201,29.93948,0.0,255.2,1.0,LA STELLA,IMO9748368,ONIS,70.0,29.93947,-90.14204,2025-01-01 00:20:14+00:00,180.0,3.101226898285369,0.0334904938553501,False,False,False,True
205700000,2025-01-01 00:26:14+00:00,-90.14204,29.93947,0.0,233.0,1.0,LA STELLA,IMO9748368,ONIS,70.0,29.93948,-90.14201,2025-01-01 00:23:14+00:00,180.0,3.101226898285369,0.0334904938553501,False,False,False,True
205700000,2025-01-01 00:29:14+00:00,-90.14199,29.93947,0.1,211.5,1.0,LA STELLA,IMO9748368,ONIS,70.0,29.93947,-90.14204,2025-01-01 00:26:14+00:00,180.0,4.827239064178424,0.0521298910139588,False,False,False,True
205700000,2025-01-01 00:32:14+00:00,-90.142,29.93949,0.1,213.2,1.0,LA STELLA,IMO9748368,ONIS,70.0,29.93947,-90.14199,2025-01-01 00:29:14+00:00,180.0,2.418120033700219,0.0261135469239324,False,False,False,True
205700000,2025-01-01 00:35:14+00:00,-90.14201,29.93944,0.1,218.2,1.0,LA STELLA,IMO9748368,ONIS,70.0,29.93949,-90.142,2025-01-01 00:32:14+00:00,180.0,5.626027415329832,0.0607560951723041,False,False,False,True
205700000,2025-01-01 00:38:14+00:00,-90.14194,29.93933,0.1,204.1,1.0,LA STELLA,IMO9748368,ONIS,70.0,29.93944,-90.14201,2025-01-01 00:35:14+00:00,180.0,13.941223686216,0.1505528236123006,False,False,False,True
205700000,2025-01-01 00:41:14+00:00,-90.14202,29.93944,0.1,274.9,1.0,LA STELLA,IMO9748368,ONIS,70.0,29.93933,-90.14194,2025-01-01 00:38:14+00:00,180.0,14.433955931797769,0.1558738938803654,False,False,False,True
205700000,2025-01-01 00:44:14+00:00,-90.14203,29.93943,0.1,258.0,1.0,LA STELLA,IMO9748368,ONIS,70.0,29.93944,-90.14202,2025-01-01 00:41:14+00:00,180.0,1.4699979317709884,0.0158746709982984,False,False,False,True
205700000,2025-01-01 00:47:14+00:00,-90.14199,29.93943,0.0,263.7,1.0,LA STELLA,IMO9748368,ONIS,70.0,29.93943,-90.14203,2025-01-01 00:44:14+00:00,180.0,3.861792797109828,0.0417039295040776,False,False,False,True
205700000,2025-01-01 00:50:14+00:00,-90.14198,29.93941,0.1,168.9,1.0,LA STELLA,IMO9748368,ONIS,70.0,29.93943,-90.14199,2025-01-01 00:47:14+00:00,180.0,2.4181202474375243,0.0261135492321053,False,False,False,True
205700000,2025-01-01 00:53:14+00:00,-90.14202,29.93947,0.1,264.6,1.0,LA STELLA,IMO9748368,ONIS,70.0,29.93941,-90.14198,2025-01-01 00:50:14+00:00,180.0,7.690928224140171,0.0830551884400701,False,False,False,True
205700000,2025-01-01 00:56:14+00:00,-90.14199,29.93946,0.1,263.1,1.0,LA STELLA,IMO9748368,ONIS,70.0,29.93947,-90.14202,2025-01-01 00:53:14+00:00,180.0,3.101227169006537,0.0334904967788981,False,False,False,True
205700000,2025-01-01 00:59:14+00:00,-90.142,29.93942,0.1,309.9,1.0,LA STELLA,IMO9748368,ONIS,70.0,29.93946,-90.14199,2025-01-01 00:56:14+00:00,180.0,4.537945641090812,0.049005779194322,False,False,False,True
205700000,2025-01-01 01:02:14+00:00,-90.14197,29.93944,0.1,259.5,1.0,LA STELLA,IMO9748368,ONIS,70.0,29.93942,-90.142,2025-01-01 00:59:14+00:00,180.0,3.647468596783277,0.0393894186509511,False,False,False,True
205700000,2025-01-01 01:05:14+00:00,-90.14198,29.93946,0.1,282.7,1.0,LA STELLA,IMO9748368,ONIS,70.0,29.93944,-90.14197,2025-01-01 01:02:14+00:00,180.0,2.418120141981219,0.0261135480932709,False,False,False,True
205700000,2025-01-01 01:08:14+00:00,-90.142,29.93946,0.0,260.0,1.0,LA STELLA,IMO9748368,ONIS,70.0,29.93946,-90.14198,2025-01-01 01:05:14+00:00,180.0,1.9308958185150595,0.0208519584881239,False,False,False,True
205700000,2025-01-01 01:11:14+00:00,-90.14203,29.93948,0.1,306.0,1.0,LA STELLA,IMO9748368,ONIS,70.0,29.93946,-90.142,2025-01-01 01:08:14+00:00,180.0,3.6474676841724287,0.0393894087955651,False,False,False,True
205700000,2025-01-01 01:14:14+00:00,-90.14201,29.93945,0.1,281.6,1.0,LA STELLA,IMO9748368,ONIS,70.0,29.93948,-90.14203,2025-01-01 01:11:14+00:00,180.0,3.845463880137949,0.0415275917153741,False,False,False,True
205700000,2025-01-01 01:20:14+00:00,-90.14198,29.93945,0.1,180.0,1.0,LA STELLA,IMO9748368,ONIS,70.0,29.93945,-90.14201,2025-01-01 01:14:14+00:00,360.0,2.8963440181356,0.0156389704339241,False,False,False,True
205700000,2025-01-01 01:23:14+00:00,-90.14201,29.93945,0.0,180.0,1.0,LA STELLA,IMO9748368,ONIS,70.0,29.93945,-90.14198,2025-01-01 01:20:14+00:00,180.0,2.8963440181356,0.0312779408678483,False,False,False,True
205700000,2025-01-01 01:26:14+00:00,-90.14204,29.93948,0.0,260.0,1.0,LA STELLA,IMO9748368,ONIS,70.0,29.93945,-90.14201,2025-01-01 01:23:14+00:00,180.0,4.4099932330634894,0.0476240069231007,False,False,False,True
205700000,2025-01-01 01:29:14+00:00,-90.14202,29.93944,0.0,260.0,1.0,LA STELLA,IMO9748368,ONIS,70.0,29.93948,-90.14204,2025-01-01 01:26:14+00:00,180.0,4.836240211186966,0.0522270954006315,False,False,False,True
205700000,2025-01-01 01:32:14+00:00,-90.14204,29.93949,0.0,260.0,1.0,LA STELLA,IMO9748368,ONIS,70.0,29.93944,-90.14202,2025-01-01 01:29:14+00:00,180.0,5.869280466206767,0.0633830118968409,False,False,False,True
205700000,2025-01-01 01:35:14+00:00,-90.14202,29.93948,0.0,260.0,1.0,LA STELLA,IMO9748368,ONIS,70.0,29.93949,-90.14204,2025-01-01 01:32:14+00:00,180.0,2.226468189920693,0.0240438773683079,False,False,False,True
205700000,2025-01-01 01:38:14+00:00,-90.14202,29.93947,0.0,260.0,1.0,LA STELLA,IMO9748368,ONIS,70.0,29.93948,-90.14202,2025-01-01 01:35:14+00:00,180.0,1.108514231206837,0.0119709683510505,False,False,False,True
205700000,2025-01-01 01:41:14+00:00,-90.14204,29.93948,0.0,260.0,1.0,LA STELLA,IMO9748368,ONIS,70.0,29.93947,-90.14202,2025-01-01 01:38:14+00:00,180.0,2.226468356547156,0.0240438791677256,False,False,False,True
205700000,2025-01-01 01:44:14+00:00,-90.14199,29.93947,0.0,260.0,1.0,LA STELLA,IMO9748368,ONIS,70.0,29.93948,-90.14204,2025-01-01 01:41:14+00:00,180.0,4.952881832682899,0.0534867212313462,False,False,False,True
205700000,2025-01-01 01:47:14+00:00,-90.14198,29.93945,0.0,260.0,1.0,LA STELLA,IMO9748368,ONIS,70.0,29.93947,-90.14199,2025-01-01 01:44:14+00:00,180.0,2.418120104004267,0.0261135476831536,False,False,False,True
205700000,2025-01-01 01:50:14+00:00,-90.14197,29.93945,0.0,260.0,1.0,LA STELLA,IMO9748368,ONIS,70.0,29.93945,-90.14198,2025-01-01 01:47:14+00:00,180.0,0.9654480065025306,0.0104259802942215,False,False,False,True
205700000,2025-01-01 01:53:14+00:00,-90.14197,29.93947,0.0,260.0,1.0,LA STELLA,IMO9748368,ONIS,70.0,29.93945,-90.14197,2025-01-01 01:50:14+00:00,180.0,2.217028456139714,0.0239419366343478,False,False,False,True
205700000,2025-01-01 01:56:14+00:00,-90.142,29.93949,0.0,260.0,1.0,LA STELLA,IMO9748368,ONIS,70.0,29.93947,-90.14197,2025-01-01 01:53:14+00:00,180.0,3.647467456107215,0.0393894063326636,False,False,False,True
205700000,2025-01-01 01:59:14+00:00,-90.142,29.93946,0.0,260.0,1.0,LA STELLA,IMO9748368,ONIS,70.0,29.93949,-90.142,2025-01-01 01:56:14+00:00,180.0,3.325542691854704,0.0359129050340824,False,False,False,True
205700000,2025-01-01 02:02:14+00:00,-90.14198,29.93945,0.0,260.0,1.0,LA STELLA,IMO9748368,ONIS,70.0,29.93946,-90.142,2025-01-01 01:59:14+00:00,180.0,2.226468690506401,0.0240438827741886,False,False,False,True
205700000,2025-01-01 02:05:14+00:00,-90.142,29.93946,0.0,260.0,1.0,LA STELLA,IMO9748368,ONIS,70.0,29.93945,-90.14198,2025-01-01 02:02:14+00:00,180.0,2.226468690506401,0.0240438827741886,False,False,False,True
205700000,2025-01-01 02:08:14+00:00,-90.14199,29.93945,0.0,260.0,1.0,LA STELLA,IMO9748368,ONIS,70.0,29.93946,-90.142,2025-01-01 02:05:14+00:00,180.0,1.469997806121078,0.015874669641391,False,False,False,True
205700000,2025-01-01 02:11:14+00:00,-90.14202,29.93946,0.0,260.0,1.0,LA STELLA,IMO9748368,ONIS,70.0,29.93945,-90.14199,2025-01-01 02:08:14+00:00,180.0,3.101227438314253,0.0334904996871821,False,False,False,True
205700000,2025-01-01 02:14:14+00:00,-90.142,29.93948,0.0,260.0,1.0,LA STELLA,IMO9748368,ONIS,70.0,29.93946,-90.14202,2025-01-01 02:11:14+00:00,180.0,2.939995426588905,0.031749337277892,False,False,False,True
205700000,2025-01-01 02:17:14+00:00,-90.14205,29.93947,0.0,260.0,1.0,LA STELLA,IMO9748368,ONIS,70.0,29.93948,-90.142,2025-01-01 02:14:14+00:00,180.0,4.952881833742368,0.0534867212427875,False,False,False,True
205700000,2025-01-01 02:20:14+00:00,-90.14202,29.93947,0.0,260.0,1.0,LA STELLA,IMO9748368,ONIS,70.0,29.93947,-90.14205,2025-01-01 02:17:14+00:00,180.0,2.896343438781466,0.0312779346113386,False,False,False,True
205700000,2025-01-01 02:23:14+00:00,-90.14199,29.93948,0.0,226.4,1.0,LA STELLA,IMO9748368,ONIS,70.0,29.93947,-90.14202,2025-01-01 02:20:14+00:00,180.0,3.101226898285369,0.0334904938553501,False,False,False,True
205700000,2025-01-01 02:26:14+00:00,-90.14201,29.93948,0.0,226.4,1.0,LA STELLA,IMO9748368,ONIS,70.0,29.93948,-90.14199,2025-01-01 02:23:14+00:00,180.0,1.9308954322788527,0.0208519543171162,False,False,False,True
205700000,2025-01-01 02:29:14+00:00,-90.14202,29.93945,0.0,226.4,1.0,LA STELLA,IMO9748368,ONIS,70.0,29.93948,-90.14201,2025-01-01 02:26:14+00:00,180.0,3.4628490775652305,0.0373956919496355,False,False,False,True
205700000,2025-01-01 02:32:14+00:00,-90.142,29.93944,0.0,226.4,1.0,LA STELLA,IMO9748368,ONIS,70.0,29.93945,-90.14202,2025-01-01 02:29:14+00:00,180.0,2.2264688581928738,0.0240438845850535,False,False,False,True
205700000,2025-01-01 02:35:14+00:00,-90.14201,29.93947,0.0,226.4,1.0,LA STELLA,IMO9748368,ONIS,70.0,29.93944,-90.142,2025-01-01 02:32:14+00:00,180.0,3.4628491001808768,0.0373956921938644,False,False,False,True
205700000,2025-01-01 02:38:14+00:00,-90.14201,29.93944,0.0,226.4,1.0,LA STELLA,IMO9748368,ONIS,70.0,29.93947,-90.14201,2025-01-01 02:35:14+00:00,180.0,3.325542682483755,0.0359129049328845,False,False,False,True
205700000,2025-01-01 02:41:14+00:00,-90.14201,29.93945,0.0,226.4,1.0,LA STELLA,IMO9748368,ONIS,70.0,29.93944,-90.14201,2025-01-01 02:38:14+00:00,180.0,1.108514226697404,0.0119709683023526,False,False,False,True
205700000,2025-01-01 02:44:14+00:00,-90.14204,29.93946,0.0,226.4,1.0,LA STELLA,IMO9748368,ONIS,70.0,29.93945,-90.14201,2025-01-01 02:41:14+00:00,180.0,3.101227438314253,0.0334904996871821,False,False,False,True
205700000,2025-01-01 02:47:14+00:00,-90.142,29.93945,0.0,226.4,1.0,LA STELLA,IMO9748368,ONIS,70.0,29.93946,-90.14204,2025-01-01 02:44:14+00:00,180.0,4.017740651621893,0.0433880277124927,False,False,False,True
205700000,2025-01-01 02:50:14+00:00,-90.14202,29.93947,0.1,263.7,1.0,LA STELLA,IMO9748368,ONIS,70.0,29.93945,-90.142,2025-01-01 02:47:14+00:00,180.0,2.939995550475238,0.0317493386157543,False,False,False,True
205700000,2025-01-01 02:53:14+00:00,-90.14204,29.93945,0.0,259.4,1.0,LA STELLA,IMO9748368,ONIS,70.0,29.93947,-90.14202,2025-01-01 02:50:14+00:00,180.0,2.93999554976999,0.0317493386081383,False,False,False,True
205700000,2025-01-01 02:56:14+00:00,-90.14203,29.93947,0.0,259.4,1.0,LA STELLA,IMO9748368,ONIS,70.0,29.93945,-90.14204,2025-01-01 02:53:14+00:00,180.0,2.418120104710836,0.0261135476907839,False,False,False,True
205700000,2025-01-01 02:59:14+00:00,-90.14202,29.93946,0.0,239.4,1.0,LA STELLA,IMO9748368,ONIS,70.0,29.93947,-90.14203,2025-01-01 02:56:14+00:00,180.0,1.4699977443539969,0.0158746689743615,False,False,False,True
205700000,2025-01-01 03:02:14+00:00,-90.14201,29.93945,0.0,249.9,1.0,LA STELLA,IMO9748368,ONIS,70.0,29.93946,-90.14202,2025-01-01 02:59:14+00:00,180.0,1.469997807180289,0.0158746696528296,False,False,False,True
205700000,2025-01-01 03:23:14+00:00,-90.14201,29.93949,0.1,233.7,1.0,LA STELLA,IMO9748368,ONIS,70.0,29.93945,-90.14201,2025-01-01 03:02:14+00:00,1260.0,4.434056919467728,0.006840553335189,False,False,True,True
205700000,2025-01-01 03:26:14+00:00,-90.142,29.93946,0.1,256.7,1.0,LA STELLA,IMO9748368,ONIS,70.0,29.93949,-90.14201,2025-01-01 03:23:14+00:00,180.0,3.4628490556577587,0.0373956917130543,False,False,False,True
205700000,2025-01-01 03:29:14+00:00,-90.14201,29.93944,0.1,228.2,1.0,LA STELLA,IMO9748368,ONIS,70.0,29.93946,-90.142,2025-01-01 03:26:14+00:00,180.0,2.418120141981219,0.0261135480932709,False,False,False,True
205700000,2025-01-01 03:32:14+00:00,-90.14201,29.93948,0.1,234.4,1.0,LA STELLA,IMO9748368,ONIS,70.0,29.93944,-90.14201,2025-01-01 03:29:14+00:00,180.0,4.434056913690793,0.0478838732839372,False,False,False,True
205700000,2025-01-01 03:35:14+00:00,-90.14202,29.93949,0.1,234.2,1.0,LA STELLA,IMO9748368,ONIS,70.0,29.93948,-90.14201,2025-01-01 03:32:14+00:00,180.0,1.4699976204677718,0.0158746676365004,False,False,False,True
205700000,2025-01-01 03:38:14+00:00,-90.14204,29.93944,0.0,230.8,1.0,LA STELLA,IMO9748368,ONIS,70.0,29.93949,-90.14202,2025-01-01 03:35:14+00:00,180.0,5.869280466206767,0.0633830118968409,False,False,False,True
205700000,2025-01-01 03:44:14+00:00,-90.142,29.93945,0.1,226.1,1.0,LA STELLA,IMO9748368,ONIS,70.0,29.93944,-90.14204,2025-01-01 03:38:14+00:00,360.0,4.017741022530996,0.0216940158589907,False,False,False,True
205700000,2025-01-01 03:47:14+00:00,-90.14203,29.93945,0.1,230.4,1.0,LA STELLA,IMO9748368,ONIS,70.0,29.93945,-90.142,2025-01-01 03:44:14+00:00,180.0,2.8963440195075845,0.0312779408826645,False,False,False,True
205700000,2025-01-01 03:50:14+00:00,-90.14204,29.93949,0.1,240.4,1.0,LA STELLA,IMO9748368,ONIS,70.0,29.93945,-90.14203,2025-01-01 03:47:14+00:00,180.0,4.537945596065715,0.0490057787080909,False,False,False,True
205700000,2025-01-01 03:56:14+00:00,-90.14202,29.93946,0.1,189.5,1.0,LA STELLA,IMO9748368,ONIS,70.0,29.93949,-90.14204,2025-01-01 03:50:14+00:00,360.0,3.845463786730078,0.0207637953533261,False,False,False,True
205700000,2025-01-01 03:59:14+00:00,-90.14201,29.93948,0.1,188.7,1.0,LA STELLA,IMO9748368,ONIS,70.0,29.93946,-90.14202,2025-01-01 03:56:14+00:00,180.0,2.418120069911972,0.0261135473149871,False,False,False,True
205700000,2025-01-01 04:02:14+00:00,-90.14204,29.93948,0.1,212.8,1.0,LA STELLA,IMO9748368,ONIS,70.0,29.93948,-90.14201,2025-01-01 03:59:14+00:00,180.0,2.8963431491042657,0.0312779314830824,False,False,False,True
205700000,2025-01-01 04:05:14+00:00,-90.14201,29.93946,0.1,262.4,1.0,LA STELLA,IMO9748368,ONIS,70.0,29.93948,-90.14204,2025-01-01 04:02:14+00:00,180.0,3.64746768275968,0.0393894087803087,False,False,False,True
205700000,2025-01-01 04:08:14+00:00,-90.14204,29.93948,0.1,187.9,1.0,LA STELLA,IMO9748368,ONIS,70.0,29.93946,-90.14201,2025-01-01 04:05:14+00:00,180.0,3.64746768275968,0.0393894087803087,False,False,False,True
205700000,2025-01-01 04:11:14+00:00,-90.14204,29.93948,0.1,243.3,1.0,LA STELLA,IMO9748368,ONIS,70.0,29.93948,-90.14204,2025-01-01 04:08:14+00:00,180.0,0.0,0.0,False,False,False,True
205700000,2025-01-01 04:14:14+00:00,-90.14201,29.93947,0.1,244.9,1.0,LA STELLA,IMO9748368,ONIS,70.0,29.93948,-90.14204,2025-01-01 04:11:14+00:00,180.0,3.101226898285369,0.0334904938553501,False,False,False,True
205700000,2025-01-01 04:17:14+00:00,-90.14202,29.93945,0.1,249.5,1.0,LA STELLA,IMO9748368,ONIS,70.0,29.93947,-90.14201,2025-01-01 04:14:14+00:00,180.0,2.418120104004267,0.0261135476831536,False,False,False,True
205700000,2025-01-01 04:20:14+00:00,-90.14199,29.93942,0.1,252.5,1.0,LA STELLA,IMO9748368,ONIS,70.0,29.93945,-90.14202,2025-01-01 04:17:14+00:00,180.0,4.409993793903047,0.0476240129796694,False,False,False,True
205700000,2025-01-01 04:23:14+00:00,-90.14195,29.93949,0.1,253.2,1.0,LA STELLA,IMO9748368,ONIS,70.0,29.93942,-90.14199,2025-01-01 04:20:14+00:00,180.0,8.667457643444763,0.0936008381424092,False,False,False,True
205700000,2025-01-01 04:26:14+00:00,-90.14199,29.93948,0.1,257.4,1.0,LA STELLA,IMO9748368,ONIS,70.0,29.93949,-90.14195,2025-01-01 04:23:14+00:00,180.0,4.017739539955366,0.0433880157074824,False,False,False,True
205700000,2025-01-01 04:29:14+00:00,-90.142,29.93944,0.1,255.3,1.0,LA STELLA,IMO9748368,ONIS,70.0,29.93948,-90.14199,2025-01-01 04:26:14+00:00,180.0,4.537945611426195,0.0490057788739705,False,False,False,True
205700000,2025-01-01 04:32:14+00:00,-90.14202,29.93945,0.0,254.7,1.0,LA STELLA,IMO9748368,ONIS,70.0,29.93944,-90.142,2025-01-01 04:29:14+00:00,180.0,2.2264688581928738,0.0240438845850535,False,False,False,True
205700000,2025-01-01 04:35:14+00:00,-90.142,29.93945,0.0,258.1,1.0,LA STELLA,IMO9748368,ONIS,70.0,29.93945,-90.14202,2025-01-01 04:32:14+00:00,180.0,1.9308960130050596,0.020851960588443,False,False,False,True
205700000,2025-01-01 04:38:14+00:00,-90.14202,29.93947,0.0,253.6,1.0,LA STELLA,IMO9748368,ONIS,70.0,29.93945,-90.142,2025-01-01 04:35:14+00:00,180.0,2.939995550475238,0.0317493386157543,False,False,False,True
205700000,2025-01-01 04:41:14+00:00,-90.14204,29.93946,0.1,257.6,1.0,LA STELLA,IMO9748368,ONIS,70.0,29.93947,-90.14202,2025-01-01 04:38:14+00:00,180.0,2.226468522114619,0.0240438809557071,False,False,False,True
205700000,2025-01-01 04:44:14+00:00,-90.14204,29.93946,0.1,259.3,1.0,LA STELLA,IMO9748368,ONIS,70.0,29.93946,-90.14204,2025-01-01 04:41:14+00:00,180.0,0.0,0.0,False,False,False,True
205700000,2025-01-01 04:47:14+00:00,-90.14202,29.93945,0.0,257.7,1.0,LA STELLA,IMO9748368,ONIS,70.0,29.93946,-90.14204,2025-01-01 04:44:14+00:00,180.0,2.226468690506401,0.0240438827741886,False,False,False,True
205700000,2025-01-01 04:50:14+00:00,-90.14199,29.93945,0.0,257.1,1.0,LA STELLA,IMO9748368,ONIS,70.0,29.93945,-90.14202,2025-01-01 04:47:14+00:00,180.0,2.8963440181356,0.0312779408678483,False,False,False,True
205700000,2025-01-01 04:53:14+00:00,-90.14203,29.93946,0.0,257.1,1.0,LA STELLA,IMO9748368,ONIS,70.0,29.93945,-90.14199,2025-01-01 04:50:14+00:00,180.0,4.017740651621893,0.0433880277124927,False,False,False,True
205700000,2025-01-01 04:56:14+00:00,-90.14199,29.93948,0.0,257.1,1.0,LA STELLA,IMO9748368,ONIS,70.0,29.93946,-90.14203,2025-01-01 04:53:14+00:00,180.0,4.452936879722068,0.048087760134883,False,False,False,True
205700000,2025-01-01 04:59:14+00:00,-90.14203,29.93946,0.0,257.1,1.0,LA STELLA,IMO9748368,ONIS,70.0,29.93948,-90.14199,2025-01-01 04:56:14+00:00,180.0,4.452936879722068,0.048087760134883,False,False,False,True
205700000,2025-01-01 05:02:14+00:00,-90.14201,29.93947,0.0,257.1,1.0,LA STELLA,IMO9748368,ONIS,70.0,29.93946,-90.14203,2025-01-01 04:59:14+00:00,180.0,2.226468523174294,0.0240438809671506,False,False,False,True
205700000,2025-01-01 05:05:14+00:00,-90.14202,29.93946,0.0,257.1,1.0,LA STELLA,IMO9748368,ONIS,70.0,29.93947,-90.14201,2025-01-01 05:02:14+00:00,180.0,1.4699977443539969,0.0158746689743615,False,False,False,True
205700000,2025-01-01 05:08:14+00:00,-90.14199,29.93945,0.0,257.1,1.0,LA STELLA,IMO9748368,ONIS,70.0,29.93946,-90.14202,2025-01-01 05:05:14+00:00,180.0,3.101227438314253,0.0334904996871821,False,False,False,True
205700000,2025-01-01 05:11:14+00:00,-90.14201,29.93944,0.0,257.1,1.0,LA STELLA,IMO9748368,ONIS,70.0,29.93945,-90.14199,2025-01-01 05:08:14+00:00,180.0,2.2264688571335443,0.0240438845736137,False,False,False,True
205700000,2025-01-01 05:14:14+00:00,-90.142,29.93944,0.0,257.1,1.0,LA STELLA,IMO9748368,ONIS,70.0,29.93944,-90.14201,2025-01-01 05:11:14+00:00,180.0,0.9654481030615089,0.0104259813369726,False,False,False,True
205700000,2025-01-01 05:17:14+00:00,-90.14199,29.93948,0.1,50.1,1.0,LA STELLA,IMO9748368,ONIS,70.0,29.93944,-90.142,2025-01-01 05:14:14+00:00,180.0,4.537945611426195,0.0490057788739705,False,False,False,True
205700000,2025-01-01 05:20:14+00:00,-90.142,29.93948,0.0,63.3,1.0,LA STELLA,IMO9748368,ONIS,70.0,29.93948,-90.14199,2025-01-01 05:17:14+00:00,180.0,0.9654477154534348,0.01042597715115,False,False,False,True
205700000,2025-01-01 05:23:14+00:00,-90.142,29.93948,0.0,63.3,1.0,LA STELLA,IMO9748368,ONIS,70.0,29.93948,-90.142,2025-01-01 05:20:14+00:00,180.0,0.0,0.0,False,False,False,True
205700000,2025-01-01 05:26:14+00:00,-90.14199,29.93947,0.0,63.3,1.0,LA STELLA,IMO9748368,ONIS,70.0,29.93948,-90.142,2025-01-01 05:23:14+00:00,180.0,1.4699976822361238,0.0158746683035437,False,False,False,True
205700000,2025-01-01 05:29:14+00:00,-90.14198,29.93945,0.0,63.3,1.0,LA STELLA,IMO9748368,ONIS,70.0,29.93947,-90.14199,2025-01-01 05:26:14+00:00,180.0,2.418120104004267,0.0261135476831536,False,False,False,True
205700000,2025-01-01 05:32:14+00:00,-90.14202,29.93946,0.0,63.3,1.0,LA STELLA,IMO9748368,ONIS,70.0,29.93945,-90.14198,2025-01-01 05:29:14+00:00,180.0,4.017740651621893,0.0433880277124927,False,False,False,True
205700000,2025-01-01 05:35:14+00:00,-90.14202,29.93943,0.0,63.3,1.0,LA STELLA,IMO9748368,ONIS,70.0,29.93946,-90.14202,2025-01-01 05:32:14+00:00,180.0,3.3255426779736315,0.0359129048841792,False,False,False,True
205700000,2025-01-01 05:38:14+00:00,-90.14201,29.93946,0.0,45.3,1.0,LA STELLA,IMO9748368,ONIS,70.0,29.93943,-90.14202,2025-01-01 05:35:14+00:00,180.0,3.4628491238561883,0.0373956924495367,False,False,False,True
205700000,2025-01-01 05:41:14+00:00,-90.142,29.93946,0.1,226.3,1.0,LA STELLA,IMO9748368,ONIS,70.0,29.93946,-90.14201,2025-01-01 05:38:14+00:00,180.0,0.9654479099435228,0.01042597925147,False,False,False,True
205700000,2025-01-01 05:44:14+00:00,-90.14207,29.93946,0.0,212.1,1.0,LA STELLA,IMO9748368,ONIS,70.0,29.93946,-90.142,2025-01-01 05:41:14+00:00,180.0,6.7581353682325735,0.0729818547454733,False,False,False,True
205700000,2025-01-01 05:50:14+00:00,-90.14202,29.93948,0.0,166.0,1.0,LA STELLA,IMO9748368,ONIS,70.0,29.93946,-90.14207,2025-01-01 05:44:14+00:00,360.0,5.31201018392614,0.028682494099786,False,False,False,True
205700000,2025-01-01 05:53:14+00:00,-90.14203,29.93949,0.0,179.0,1.0,LA STELLA,IMO9748368,ONIS,70.0,29.93948,-90.14202,2025-01-01 05:50:14+00:00,180.0,1.4699976204677718,0.0158746676365004,False,False,False,True
205700000,2025-01-01 05:56:14+00:00,-90.14202,29.93947,0.0,170.9,1.0,LA STELLA,IMO9748368,ONIS,70.0,29.93949,-90.14203,2025-01-01 05:53:14+00:00,180.0,2.4181200344065337,0.0261135469315599,False,False,False,True
205700000,2025-01-01 05:59:14+00:00,-90.14202,29.93946,0.1,174.6,1.0,LA STELLA,IMO9748368,ONIS,70.0,29.93947,-90.14202,2025-01-01 05:56:14+00:00,180.0,1.1085142288803231,0.0119709683259262,False,False,False,True
205700000,2025-01-01 06:02:14+00:00,-90.14202,29.93944,0.1,172.7,1.0,LA STELLA,IMO9748368,ONIS,70.0,29.93946,-90.14202,2025-01-01 05:59:14+00:00,180.0,2.217028454310259,0.0239419366145914,False,False,False,True
205700000,2025-01-01 06:05:14+00:00,-90.14199,29.93943,0.1,161.5,1.0,LA STELLA,IMO9748368,ONIS,70.0,29.93944,-90.14202,2025-01-01 06:02:14+00:00,180.0,3.1012279794022315,0.0334905055304513,False,False,False,True
205700000,2025-01-01 06:08:14+00:00,-90.14201,29.93948,0.1,161.6,1.0,LA STELLA,IMO9748368,ONIS,70.0,29.93943,-90.14199,2025-01-01 06:05:14+00:00,180.0,5.869280522919943,0.0633830125092927,False,False,False,True
205700000,2025-01-01 06:11:14+00:00,-90.14202,29.93947,0.1,158.7,1.0,LA STELLA,IMO9748368,ONIS,70.0,29.93948,-90.14201,2025-01-01 06:08:14+00:00,180.0,1.4699976825881012,0.0158746683073447,False,False,False,True
205700000,2025-01-01 06:14:14+00:00,-90.14202,29.93945,0.1,161.5,1.0,LA STELLA,IMO9748368,ONIS,70.0,29.93947,-90.14202,2025-01-01 06:11:14+00:00,180.0,2.217028456139714,0.0239419366343478,False,False,False,True
205700000,2025-01-01 06:17:14+00:00,-90.142,29.93946,0.1,167.7,1.0,LA STELLA,IMO9748368,ONIS,70.0,29.93945,-90.14202,2025-01-01 06:14:14+00:00,180.0,2.226468690859819,0.0240438827780052,False,False,False,True
205700000,2025-01-01 06:20:14+00:00,-90.142,29.93946,0.1,155.9,1.0,LA STELLA,IMO9748368,ONIS,70.0,29.93946,-90.142,2025-01-01 06:17:14+00:00,180.0,0.0,0.0,False,False,False,True
205700000,2025-01-01 06:23:14+00:00,-90.14201,29.93942,0.1,161.0,1.0,LA STELLA,IMO9748368,ONIS,70.0,29.93946,-90.142,2025-01-01 06:20:14+00:00,180.0,4.53794564109149,0.0490057791943293,False,False,False,True
205700000,2025-01-01 06:26:14+00:00,-90.14202,29.93943,0.1,165.1,1.0,LA STELLA,IMO9748368,ONIS,70.0,29.93942,-90.14201,2025-01-01 06:23:14+00:00,180.0,1.4699979935384446,0.015874671665332,False,False,False,True
205700000,2025-01-01 06:29:14+00:00,-90.14202,29.93942,0.1,161.0,1.0,LA STELLA,IMO9748368,ONIS,70.0,29.93943,-90.14202,2025-01-01 06:26:14+00:00,180.0,1.1085142227506146,0.0119709682597308,False,False,False,True
205700000,2025-01-01 06:32:14+00:00,-90.142,29.93943,0.1,158.7,1.0,LA STELLA,IMO9748368,ONIS,70.0,29.93942,-90.14202,2025-01-01 06:29:14+00:00,180.0,2.226469191445862,0.0240438881838895,False,False,False,True
205700000,2025-01-01 06:35:14+00:00,-90.14199,29.93944,0.1,143.5,1.0,LA STELLA,IMO9748368,ONIS,70.0,29.93943,-90.142,2025-01-01 06:32:14+00:00,180.0,1.4699979310664293,0.0158746709906898,False,False,False,True
205700000,2025-01-01 06:38:14+00:00,-90.14199,29.93943,0.1,157.7,1.0,LA STELLA,IMO9748368,ONIS,70.0,29.93944,-90.14199,2025-01-01 06:35:14+00:00,180.0,1.1085142240167354,0.0119709682734038,False,False,False,True
205700000,2025-01-01 06:41:14+00:00,-90.14198,29.9394,0.1,158.0,1.0,LA STELLA,IMO9748368,ONIS,70.0,29.93943,-90.14199,2025-01-01 06:38:14+00:00,180.0,3.462849188524754,0.0373956931478997,False,False,False,True
205700000,2025-01-01 06:44:14+00:00,-90.14198,29.93944,0.1,144.4,1.0,LA STELLA,IMO9748368,ONIS,70.0,29.9394,-90.14198,2025-01-01 06:41:14+00:00,180.0,4.434056885994231,0.047883872984839,False,False,False,True
205700000,2025-01-01 06:47:14+00:00,-90.14199,29.93947,0.1,159.2,1.0,LA STELLA,IMO9748368,ONIS,70.0,29.93944,-90.14198,2025-01-01 06:44:14+00:00,180.0,3.4628491001808768,0.0373956921938644,False,False,False,True
205700000,2025-01-01 06:50:14+00:00,-90.142,29.93946,0.1,160.2,1.0,LA STELLA,IMO9748368,ONIS,70.0,29.93947,-90.14199,2025-01-01 06:47:14+00:00,180.0,1.4699977432954756,0.0158746689629304,False,False,False,True
205700000,2025-01-01 06:53:14+00:00,-90.14199,29.93942,0.1,158.5,1.0,LA STELLA,IMO9748368,ONIS,70.0,29.93946,-90.142,2025-01-01 06:50:14+00:00,180.0,4.537945641090812,0.049005779194322,False,False,False,True
205700000,2025-01-01 06:59:14+00:00,-90.14199,29.93945,0.0,143.6,1.0,LA STELLA,IMO9748368,ONIS,70.0,29.93942,-90.14199,2025-01-01 06:53:14+00:00,360.0,3.325542673111424,0.0179564524158358,False,False,False,True
205700000,2025-01-01 07:02:14+00:00,-90.14197,29.93941,0.1,150.1,1.0,LA STELLA,IMO9748368,ONIS,70.0,29.93945,-90.14199,2025-01-01 06:59:14+00:00,180.0,4.836240424926341,0.0522270977088267,False,False,False,True
205700000,2025-01-01 07:05:14+00:00,-90.14202,29.93946,0.1,147.1,1.0,LA STELLA,IMO9748368,ONIS,70.0,29.93941,-90.14197,2025-01-01 07:02:14+00:00,180.0,7.349989657095078,0.0793733549724872,False,False,False,True
205700000,2025-01-01 07:08:14+00:00,-90.14202,29.93946,0.1,141.7,1.0,LA STELLA,IMO9748368,ONIS,70.0,29.93946,-90.14202,2025-01-01 07:05:14+00:00,180.0,0.0,0.0,False,False,False,True
205700000,2025-01-01 07:11:14+00:00,-90.14202,29.93945,0.1,131.8,1.0,LA STELLA,IMO9748368,ONIS,70.0,29.93946,-90.14202,2025-01-01 07:08:14+00:00,180.0,1.108514227259357,0.0119709683084212,False,False,False,True
205700000,2025-01-01 07:14:14+00:00,-90.14199,29.93948,0.1,137.2,1.0,LA STELLA,IMO9748368,ONIS,70.0,29.93945,-90.14202,2025-01-01 07:11:14+00:00,180.0,4.4099932330634894,0.0476240069231007,False,False,False,True
205700000,2025-01-01 07:17:14+00:00,-90.14199,29.93945,0.1,129.9,1.0,LA STELLA,IMO9748368,ONIS,70.0,29.93948,-90.14199,2025-01-01 07:14:14+00:00,180.0,3.325542687346652,0.0359129049853995,False,False,False,True
205700000,2025-01-01 07:20:14+00:00,-90.14203,29.93946,0.0,156.2,1.0,LA STELLA,IMO9748368,ONIS,70.0,29.93945,-90.14199,2025-01-01 07:17:14+00:00,180.0,4.017740651621893,0.0433880277124927,False,False,False,True
205700000,2025-01-01 07:23:14+00:00,-90.14201,29.93943,0.0,162.1,1.0,LA STELLA,IMO9748368,ONIS,70.0,29.93946,-90.14203,2025-01-01 07:20:14+00:00,180.0,3.8454640676614185,0.0415275937404609,False,False,False,True
205700000,2025-01-01 07:26:14+00:00,-90.14202,29.93948,0.1,129.5,1.0,LA STELLA,IMO9748368,ONIS,70.0,29.93943,-90.14201,2025-01-01 07:23:14+00:00,180.0,5.626027424489708,0.0607560952712226,False,False,False,True
205700000,2025-01-01 07:29:14+00:00,-90.14203,29.9395,0.0,131.0,1.0,LA STELLA,IMO9748368,ONIS,70.0,29.93948,-90.14202,2025-01-01 07:26:14+00:00,180.0,2.418119999255868,0.026113546551964,False,False,False,True
205700000,2025-01-01 07:32:14+00:00,-90.14202,29.93948,0.1,120.6,1.0,LA STELLA,IMO9748368,ONIS,70.0,29.9395,-90.14203,2025-01-01 07:29:14+00:00,180.0,2.418119999255868,0.026113546551964,False,False,False,True
205700000,2025-01-01 07:35:14+00:00,-90.14199,29.93947,0.1,120.4,1.0,LA STELLA,IMO9748368,ONIS,70.0,29.93948,-90.14202,2025-01-01 07:32:14+00:00,180.0,3.101226898285369,0.0334904938553501,False,False,False,True
205700000,2025-01-01 07:38:14+00:00,-90.142,29.93948,0.1,104.3,1.0,LA STELLA,IMO9748368,ONIS,70.0,29.93947,-90.14199,2025-01-01 07:35:14+00:00,180.0,1.4699976822361238,0.0158746683035437,False,False,False,True
205700000,2025-01-01 07:47:14+00:00,-90.14198,29.93947,0.1,97.8,1.0,LA STELLA,IMO9748368,ONIS,70.0,29.93948,-90.142,2025-01-01 07:38:14+00:00,540.0,2.226468356547156,0.0080146263892418,False,False,False,True
205700000,2025-01-01 07:50:14+00:00,-90.142,29.93947,0.0,108.6,1.0,LA STELLA,IMO9748368,ONIS,70.0,29.93947,-90.14198,2025-01-01 07:47:14+00:00,180.0,1.9308956253969856,0.0208519564026204,False,False,False,True
205700000,2025-01-01 07:53:14+00:00,-90.14204,29.93948,0.0,108.6,1.0,LA STELLA,IMO9748368,ONIS,70.0,29.93947,-90.142,2025-01-01 07:50:14+00:00,180.0,4.017739909451425,0.0433880196977114,False,False,False,True
205700000,2025-01-01 07:56:14+00:00,-90.14202,29.93946,0.1,114.5,1.0,LA STELLA,IMO9748368,ONIS,70.0,29.93948,-90.14204,2025-01-01 07:53:14+00:00,180.0,2.9399954262355474,0.0317493372740761,False,False,False,True
205700000,2025-01-01 07:59:14+00:00,-90.142,29.93949,0.1,92.1,1.0,LA STELLA,IMO9748368,ONIS,70.0,29.93946,-90.14202,2025-01-01 07:56:14+00:00,180.0,3.8454637877895217,0.0415275907180932,False,False,False,True
205700000,2025-01-01 08:02:14+00:00,-90.142,29.93946,0.0,88.3,1.0,LA STELLA,IMO9748368,ONIS,70.0,29.93949,-90.142,2025-01-01 07:59:14+00:00,180.0,3.325542691854704,0.0359129050340824,False,False,False,True
205700000,2025-01-01 08:05:14+00:00,-90.14201,29.93945,0.0,88.3,1.0,LA STELLA,IMO9748368,ONIS,70.0,29.93946,-90.142,2025-01-01 08:02:14+00:00,180.0,1.469997807180289,0.0158746696528296,False,False,False,True
205700000,2025-01-01 08:08:14+00:00,-90.142,29.93945,0.0,88.3,1.0,LA STELLA,IMO9748368,ONIS,70.0,29.93945,-90.14201,2025-01-01 08:05:14+00:00,180.0,0.9654480065025306,0.0104259802942215,False,False,False,True
205700000,2025-01-01 08:11:14+00:00,-90.14201,29.93946,0.0,88.3,1.0,LA STELLA,IMO9748368,ONIS,70.0,29.93945,-90.142,2025-01-01 08:08:14+00:00,180.0,1.469997807180289,0.0158746696528296,False,False,False,True
205700000,2025-01-01 08:14:14+00:00,-90.14203,29.93944,0.0,88.3,1.0,LA STELLA,IMO9748368,ONIS,70.0,29.93946,-90.14201,2025-01-01 08:11:14+00:00,180.0,2.939995676832769,0.0317493399803033,False,False,False,True
205700000,2025-01-01 08:17:14+00:00,-90.14203,29.93944,0.0,88.3,1.0,LA STELLA,IMO9748368,ONIS,70.0,29.93944,-90.14203,2025-01-01 08:14:14+00:00,180.0,0.0,0.0,False,False,False,True
205700000,2025-01-01 08:20:14+00:00,-90.14204,29.93943,0.0,88.3,1.0,LA STELLA,IMO9748368,ONIS,70.0,29.93944,-90.14203,2025-01-01 08:17:14+00:00,180.0,1.4699979310664293,0.0158746709906898,False,False,False,True
205700000,2025-01-01 08:23:14+00:00,-90.14206,29.93941,0.0,56.8,1.0,LA STELLA,IMO9748368,ONIS,70.0,29.93943,-90.14204,2025-01-01 08:20:14+00:00,180.0,2.939996048840104,0.0317493439976519,False,False,False,True
205700000,2025-01-01 08:26:14+00:00,-90.14198,29.93951,0.1,68.9,1.0,LA STELLA,IMO9748368,ONIS,70.0,29.93941,-90.14206,2025-01-01 08:23:14+00:00,180.0,13.510518794318216,0.1459015936285973,False,False,False,True
205700000,2025-01-01 08:29:14+00:00,-90.14196,29.9395,0.0,58.4,1.0,LA STELLA,IMO9748368,ONIS,70.0,29.93951,-90.14198,2025-01-01 08:26:14+00:00,180.0,2.22646785631452,0.0240438737656578,False,False,False,True
205700000,2025-01-01 08:32:14+00:00,-90.14199,29.93947,0.0,58.4,1.0,LA STELLA,IMO9748368,ONIS,70.0,29.9395,-90.14196,2025-01-01 08:29:14+00:00,180.0,4.409992862113804,0.0476240029171738,False,False,False,True
205700000,2025-01-01 08:35:14+00:00,-90.14199,29.93946,0.1,149.1,1.0,LA STELLA,IMO9748368,ONIS,70.0,29.93947,-90.14199,2025-01-01 08:32:14+00:00,180.0,1.1085142288803231,0.0119709683259262,False,False,False,True
205700000,2025-01-01 08:38:14+00:00,-90.14199,29.93949,0.1,84.1,1.0,LA STELLA,IMO9748368,ONIS,70.0,29.93946,-90.14199,2025-01-01 08:35:14+00:00,180.0,3.325542691854704,0.0359129050340824,False,False,False,True
205700000,2025-01-01 08:44:14+00:00,-90.14201,29.93949,0.0,168.6,1.0,LA STELLA,IMO9748368,ONIS,70.0,29.93949,-90.14199,2025-01-01 08:38:14+00:00,360.0,1.930895239160661,0.0104259761158057,False,False,False,True
205700000,2025-01-01 08:47:14+00:00,-90.14202,29.93947,0.0,120.4,1.0,LA STELLA,IMO9748368,ONIS,70.0,29.93949,-90.14201,2025-01-01 08:44:14+00:00,180.0,2.4181200344065337,0.0261135469315599,False,False,False,True
205700000,2025-01-01 08:50:14+00:00,-90.14203,29.93947,0.0,120.4,1.0,LA STELLA,IMO9748368,ONIS,70.0,29.93947,-90.14202,2025-01-01 08:47:14+00:00,180.0,0.9654478133844856,0.0104259782087183,False,False,False,True
205700000,2025-01-01 08:53:14+00:00,-90.14199,29.93946,0.0,120.4,1.0,LA STELLA,IMO9748368,ONIS,70.0,29.93947,-90.14203,2025-01-01 08:50:14+00:00,180.0,4.0177402803604405,0.0433880237031991,False,False,False,True
205700000,2025-01-01 08:59:14+00:00,-90.14198,29.93945,0.1,110.9,1.0,LA STELLA,IMO9748368,ONIS,70.0,29.93946,-90.14199,2025-01-01 08:53:14+00:00,360.0,1.469997807180289,0.0079373348264148,False,False,False,True
205700000,2025-01-01 09:02:14+00:00,-90.14199,29.93948,0.0,112.5,1.0,LA STELLA,IMO9748368,ONIS,70.0,29.93945,-90.14198,2025-01-01 08:59:14+00:00,180.0,3.4628490775652305,0.0373956919496355,False,False,False,True
205700000,2025-01-01 09:05:14+00:00,-90.14198,29.93948,0.1,89.4,1.0,LA STELLA,IMO9748368,ONIS,70.0,29.93948,-90.14199,2025-01-01 09:02:14+00:00,180.0,0.9654477168254187,0.0104259771659662,False,False,False,True
205700000,2025-01-01 09:08:14+00:00,-90.14201,29.93944,0.0,41.6,1.0,LA STELLA,IMO9748368,ONIS,70.0,29.93948,-90.14198,2025-01-01 09:05:14+00:00,180.0,5.29619369961907,0.0571941842281529,False,False,False,True
205700000,2025-01-01 09:11:14+00:00,-90.14195,29.93947,0.1,102.2,1.0,LA STELLA,IMO9748368,ONIS,70.0,29.93944,-90.14201,2025-01-01 09:08:14+00:00,180.0,6.679406071874329,0.0721316483264011,False,False,False,True
205700000,2025-01-01 09:14:14+00:00,-90.142,29.93943,0.2,179.4,1.0,LA STELLA,IMO9748368,ONIS,70.0,29.93947,-90.14195,2025-01-01 09:11:14+00:00,180.0,6.554624853703665,0.0707841220867962,False,False,False,True
205700000,2025-01-01 09:17:14+00:00,-90.14198,29.93945,0.1,126.1,1.0,LA STELLA,IMO9748368,ONIS,70.0,29.93943,-90.142,2025-01-01 09:14:14+00:00,180.0,2.939995800365346,0.0317493413143454,False,False,False,True
205700000,2025-01-01 09:20:14+00:00,-90.14199,29.93944,0.1,171.7,1.0,LA STELLA,IMO9748368,ONIS,70.0,29.93945,-90.14198,2025-01-01 09:17:14+00:00,180.0,1.4699978700060723,0.0158746703312922,False,False,False,True
205700000,2025-01-01 09:23:14+00:00,-90.14199,29.93946,0.1,170.1,1.0,LA STELLA,IMO9748368,ONIS,70.0,29.93944,-90.14199,2025-01-01 09:20:14+00:00,180.0,2.217028454310259,0.0239419366145914,False,False,False,True
205700000,2025-01-01 09:26:14+00:00,-90.14199,29.93946,0.1,151.7,1.0,LA STELLA,IMO9748368,ONIS,70.0,29.93946,-90.14199,2025-01-01 09:23:14+00:00,180.0,0.0,0.0,False,False,False,True
205700000,2025-01-01 09:29:14+00:00,-90.14199,29.93944,0.1,150.4,1.0,LA STELLA,IMO9748368,ONIS,70.0,29.93946,-90.14199,2025-01-01 09:26:14+00:00,180.0,2.217028454310259,0.0239419366145914,False,False,False,True
205700000,2025-01-01 09:32:14+00:00,-90.14198,29.93944,0.1,148.6,1.0,LA STELLA,IMO9748368,ONIS,70.0,29.93944,-90.14199,2025-01-01 09:29:14+00:00,180.0,0.9654481030615089,0.0104259813369726,False,False,False,True
205700000,2025-01-01 09:35:14+00:00,-90.14202,29.93944,0.1,174.5,1.0,LA STELLA,IMO9748368,ONIS,70.0,29.93944,-90.14198,2025-01-01 09:32:14+00:00,180.0,3.861792410874032,0.0417039253330743,False,False,False,True
205700000,2025-01-01 09:38:14+00:00,-90.14203,29.93947,0.1,172.2,1.0,LA STELLA,IMO9748368,ONIS,70.0,29.93944,-90.14202,2025-01-01 09:35:14+00:00,180.0,3.4628491001808768,0.0373956921938644,False,False,False,True
205700000,2025-01-01 09:44:14+00:00,-90.14199,29.93947,0.1,144.4,1.0,LA STELLA,IMO9748368,ONIS,70.0,29.93947,-90.14203,2025-01-01 09:38:14+00:00,360.0,3.86179125216594,0.0208519564100284,False,False,False,True
205700000,2025-01-01 09:47:14+00:00,-90.14203,29.93946,0.1,179.2,1.0,LA STELLA,IMO9748368,ONIS,70.0,29.93947,-90.14199,2025-01-01 09:44:14+00:00,180.0,4.0177402803604405,0.0433880237031991,False,False,False,True
205700000,2025-01-01 09:50:14+00:00,-90.14204,29.93944,0.1,196.3,1.0,LA STELLA,IMO9748368,ONIS,70.0,29.93946,-90.14203,2025-01-01 09:47:14+00:00,180.0,2.4181201405694988,0.0261135480780256,False,False,False,True
205700000,2025-01-01 09:53:14+00:00,-90.14198,29.93947,0.1,127.2,1.0,LA STELLA,IMO9748368,ONIS,70.0,29.93944,-90.14204,2025-01-01 09:50:14+00:00,180.0,6.679406070461867,0.0721316483111477,False,False,False,True
205700000,2025-01-01 09:56:14+00:00,-90.14199,29.93946,0.0,130.6,1.0,LA STELLA,IMO9748368,ONIS,70.0,29.93947,-90.14198,2025-01-01 09:53:14+00:00,180.0,1.4699977443539969,0.0158746689743615,False,False,False,True
205700000,2025-01-01 09:59:14+00:00,-90.142,29.93946,0.0,123.9,1.0,LA STELLA,IMO9748368,ONIS,70.0,29.93946,-90.14199,2025-01-01 09:56:14+00:00,180.0,0.9654479085715392,0.0104259792366538,False,False,False,True
205700000,2025-01-01 10:02:14+00:00,-90.14202,29.93948,0.0,173.1,1.0,LA STELLA,IMO9748368,ONIS,70.0,29.93946,-90.142,2025-01-01 09:59:14+00:00,180.0,2.939995426588905,0.031749337277892,False,False,False,True
205700000,2025-01-01 10:05:14+00:00,-90.142,29.93946,0.0,173.1,1.0,LA STELLA,IMO9748368,ONIS,70.0,29.93948,-90.14202,2025-01-01 10:02:14+00:00,180.0,2.939995426588905,0.031749337277892,False,False,False,True
205700000,2025-01-01 10:08:14+00:00,-90.14199,29.93948,0.0,173.1,1.0,LA STELLA,IMO9748368,ONIS,70.0,29.93946,-90.142,2025-01-01 10:05:14+00:00,180.0,2.4181200688529545,0.0261135473035507,False,False,False,True
205700000,2025-01-01 10:11:14+00:00,-90.14201,29.93948,0.0,173.1,1.0,LA STELLA,IMO9748368,ONIS,70.0,29.93948,-90.14199,2025-01-01 10:08:14+00:00,180.0,1.9308954322788527,0.0208519543171162,False,False,False,True
205700000,2025-01-01 10:14:14+00:00,-90.142,29.93947,0.0,173.1,1.0,LA STELLA,IMO9748368,ONIS,70.0,29.93948,-90.14201,2025-01-01 10:11:14+00:00,180.0,1.4699976825881012,0.0158746683073447,False,False,False,True
205700000,2025-01-01 10:17:14+00:00,-90.14201,29.93948,0.0,173.1,1.0,LA STELLA,IMO9748368,ONIS,70.0,29.93947,-90.142,2025-01-01 10:14:14+00:00,180.0,1.4699976825881012,0.0158746683073447,False,False,False,True
205700000,2025-01-01 10:20:14+00:00,-90.14198,29.93949,0.0,173.1,1.0,LA STELLA,IMO9748368,ONIS,70.0,29.93948,-90.14201,2025-01-01 10:17:14+00:00,180.0,3.101226628624544,0.0334904909432529,False,False,False,True
205700000,2025-01-01 10:23:14+00:00,-90.14199,29.93949,0.0,173.1,1.0,LA STELLA,IMO9748368,ONIS,70.0,29.93949,-90.14198,2025-01-01 10:20:14+00:00,180.0,0.9654476202663228,0.0104259761232138,False,False,False,True
205700000,2025-01-01 10:26:14+00:00,-90.14203,29.93951,0.0,173.1,1.0,LA STELLA,IMO9748368,ONIS,70.0,29.93949,-90.14199,2025-01-01 10:23:14+00:00,180.0,4.452935881022196,0.0480877493498121,False,False,False,True
205700000,2025-01-01 10:29:14+00:00,-90.14202,29.93948,0.0,173.1,1.0,LA STELLA,IMO9748368,ONIS,70.0,29.93951,-90.14203,2025-01-01 10:26:14+00:00,180.0,3.462849011482747,0.0373956912360034,False,False,False,True
205700000,2025-01-01 10:32:14+00:00,-90.14203,29.93946,0.0,173.1,1.0,LA STELLA,IMO9748368,ONIS,70.0,29.93948,-90.14202,2025-01-01 10:29:14+00:00,180.0,2.418120069911972,0.0261135473149871,False,False,False,True
205700000,2025-01-01 10:35:14+00:00,-90.142,29.93944,0.0,173.1,1.0,LA STELLA,IMO9748368,ONIS,70.0,29.93946,-90.14203,2025-01-01 10:32:14+00:00,180.0,3.647468141713476,0.0393894137366017,False,False,False,True
205700000,2025-01-01 10:38:14+00:00,-90.14201,29.93942,0.0,173.1,1.0,LA STELLA,IMO9748368,ONIS,70.0,29.93944,-90.142,2025-01-01 10:35:14+00:00,180.0,2.4181202122854786,0.0261135488524944,False,False,False,True
205700000,2025-01-01 10:41:14+00:00,-90.14201,29.93948,0.0,173.1,1.0,LA STELLA,IMO9748368,ONIS,70.0,29.93942,-90.14201,2025-01-01 10:38:14+00:00,180.0,6.651085360458985,0.071825809817081,False,False,False,True
205700000,2025-01-01 10:44:14+00:00,-90.14203,29.93949,0.0,173.1,1.0,LA STELLA,IMO9748368,ONIS,70.0,29.93948,-90.14201,2025-01-01 10:41:14+00:00,180.0,2.226468190980368,0.0240438773797515,False,False,False,True
205700000,2025-01-01 10:47:14+00:00,-90.14204,29.93945,0.0,173.1,1.0,LA STELLA,IMO9748368,ONIS,70.0,29.93949,-90.14203,2025-01-01 10:44:14+00:00,180.0,4.537945596065715,0.0490057787080909,False,False,False,True
205700000,2025-01-01 10:50:14+00:00,-90.14203,29.93946,0.0,173.1,1.0,LA STELLA,IMO9748368,ONIS,70.0,29.93945,-90.14204,2025-01-01 10:47:14+00:00,180.0,1.469997806121078,0.015874669641391,False,False,False,True
205700000,2025-01-01 10:53:14+00:00,-90.14204,29.93945,0.0,173.1,1.0,LA STELLA,IMO9748368,ONIS,70.0,29.93946,-90.14203,2025-01-01 10:50:14+00:00,180.0,1.469997806121078,0.015874669641391,False,False,False,True
205700000,2025-01-01 10:56:14+00:00,-90.14202,29.93945,0.0,173.1,1.0,LA STELLA,IMO9748368,ONIS,70.0,29.93945,-90.14204,2025-01-01 10:53:14+00:00,180.0,1.9308960116330756,0.0208519605736268,False,False,False,True
205700000,2025-01-01 10:59:14+00:00,-90.14202,29.93945,0.0,173.1,1.0,LA STELLA,IMO9748368,ONIS,70.0,29.93945,-90.14202,2025-01-01 10:56:14+00:00,180.0,0.0,0.0,False,False,False,True
205700000,2025-01-01 11:02:14+00:00,-90.142,29.93947,0.0,173.1,1.0,LA STELLA,IMO9748368,ONIS,70.0,29.93945,-90.14202,2025-01-01 10:59:14+00:00,180.0,2.939995550475238,0.0317493386157543,False,False,False,True
205700000,2025-01-01 11:05:14+00:00,-90.142,29.93945,0.1,126.9,1.0,LA STELLA,IMO9748368,ONIS,70.0,29.93947,-90.142,2025-01-01 11:02:14+00:00,180.0,2.217028456139714,0.0239419366343478,False,False,False,True
205700000,2025-01-01 11:08:14+00:00,-90.14203,29.93947,0.0,126.6,1.0,LA STELLA,IMO9748368,ONIS,70.0,29.93945,-90.142,2025-01-01 11:05:14+00:00,180.0,3.647467911530917,0.0393894112508347,False,False,False,True
205700000,2025-01-01 11:11:14+00:00,-90.14205,29.93943,0.0,126.6,1.0,LA STELLA,IMO9748368,ONIS,70.0,29.93947,-90.14203,2025-01-01 11:08:14+00:00,180.0,4.836240281845701,0.052227096163683,False,False,False,True
205700000,2025-01-01 11:14:14+00:00,-90.14199,29.93945,0.0,126.6,1.0,LA STELLA,IMO9748368,ONIS,70.0,29.93943,-90.14205,2025-01-01 11:11:14+00:00,180.0,6.2024556877314,0.0669810081335544,False,False,False,True
205700000,2025-01-01 11:17:14+00:00,-90.14201,29.93944,0.0,126.6,1.0,LA STELLA,IMO9748368,ONIS,70.0,29.93945,-90.14199,2025-01-01 11:14:14+00:00,180.0,2.2264688571335443,0.0240438845736137,False,False,False,True
205700000,2025-01-01 11:20:14+00:00,-90.14199,29.93943,0.0,150.1,1.0,LA STELLA,IMO9748368,ONIS,70.0,29.93944,-90.14201,2025-01-01 11:17:14+00:00,180.0,2.2264690230534567,0.0240438863654012,False,False,False,True
205700000,2025-01-01 11:23:14+00:00,-90.14196,29.93945,0.0,236.2,1.0,LA STELLA,IMO9748368,ONIS,70.0,29.93943,-90.14199,2025-01-01 11:20:14+00:00,180.0,3.6474683701322026,0.039389416203321,False,False,False,True
205700000,2025-01-01 11:26:14+00:00,-90.142,29.93946,0.0,144.2,1.0,LA STELLA,IMO9748368,ONIS,70.0,29.93945,-90.14196,2025-01-01 11:23:14+00:00,180.0,4.017740651621893,0.0433880277124927,False,False,False,True
205700000,2025-01-01 11:29:14+00:00,-90.14202,29.93943,0.0,144.2,1.0,LA STELLA,IMO9748368,ONIS,70.0,29.93946,-90.142,2025-01-01 11:26:14+00:00,180.0,3.8454640676614185,0.0415275937404609,False,False,False,True
205700000,2025-01-01 11:32:14+00:00,-90.142,29.93946,0.0,144.2,1.0,LA STELLA,IMO9748368,ONIS,70.0,29.93943,-90.14202,2025-01-01 11:29:14+00:00,180.0,3.8454640676614185,0.0415275937404609,False,False,False,True
205700000,2025-01-01 11:35:14+00:00,-90.14201,29.93947,0.0,144.2,1.0,LA STELLA,IMO9748368,ONIS,70.0,29.93946,-90.142,2025-01-01 11:32:14+00:00,180.0,1.4699977443539969,0.0158746689743615,False,False,False,True
205700000,2025-01-01 11:38:14+00:00,-90.14201,29.93946,0.0,144.2,1.0,LA STELLA,IMO9748368,ONIS,70.0,29.93947,-90.14201,2025-01-01 11:35:14+00:00,180.0,1.1085142288803231,0.0119709683259262,False,False,False,True
205700000,2025-01-01 11:41:14+00:00,-90.14202,29.93946,0.0,144.2,1.0,LA STELLA,IMO9748368,ONIS,70.0,29.93946,-90.14201,2025-01-01 11:38:14+00:00,180.0,0.9654479099435228,0.01042597925147,False,False,False,True
205700000,2025-01-01 11:44:14+00:00,-90.142,29.93945,0.0,144.2,1.0,LA STELLA,IMO9748368,ONIS,70.0,29.93946,-90.14202,2025-01-01 11:41:14+00:00,180.0,2.226468690859819,0.0240438827780052,False,False,False,True
205700000,2025-01-01 11:47:14+00:00,-90.142,29.93945,0.0,144.2,1.0,LA STELLA,IMO9748368,ONIS,70.0,29.93945,-90.142,2025-01-01 11:44:14+00:00,180.0,0.0,0.0,False,False,False,True
205700000,2025-01-01 11:50:14+00:00,-90.14205,29.93943,0.1,216.0,1.0,LA STELLA,IMO9748368,ONIS,70.0,29.93945,-90.142,2025-01-01 11:47:14+00:00,180.0,5.312011495991475,0.0573650023687114,False,False,False,True
205700000,2025-01-01 11:53:14+00:00,-90.14202,29.93944,0.0,189.3,1.0,LA STELLA,IMO9748368,ONIS,70.0,29.93943,-90.14205,2025-01-01 11:50:14+00:00,180.0,3.1012279794022315,0.0334905055304513,False,False,False,True
205700000,2025-01-01 11:56:14+00:00,-90.14202,29.93945,0.0,189.3,1.0,LA STELLA,IMO9748368,ONIS,70.0,29.93944,-90.14202,2025-01-01 11:53:14+00:00,180.0,1.108514226697404,0.0119709683023526,False,False,False,True
205700000,2025-01-01 11:59:14+00:00,-90.14199,29.93944,0.1,144.3,1.0,LA STELLA,IMO9748368,ONIS,70.0,29.93945,-90.14202,2025-01-01 11:56:14+00:00,180.0,3.101227707975702,0.033490502599286,False,False,False,True
205700000,2025-01-01 12:02:14+00:00,-90.142,29.93942,0.0,152.3,1.0,LA STELLA,IMO9748368,ONIS,70.0,29.93944,-90.14199,2025-01-01 11:59:14+00:00,180.0,2.418120211931868,0.0261135488486757,False,False,False,True
205700000,2025-01-01 12:23:14+00:00,-90.14201,29.93947,0.0,198.7,1.0,LA STELLA,IMO9748368,ONIS,70.0,29.93942,-90.142,2025-01-01 12:02:14+00:00,1260.0,5.626027432944699,0.008679442194647,False,False,True,True
205700000,2025-01-01 12:29:14+00:00,-90.14201,29.93946,0.0,175.2,1.0,LA STELLA,IMO9748368,ONIS,70.0,29.93947,-90.14201,2025-01-01 12:23:14+00:00,360.0,1.1085142288803231,0.0059854841629631,False,False,False,True
205700000,2025-01-01 12:32:14+00:00,-90.14203,29.93946,0.0,175.2,1.0,LA STELLA,IMO9748368,ONIS,70.0,29.93946,-90.14201,2025-01-01 12:29:14+00:00,180.0,1.930895819887044,0.0208519585029401,False,False,False,True
205700000,2025-01-01 12:35:14+00:00,-90.14203,29.93943,0.1,262.2,1.0,LA STELLA,IMO9748368,ONIS,70.0,29.93946,-90.14203,2025-01-01 12:32:14+00:00,180.0,3.3255426779736315,0.0359129048841792,False,False,False,True
205700000,2025-01-01 12:38:14+00:00,-90.14203,29.93947,0.1,179.5,1.0,LA STELLA,IMO9748368,ONIS,70.0,29.93943,-90.14203,2025-01-01 12:35:14+00:00,180.0,4.434056906854156,0.0478838732101076,False,False,False,True
205700000,2025-01-01 12:41:14+00:00,-90.14202,29.93944,0.0,174.1,1.0,LA STELLA,IMO9748368,ONIS,70.0,29.93947,-90.14203,2025-01-01 12:38:14+00:00,180.0,3.4628491001808768,0.0373956921938644,False,False,False,True
205700000,2025-01-01 12:44:14+00:00,-90.14202,29.93949,0.1,263.4,1.0,LA STELLA,IMO9748368,ONIS,70.0,29.93944,-90.14202,2025-01-01 12:41:14+00:00,180.0,5.542571146165469,0.0598548416486793,False,False,False,True
205700000,2025-01-01 12:47:14+00:00,-90.14199,29.93946,0.1,232.7,1.0,LA STELLA,IMO9748368,ONIS,70.0,29.93949,-90.14202,2025-01-01 12:44:14+00:00,180.0,4.40999304599948,0.0476240049029757,False,False,False,True
205700000,2025-01-01 12:50:14+00:00,-90.14202,29.93947,0.1,261.3,1.0,LA STELLA,IMO9748368,ONIS,70.0,29.93946,-90.14199,2025-01-01 12:47:14+00:00,180.0,3.101227169006537,0.0334904967788981,False,False,False,True
205700000,2025-01-01 12:59:14+00:00,-90.14201,29.9395,0.0,258.3,1.0,LA STELLA,IMO9748368,ONIS,70.0,29.93947,-90.14202,2025-01-01 12:50:14+00:00,540.0,3.4628490348066334,0.0124652304959602,False,False,False,True
205700000,2025-01-01 13:02:14+00:00,-90.14201,29.93948,0.0,270.2,1.0,LA STELLA,IMO9748368,ONIS,70.0,29.9395,-90.14201,2025-01-01 12:59:14+00:00,180.0,2.217028466567605,0.0239419367469598,False,False,False,True
205700000,2025-01-01 13:05:14+00:00,-90.142,29.93949,0.0,270.2,1.0,LA STELLA,IMO9748368,ONIS,70.0,29.93948,-90.14201,2025-01-01 13:02:14+00:00,180.0,1.4699976204677718,0.0158746676365004,False,False,False,True
205700000,2025-01-01 13:08:14+00:00,-90.14201,29.93946,0.1,259.9,1.0,LA STELLA,IMO9748368,ONIS,70.0,29.93949,-90.142,2025-01-01 13:05:14+00:00,180.0,3.4628490556577587,0.0373956917130543,False,False,False,True
205700000,2025-01-01 13:11:14+00:00,-90.14196,29.93948,0.0,256.8,1.0,LA STELLA,IMO9748368,ONIS,70.0,29.93946,-90.14201,2025-01-01 13:08:14+00:00,180.0,5.31201018392614,0.0573649881995721,False,False,False,True
205700000,2025-01-01 13:17:14+00:00,-90.14201,29.93946,0.0,258.9,1.0,LA STELLA,IMO9748368,ONIS,70.0,29.93948,-90.14196,2025-01-01 13:11:14+00:00,360.0,5.31201018392614,0.028682494099786,False,False,False,True
205700000,2025-01-01 13:20:14+00:00,-90.142,29.93947,0.0,258.9,1.0,LA STELLA,IMO9748368,ONIS,70.0,29.93946,-90.14201,2025-01-01 13:17:14+00:00,180.0,1.4699977443539969,0.0158746689743615,False,False,False,True
205700000,2025-01-01 13:23:14+00:00,-90.142,29.93947,0.0,258.9,1.0,LA STELLA,IMO9748368,ONIS,70.0,29.93947,-90.142,2025-01-01 13:20:14+00:00,180.0,0.0,0.0,False,False,False,True
205700000,2025-01-01 13:26:14+00:00,-90.14202,29.93944,0.0,258.9,1.0,LA STELLA,IMO9748368,ONIS,70.0,29.93947,-90.142,2025-01-01 13:23:14+00:00,180.0,3.845463973546925,0.041527592724108,False,False,False,True
205700000,2025-01-01 13:29:14+00:00,-90.14201,29.93946,0.0,258.9,1.0,LA STELLA,IMO9748368,ONIS,70.0,29.93944,-90.14202,2025-01-01 13:26:14+00:00,180.0,2.418120141981219,0.0261135480932709,False,False,False,True
205700000,2025-01-01 13:32:14+00:00,-90.14202,29.93946,0.0,258.9,1.0,LA STELLA,IMO9748368,ONIS,70.0,29.93946,-90.14201,2025-01-01 13:29:14+00:00,180.0,0.9654479099435228,0.01042597925147,False,False,False,True
205700000,2025-01-01 13:35:14+00:00,-90.142,29.93945,0.0,258.9,1.0,LA STELLA,IMO9748368,ONIS,70.0,29.93946,-90.14202,2025-01-01 13:32:14+00:00,180.0,2.226468690859819,0.0240438827780052,False,False,False,True
205700000,2025-01-01 13:38:14+00:00,-90.14201,29.93944,0.0,258.9,1.0,LA STELLA,IMO9748368,ONIS,70.0,29.93945,-90.142,2025-01-01 13:35:14+00:00,180.0,1.4699978700060723,0.0158746703312922,False,False,False,True
205700000,2025-01-01 13:41:14+00:00,-90.14205,29.93944,0.0,258.9,1.0,LA STELLA,IMO9748368,ONIS,70.0,29.93944,-90.14201,2025-01-01 13:38:14+00:00,180.0,3.861792410874032,0.0417039253330743,False,False,False,True
205700000,2025-01-01 13:44:14+00:00,-90.14201,29.93945,0.0,258.9,1.0,LA STELLA,IMO9748368,ONIS,70.0,29.93944,-90.14205,2025-01-01 13:41:14+00:00,180.0,4.017741022530996,0.0433880317179814,False,False,False,True
205700000,2025-01-01 13:47:14+00:00,-90.14199,29.93944,0.0,258.9,1.0,LA STELLA,IMO9748368,ONIS,70.0,29.93945,-90.14201,2025-01-01 13:44:14+00:00,180.0,2.2264688571335443,0.0240438845736137,False,False,False,True
205700000,2025-01-01 13:50:14+00:00,-90.14202,29.93946,0.0,258.9,1.0,LA STELLA,IMO9748368,ONIS,70.0,29.93944,-90.14199,2025-01-01 13:47:14+00:00,180.0,3.647468139947889,0.039389413717535,False,False,False,True
205700000,2025-01-01 13:53:14+00:00,-90.14198,29.93946,0.0,258.9,1.0,LA STELLA,IMO9748368,ONIS,70.0,29.93946,-90.14202,2025-01-01 13:50:14+00:00,180.0,3.861791638402088,0.0417039169910639,False,False,False,True
205700000,2025-01-01 13:56:14+00:00,-90.14204,29.93948,0.0,258.9,1.0,LA STELLA,IMO9748368,ONIS,70.0,29.93946,-90.14198,2025-01-01 13:53:14+00:00,180.0,6.202454067998931,0.0669809906418835,False,False,False,True
205700000,2025-01-01 13:59:14+00:00,-90.14204,29.93947,0.0,258.9,1.0,LA STELLA,IMO9748368,ONIS,70.0,29.93948,-90.14204,2025-01-01 13:56:14+00:00,180.0,1.108514231206837,0.0119709683510505,False,False,False,True
205700000,2025-01-01 14:02:14+00:00,-90.14203,29.93945,0.0,237.1,1.0,LA STELLA,IMO9748368,ONIS,70.0,29.93947,-90.14204,2025-01-01 13:59:14+00:00,180.0,2.418120104710836,0.0261135476907839,False,False,False,True
205700000,2025-01-01 14:05:14+00:00,-90.14202,29.93946,0.0,237.1,1.0,LA STELLA,IMO9748368,ONIS,70.0,29.93945,-90.14203,2025-01-01 14:02:14+00:00,180.0,1.469997807180289,0.0158746696528296,False,False,False,True
205700000,2025-01-01 14:08:14+00:00,-90.14203,29.9395,0.0,237.1,1.0,LA STELLA,IMO9748368,ONIS,70.0,29.93946,-90.14202,2025-01-01 14:05:14+00:00,180.0,4.537945583883573,0.0490057785765346,False,False,False,True
205700000,2025-01-01 14:11:14+00:00,-90.14203,29.93944,0.0,216.0,1.0,LA STELLA,IMO9748368,ONIS,70.0,29.9395,-90.14203,2025-01-01 14:08:14+00:00,180.0,6.651085380259207,0.0718258100309058,False,False,False,True
205700000,2025-01-01 14:14:14+00:00,-90.14203,29.93944,0.0,216.0,1.0,LA STELLA,IMO9748368,ONIS,70.0,29.93944,-90.14203,2025-01-01 14:11:14+00:00,180.0,0.0,0.0,False,False,False,True
205700000,2025-01-01 14:17:14+00:00,-90.14202,29.93944,0.0,216.0,1.0,LA STELLA,IMO9748368,ONIS,70.0,29.93944,-90.14203,2025-01-01 14:14:14+00:00,180.0,0.9654481030615089,0.0104259813369726,False,False,False,True
205700000,2025-01-01 14:20:14+00:00,-90.14204,29.93944,0.0,216.0,1.0,LA STELLA,IMO9748368,ONIS,70.0,29.93944,-90.14202,2025-01-01 14:17:14+00:00,180.0,1.930896204751032,0.0208519626591291,False,False,False,True
205700000,2025-01-01 14:23:14+00:00,-90.14199,29.93945,0.0,216.0,1.0,LA STELLA,IMO9748368,ONIS,70.0,29.93944,-90.14204,2025-01-01 14:20:14+00:00,180.0,4.95288324347348,0.0534867364666304,False,False,False,True
205700000,2025-01-01 14:26:14+00:00,-90.14207,29.93944,0.0,216.0,1.0,LA STELLA,IMO9748368,ONIS,70.0,29.93945,-90.14199,2025-01-01 14:23:14+00:00,180.0,7.802727748305624,0.0842625239237022,False,False,False,True
205700000,2025-01-01 14:29:14+00:00,-90.14203,29.93944,0.0,216.0,1.0,LA STELLA,IMO9748368,ONIS,70.0,29.93944,-90.14207,2025-01-01 14:26:14+00:00,180.0,3.861792410874032,0.0417039253330743,False,False,False,True
205700000,2025-01-01 14:32:14+00:00,-90.14199,29.93945,0.1,240.1,1.0,LA STELLA,IMO9748368,ONIS,70.0,29.93944,-90.14203,2025-01-01 14:29:14+00:00,180.0,4.017741022530996,0.0433880317179814,False,False,False,True
205700000,2025-01-01 14:35:14+00:00,-90.14199,29.93945,0.0,242.8,1.0,LA STELLA,IMO9748368,ONIS,70.0,29.93945,-90.14199,2025-01-01 14:32:14+00:00,180.0,0.0,0.0,False,False,False,True
205700000,2025-01-01 14:38:14+00:00,-90.142,29.93945,0.0,224.6,1.0,LA STELLA,IMO9748368,ONIS,70.0,29.93945,-90.14199,2025-01-01 14:35:14+00:00,180.0,0.9654480051305464,0.0104259802794053,False,False,False,True
205700000,2025-01-01 14:41:14+00:00,-90.14201,29.93945,0.0,228.5,1.0,LA STELLA,IMO9748368,ONIS,70.0,29.93945,-90.142,2025-01-01 14:38:14+00:00,180.0,0.9654480065025306,0.0104259802942215,False,False,False,True
205700000,2025-01-01 14:44:14+00:00,-90.142,29.93946,0.0,223.1,1.0,LA STELLA,IMO9748368,ONIS,70.0,29.93945,-90.14201,2025-01-01 14:41:14+00:00,180.0,1.469997807180289,0.0158746696528296,False,False,False,True
205700000,2025-01-01 14:47:14+00:00,-90.142,29.93946,0.1,221.5,1.0,LA STELLA,IMO9748368,ONIS,70.0,29.93946,-90.142,2025-01-01 14:44:14+00:00,180.0,0.0,0.0,False,False,False,True
205700000,2025-01-01 14:50:14+00:00,-90.14201,29.93948,0.0,255.5,1.0,LA STELLA,IMO9748368,ONIS,70.0,29.93946,-90.142,2025-01-01 14:47:14+00:00,180.0,2.418120069911972,0.0261135473149871,False,False,False,True
205700000,2025-01-01 14:53:14+00:00,-90.14205,29.93945,0.1,217.7,1.0,LA STELLA,IMO9748368,ONIS,70.0,29.93948,-90.14201,2025-01-01 14:50:14+00:00,180.0,5.09633861899475,0.0550359270063708,False,False,False,True
205700000,2025-01-01 14:56:14+00:00,-90.142,29.93949,0.1,222.2,1.0,LA STELLA,IMO9748368,ONIS,70.0,29.93945,-90.14205,2025-01-01 14:53:14+00:00,180.0,6.554624149771993,0.0707841144849599,False,False,False,True
205700000,2025-01-01 14:59:14+00:00,-90.14204,29.93945,0.1,231.9,1.0,LA STELLA,IMO9748368,ONIS,70.0,29.93949,-90.142,2025-01-01 14:56:14+00:00,180.0,5.879990852471917,0.0634986745481611,False,False,False,True
205700000,2025-01-01 15:02:14+00:00,-90.142,29.93944,0.0,229.2,1.0,LA STELLA,IMO9748368,ONIS,70.0,29.93945,-90.14204,2025-01-01 14:59:14+00:00,180.0,4.017741022530996,0.0433880317179814,False,False,False,True
205700000,2025-01-01 15:05:14+00:00,-90.14199,29.93942,0.1,184.3,1.0,LA STELLA,IMO9748368,ONIS,70.0,29.93944,-90.142,2025-01-01 15:02:14+00:00,180.0,2.418120211931868,0.0261135488486757,False,False,False,True
205700000,2025-01-01 15:08:14+00:00,-90.142,29.93944,0.0,217.4,1.0,LA STELLA,IMO9748368,ONIS,70.0,29.93942,-90.14199,2025-01-01 15:05:14+00:00,180.0,2.418120211931868,0.0261135488486757,False,False,False,True
205700000,2025-01-01 15:11:14+00:00,-90.14204,29.93945,0.0,207.3,1.0,LA STELLA,IMO9748368,ONIS,70.0,29.93944,-90.142,2025-01-01 15:08:14+00:00,180.0,4.017741022530996,0.0433880317179814,False,False,False,True
205700000,2025-01-01 15:14:14+00:00,-90.14202,29.93944,0.1,181.4,1.0,LA STELLA,IMO9748368,ONIS,70.0,29.93945,-90.14204,2025-01-01 15:11:14+00:00,180.0,2.2264688571335443,0.0240438845736137,False,False,False,True
205700000,2025-01-01 15:17:14+00:00,-90.14203,29.93946,0.1,192.3,1.0,LA STELLA,IMO9748368,ONIS,70.0,29.93944,-90.14202,2025-01-01 15:14:14+00:00,180.0,2.418120141981219,0.0261135480932709,False,False,False,True
205700000,2025-01-01 15:20:14+00:00,-90.14202,29.93948,0.1,180.6,1.0,LA STELLA,IMO9748368,ONIS,70.0,29.93946,-90.14203,2025-01-01 15:17:14+00:00,180.0,2.418120069911972,0.0261135473149871,False,False,False,True
205700000,2025-01-01 15:23:14+00:00,-90.14204,29.93949,0.1,181.1,1.0,LA STELLA,IMO9748368,ONIS,70.0,29.93948,-90.14202,2025-01-01 15:20:14+00:00,180.0,2.226468189920693,0.0240438773683079,False,False,False,True
205700000,2025-01-01 15:26:14+00:00,-90.14203,29.93947,0.1,189.4,1.0,LA STELLA,IMO9748368,ONIS,70.0,29.93949,-90.14204,2025-01-01 15:23:14+00:00,180.0,2.418120033700219,0.0261135469239324,False,False,False,True
205700000,2025-01-01 15:29:14+00:00,-90.14199,29.93942,0.1,191.0,1.0,LA STELLA,IMO9748368,ONIS,70.0,29.93947,-90.14203,2025-01-01 15:26:14+00:00,180.0,6.755259717645238,0.0729508002752639,False,False,False,True
205700000,2025-01-01 15:32:14+00:00,-90.142,29.93947,0.1,191.7,1.0,LA STELLA,IMO9748368,ONIS,70.0,29.93942,-90.14199,2025-01-01 15:29:14+00:00,180.0,5.626027431884923,0.0607560953510843,False,False,False,True
205700000,2025-01-01 15:35:14+00:00,-90.14204,29.93948,0.1,239.9,1.0,LA STELLA,IMO9748368,ONIS,70.0,29.93947,-90.142,2025-01-01 15:32:14+00:00,180.0,4.017739909451425,0.0433880196977114,False,False,False,True
205700000,2025-01-01 15:38:14+00:00,-90.14202,29.93949,0.1,236.8,1.0,LA STELLA,IMO9748368,ONIS,70.0,29.93948,-90.14204,2025-01-01 15:35:14+00:00,180.0,2.226468189920693,0.0240438773683079,False,False,False,True
205700000,2025-01-01 15:41:14+00:00,-90.14206,29.93949,0.0,238.2,1.0,LA STELLA,IMO9748368,ONIS,70.0,29.93949,-90.14202,2025-01-01 15:38:14+00:00,180.0,3.861790479693289,0.0417039044780389,False,False,False,True
205700000,2025-01-01 15:44:14+00:00,-90.14201,29.93949,0.1,184.0,1.0,LA STELLA,IMO9748368,ONIS,70.0,29.93949,-90.14206,2025-01-01 15:41:14+00:00,180.0,4.827238099959594,0.0521298806012525,False,False,False,True
205700000,2025-01-01 15:47:14+00:00,-90.14205,29.9395,0.1,176.1,1.0,LA STELLA,IMO9748368,ONIS,70.0,29.93949,-90.14201,2025-01-01 15:44:14+00:00,180.0,4.017739169046396,0.0433880117019952,False,False,False,True
205700000,2025-01-01 15:53:14+00:00,-90.14202,29.93944,0.0,184.6,1.0,LA STELLA,IMO9748368,ONIS,70.0,29.9395,-90.14205,2025-01-01 15:47:14+00:00,360.0,7.2543602090303105,0.0391703209686707,False,False,False,True
205700000,2025-01-01 15:56:14+00:00,-90.14201,29.93945,0.0,184.6,1.0,LA STELLA,IMO9748368,ONIS,70.0,29.93944,-90.14202,2025-01-01 15:53:14+00:00,180.0,1.4699978700060723,0.0158746703312922,False,False,False,True
205700000,2025-01-01 15:59:14+00:00,-90.14196,29.93947,0.0,184.6,1.0,LA STELLA,IMO9748368,ONIS,70.0,29.93945,-90.14201,2025-01-01 15:56:14+00:00,180.0,5.312010619868466,0.0573649929073617,False,False,False,True
205700000,2025-01-01 16:02:14+00:00,-90.14202,29.93946,0.0,184.6,1.0,LA STELLA,IMO9748368,ONIS,70.0,29.93947,-90.14196,2025-01-01 15:59:14+00:00,180.0,5.897798609078381,0.063690982490394,False,False,False,True
205700000,2025-01-01 16:05:14+00:00,-90.14203,29.93941,0.1,170.7,1.0,LA STELLA,IMO9748368,ONIS,70.0,29.93946,-90.14202,2025-01-01 16:02:14+00:00,180.0,5.626027441397673,0.0607560954538136,False,False,False,True
205700000,2025-01-01 16:08:14+00:00,-90.14206,29.93945,0.1,193.5,1.0,LA STELLA,IMO9748368,ONIS,70.0,29.93941,-90.14203,2025-01-01 16:05:14+00:00,180.0,5.29619415916687,0.0571941891908607,False,False,False,True
205700000,2025-01-01 16:11:14+00:00,-90.14202,29.9394,0.1,181.5,1.0,LA STELLA,IMO9748368,ONIS,70.0,29.93945,-90.14206,2025-01-01 16:08:14+00:00,180.0,6.7552601455527865,0.0729508048962851,False,False,False,True
205700000,2025-01-01 16:14:14+00:00,-90.14203,29.93946,0.2,187.2,1.0,LA STELLA,IMO9748368,ONIS,70.0,29.9394,-90.14202,2025-01-01 16:11:14+00:00,180.0,6.720790610211449,0.0725785645541856,False,False,False,True
205700000,2025-01-01 16:17:14+00:00,-90.14201,29.93947,0.0,163.1,1.0,LA STELLA,IMO9748368,ONIS,70.0,29.93946,-90.14203,2025-01-01 16:14:14+00:00,180.0,2.226468523174294,0.0240438809671506,False,False,False,True
205700000,2025-01-01 16:20:14+00:00,-90.14201,29.93943,0.0,158.6,1.0,LA STELLA,IMO9748368,ONIS,70.0,29.93947,-90.14201,2025-01-01 16:17:14+00:00,180.0,4.434056906854156,0.0478838732101076,False,False,False,True
205700000,2025-01-01 16:23:14+00:00,-90.14201,29.93945,0.0,158.6,1.0,LA STELLA,IMO9748368,ONIS,70.0,29.93943,-90.14201,2025-01-01 16:20:14+00:00,180.0,2.2170284507141726,0.0239419365757568,False,False,False,True
205700000,2025-01-01 16:26:14+00:00,-90.14205,29.93946,0.0,158.6,1.0,LA STELLA,IMO9748368,ONIS,70.0,29.93945,-90.14201,2025-01-01 16:23:14+00:00,180.0,4.017740651621893,0.0433880277124927,False,False,False,True
205700000,2025-01-01 16:29:14+00:00,-90.14202,29.93946,0.0,158.6,1.0,LA STELLA,IMO9748368,ONIS,70.0,29.93946,-90.14205,2025-01-01 16:26:14+00:00,180.0,2.8963437284585773,0.031277937739594,False,False,False,True
205700000,2025-01-01 16:32:14+00:00,-90.142,29.93949,0.0,158.6,1.0,LA STELLA,IMO9748368,ONIS,70.0,29.93946,-90.14202,2025-01-01 16:29:14+00:00,180.0,3.8454637877895217,0.0415275907180932,False,False,False,True
205700000,2025-01-01 16:35:14+00:00,-90.14205,29.93946,0.0,158.6,1.0,LA STELLA,IMO9748368,ONIS,70.0,29.93949,-90.142,2025-01-01 16:32:14+00:00,180.0,5.861865647306044,0.0633029384436632,False,False,False,True
205700000,2025-01-01 16:38:14+00:00,-90.14205,29.93942,0.0,158.6,1.0,LA STELLA,IMO9748368,ONIS,70.0,29.93946,-90.14205,2025-01-01 16:35:14+00:00,180.0,4.434056900724447,0.0478838731439122,False,False,False,True
205700000,2025-01-01 16:41:14+00:00,-90.14201,29.93947,0.0,158.6,1.0,LA STELLA,IMO9748368,ONIS,70.0,29.93942,-90.14205,2025-01-01 16:38:14+00:00,180.0,6.755259717645238,0.0729508002752639,False,False,False,True
205700000,2025-01-01 16:44:14+00:00,-90.14203,29.93944,0.0,158.6,1.0,LA STELLA,IMO9748368,ONIS,70.0,29.93947,-90.14201,2025-01-01 16:41:14+00:00,180.0,3.845463973546925,0.041527592724108,False,False,False,True
205700000,2025-01-01 16:47:14+00:00,-90.14203,29.93945,0.0,158.6,1.0,LA STELLA,IMO9748368,ONIS,70.0,29.93944,-90.14203,2025-01-01 16:44:14+00:00,180.0,1.108514226697404,0.0119709683023526,False,False,False,True
205700000,2025-01-01 16:50:14+00:00,-90.14201,29.93948,0.0,158.6,1.0,LA STELLA,IMO9748368,ONIS,70.0,29.93945,-90.14203,2025-01-01 16:47:14+00:00,180.0,3.845463880137949,0.0415275917153741,False,False,False,True
205700000,2025-01-01 16:53:14+00:00,-90.14204,29.93947,0.0,158.6,1.0,LA STELLA,IMO9748368,ONIS,70.0,29.93948,-90.14201,2025-01-01 16:50:14+00:00,180.0,3.101226898285369,0.0334904938553501,False,False,False,True
205700000,2025-01-01 16:56:14+00:00,-90.14204,29.93946,0.0,158.6,1.0,LA STELLA,IMO9748368,ONIS,70.0,29.93947,-90.14204,2025-01-01 16:53:14+00:00,180.0,1.1085142288803231,0.0119709683259262,False,False,False,True
205700000,2025-01-01 16:59:14+00:00,-90.14203,29.93946,0.0,158.6,1.0,LA STELLA,IMO9748368,ONIS,70.0,29.93946,-90.14204,2025-01-01 16:56:14+00:00,180.0,0.9654479085715392,0.0104259792366538,False,False,False,True
205700000,2025-01-01 17:02:14+00:00,-90.14208,29.93944,0.0,158.6,1.0,LA STELLA,IMO9748368,ONIS,70.0,29.93946,-90.14203,2025-01-01 16:59:14+00:00,180.0,5.3120110579302215,0.0573649976380393,False,False,False,True
205700000,2025-01-01 17:05:14+00:00,-90.14208,29.93943,0.0,158.6,1.0,LA STELLA,IMO9748368,ONIS,70.0,29.93944,-90.14208,2025-01-01 17:02:14+00:00,180.0,1.1085142240167354,0.0119709682734038,False,False,False,True
205700000,2025-01-01 17:08:14+00:00,-90.14204,29.93945,0.0,158.6,1.0,LA STELLA,IMO9748368,ONIS,70.0,29.93943,-90.14208,2025-01-01 17:05:14+00:00,180.0,4.452937883365664,0.0480877709733417,False,False,False,True
205700000,2025-01-01 17:11:14+00:00,-90.14202,29.93946,0.0,158.6,1.0,LA STELLA,IMO9748368,ONIS,70.0,29.93945,-90.14204,2025-01-01 17:08:14+00:00,180.0,2.226468690506401,0.0240438827741886,False,False,False,True
205700000,2025-01-01 17:14:14+00:00,-90.14202,29.93944,0.0,158.6,1.0,LA STELLA,IMO9748368,ONIS,70.0,29.93946,-90.14202,2025-01-01 17:11:14+00:00,180.0,2.217028454310259,0.0239419366145914,False,False,False,True
205700000,2025-01-01 17:17:14+00:00,-90.14203,29.93944,0.0,158.6,1.0,LA STELLA,IMO9748368,ONIS,70.0,29.93944,-90.14202,2025-01-01 17:14:14+00:00,180.0,0.9654481030615089,0.0104259813369726,False,False,False,True
205700000,2025-01-01 17:20:14+00:00,-90.14197,29.9395,0.0,158.6,1.0,LA STELLA,IMO9748368,ONIS,70.0,29.93944,-90.14203,2025-01-01 17:17:14+00:00,180.0,8.819986281888774,0.0952480118565926,False,False,False,True
205700000,2025-01-01 17:23:14+00:00,-90.14201,29.93946,0.0,158.6,1.0,LA STELLA,IMO9748368,ONIS,70.0,29.9395,-90.14197,2025-01-01 17:20:14+00:00,180.0,5.879990605055791,0.0634986718762869,False,False,False,True
205700000,2025-01-01 17:26:14+00:00,-90.14203,29.93944,0.0,158.6,1.0,LA STELLA,IMO9748368,ONIS,70.0,29.93946,-90.14201,2025-01-01 17:23:14+00:00,180.0,2.939995676832769,0.0317493399803033,False,False,False,True
205700000,2025-01-01 17:29:14+00:00,-90.14202,29.93947,0.0,158.6,1.0,LA STELLA,IMO9748368,ONIS,70.0,29.93944,-90.14203,2025-01-01 17:26:14+00:00,180.0,3.4628491001808768,0.0373956921938644,False,False,False,True
205700000,2025-01-01 17:32:14+00:00,-90.14198,29.93949,0.0,158.6,1.0,LA STELLA,IMO9748368,ONIS,70.0,29.93947,-90.14202,2025-01-01 17:29:14+00:00,180.0,4.452936546821884,0.0480877565398569,False,False,False,True
205700000,2025-01-01 17:35:14+00:00,-90.14199,29.93949,0.0,158.6,1.0,LA STELLA,IMO9748368,ONIS,70.0,29.93949,-90.14198,2025-01-01 17:32:14+00:00,180.0,0.9654476202663228,0.0104259761232138,False,False,False,True
205700000,2025-01-01 17:38:14+00:00,-90.14202,29.93949,0.0,158.6,1.0,LA STELLA,IMO9748368,ONIS,70.0,29.93949,-90.14199,2025-01-01 17:35:14+00:00,180.0,2.896342859426978,0.0312779283548252,False,False,False,True
205700000,2025-01-01 17:41:14+00:00,-90.14203,29.93948,0.0,158.6,1.0,LA STELLA,IMO9748368,ONIS,70.0,29.93949,-90.14202,2025-01-01 17:38:14+00:00,180.0,1.4699976204677718,0.0158746676365004,False,False,False,True
205700000,2025-01-01 17:44:14+00:00,-90.14201,29.93947,0.0,158.6,1.0,LA STELLA,IMO9748368,ONIS,70.0,29.93948,-90.14203,2025-01-01 17:41:14+00:00,180.0,2.226468357606831,0.0240438791791692,False,False,False,True
205700000,2025-01-01 17:47:14+00:00,-90.14205,29.93946,0.0,158.6,1.0,LA STELLA,IMO9748368,ONIS,70.0,29.93947,-90.14201,2025-01-01 17:44:14+00:00,180.0,4.0177402803604405,0.0433880237031991,False,False,False,True
205700000,2025-01-01 17:53:14+00:00,-90.14205,29.93944,0.0,127.3,1.0,LA STELLA,IMO9748368,ONIS,70.0,29.93946,-90.14205,2025-01-01 17:47:14+00:00,360.0,2.217028454310259,0.0119709683072957,False,False,False,True
205700000,2025-01-01 17:56:14+00:00,-90.14203,29.93944,0.1,160.8,1.0,LA STELLA,IMO9748368,ONIS,70.0,29.93944,-90.14205,2025-01-01 17:53:14+00:00,180.0,1.930896204751032,0.0208519626591291,False,False,False,True
205700000,2025-01-01 17:59:14+00:00,-90.14202,29.93946,0.1,163.0,1.0,LA STELLA,IMO9748368,ONIS,70.0,29.93944,-90.14203,2025-01-01 17:56:14+00:00,180.0,2.418120141981219,0.0261135480932709,False,False,False,True
205700000,2025-01-01 18:02:14+00:00,-90.14201,29.93949,0.1,166.7,1.0,LA STELLA,IMO9748368,ONIS,70.0,29.93946,-90.14202,2025-01-01 17:59:14+00:00,180.0,3.4628490556577587,0.0373956917130543,False,False,False,True
205700000,2025-01-01 18:05:14+00:00,-90.14204,29.93947,0.1,81.5,1.0,LA STELLA,IMO9748368,ONIS,70.0,29.93949,-90.14201,2025-01-01 18:02:14+00:00,180.0,3.647467456107215,0.0393894063326636,False,False,False,True
205700000,2025-01-01 18:08:14+00:00,-90.14199,29.93946,0.1,163.1,1.0,LA STELLA,IMO9748368,ONIS,70.0,29.93947,-90.14204,2025-01-01 18:05:14+00:00,180.0,4.952882303064057,0.0534867263110446,False,False,False,True
205700000,2025-01-01 18:14:14+00:00,-90.14201,29.93947,0.1,164.8,1.0,LA STELLA,IMO9748368,ONIS,70.0,29.93946,-90.14199,2025-01-01 18:08:14+00:00,360.0,2.226468522114619,0.0120219404778535,False,False,False,True
205700000,2025-01-01 18:20:14+00:00,-90.14202,29.93943,0.1,131.6,1.0,LA STELLA,IMO9748368,ONIS,70.0,29.93947,-90.14201,2025-01-01 18:14:14+00:00,360.0,4.537945625730357,0.0245028895142213,False,False,False,True
205700000,2025-01-01 18:23:14+00:00,-90.14201,29.93943,0.1,156.9,1.0,LA STELLA,IMO9748368,ONIS,70.0,29.93943,-90.14202,2025-01-01 18:20:14+00:00,180.0,0.9654481996204576,0.0104259823797235,False,False,False,True
205700000,2025-01-01 18:26:14+00:00,-90.14202,29.93943,0.1,138.5,1.0,LA STELLA,IMO9748368,ONIS,70.0,29.93943,-90.14201,2025-01-01 18:23:14+00:00,180.0,0.9654481996204576,0.0104259823797235,False,False,False,True
205700000,2025-01-01 18:29:14+00:00,-90.14201,29.93943,0.1,135.3,1.0,LA STELLA,IMO9748368,ONIS,70.0,29.93943,-90.14202,2025-01-01 18:26:14+00:00,180.0,0.9654481996204576,0.0104259823797235,False,False,False,True
205700000,2025-01-01 18:32:14+00:00,-90.14202,29.93948,0.1,136.9,1.0,LA STELLA,IMO9748368,ONIS,70.0,29.93943,-90.14201,2025-01-01 18:29:14+00:00,180.0,5.626027424489708,0.0607560952712226,False,False,False,True
205700000,2025-01-01 18:35:14+00:00,-90.14203,29.9395,0.1,139.0,1.0,LA STELLA,IMO9748368,ONIS,70.0,29.93948,-90.14202,2025-01-01 18:32:14+00:00,180.0,2.418119999255868,0.026113546551964,False,False,False,True
205700000,2025-01-01 18:38:14+00:00,-90.14202,29.93948,0.1,137.5,1.0,LA STELLA,IMO9748368,ONIS,70.0,29.9395,-90.14203,2025-01-01 18:35:14+00:00,180.0,2.418119999255868,0.026113546551964,False,False,False,True
205700000,2025-01-01 18:41:14+00:00,-90.14203,29.93947,0.1,134.8,1.0,LA STELLA,IMO9748368,ONIS,70.0,29.93948,-90.14202,2025-01-01 18:38:14+00:00,180.0,1.4699976825881012,0.0158746683073447,False,False,False,True
205700000,2025-01-01 18:44:14+00:00,-90.14201,29.93949,0.1,135.0,1.0,LA STELLA,IMO9748368,ONIS,70.0,29.93947,-90.14203,2025-01-01 18:41:14+00:00,180.0,2.939995303410603,0.0317493359476759,False,False,False,True
205700000,2025-01-01 18:50:14+00:00,-90.14202,29.9395,0.1,155.8,1.0,LA STELLA,IMO9748368,ONIS,70.0,29.93949,-90.14201,2025-01-01 18:44:14+00:00,360.0,1.4699975590562375,0.0079373334866552,False,False,False,True
205700000,2025-01-01 18:56:14+00:00,-90.142,29.93948,0.1,124.1,1.0,LA STELLA,IMO9748368,ONIS,70.0,29.9395,-90.14202,2025-01-01 18:50:14+00:00,360.0,2.939995179171796,0.0158746673030036,False,False,False,True
205700000,2025-01-01 18:59:14+00:00,-90.14201,29.93946,0.1,123.2,1.0,LA STELLA,IMO9748368,ONIS,70.0,29.93948,-90.142,2025-01-01 18:56:14+00:00,180.0,2.418120069911972,0.0261135473149871,False,False,False,True
205700000,2025-01-01 19:02:14+00:00,-90.14209,29.93945,0.0,163.3,1.0,LA STELLA,IMO9748368,ONIS,70.0,29.93946,-90.14201,2025-01-01 18:59:14+00:00,180.0,7.802726985003784,0.0842625156807208,False,False,False,True
205700000,2025-01-01 19:05:14+00:00,-90.14205,29.93946,0.0,163.3,1.0,LA STELLA,IMO9748368,ONIS,70.0,29.93945,-90.14209,2025-01-01 19:02:14+00:00,180.0,4.017740651621893,0.0433880277124927,False,False,False,True
205700000,2025-01-01 19:08:14+00:00,-90.14202,29.93948,0.1,117.1,1.0,LA STELLA,IMO9748368,ONIS,70.0,29.93946,-90.14205,2025-01-01 19:05:14+00:00,180.0,3.64746768275968,0.0393894087803087,False,False,False,True
205700000,2025-01-01 19:11:14+00:00,-90.142,29.93947,0.0,118.8,1.0,LA STELLA,IMO9748368,ONIS,70.0,29.93948,-90.14202,2025-01-01 19:08:14+00:00,180.0,2.226468357606831,0.0240438791791692,False,False,False,True
205700000,2025-01-01 19:14:14+00:00,-90.14204,29.93945,0.0,118.8,1.0,LA STELLA,IMO9748368,ONIS,70.0,29.93947,-90.142,2025-01-01 19:11:14+00:00,180.0,4.452937212974366,0.0480877637337116,False,False,False,True
205700000,2025-01-01 19:17:14+00:00,-90.14198,29.93948,0.0,118.8,1.0,LA STELLA,IMO9748368,ONIS,70.0,29.93945,-90.14204,2025-01-01 19:14:14+00:00,180.0,6.679405569875469,0.0721316429052596,False,False,False,True
205700000,2025-01-01 19:20:14+00:00,-90.14198,29.93948,0.0,118.8,1.0,LA STELLA,IMO9748368,ONIS,70.0,29.93948,-90.14198,2025-01-01 19:17:14+00:00,180.0,0.0,0.0,False,False,False,True
205700000,2025-01-01 19:23:14+00:00,-90.14201,29.93948,0.0,118.8,1.0,LA STELLA,IMO9748368,ONIS,70.0,29.93948,-90.14198,2025-01-01 19:20:14+00:00,180.0,2.8963431491042657,0.0312779314830824,False,False,False,True
205700000,2025-01-01 19:26:14+00:00,-90.14198,29.9395,0.0,118.8,1.0,LA STELLA,IMO9748368,ONIS,70.0,29.93948,-90.14201,2025-01-01 19:23:14+00:00,180.0,3.6474672283969287,0.0393894038735949,False,False,False,True
205700000,2025-01-01 19:29:14+00:00,-90.14197,29.93946,0.0,118.8,1.0,LA STELLA,IMO9748368,ONIS,70.0,29.9395,-90.14198,2025-01-01 19:26:14+00:00,180.0,4.537945583883573,0.0490057785765346,False,False,False,True
205700000,2025-01-01 19:32:14+00:00,-90.14199,29.93948,0.0,118.8,1.0,LA STELLA,IMO9748368,ONIS,70.0,29.93946,-90.14197,2025-01-01 19:29:14+00:00,180.0,2.939995426588905,0.031749337277892,False,False,False,True
205700000,2025-01-01 19:35:14+00:00,-90.14199,29.93952,0.0,118.8,1.0,LA STELLA,IMO9748368,ONIS,70.0,29.93948,-90.14199,2025-01-01 19:32:14+00:00,180.0,4.4340569403242,0.0478838735715544,False,False,False,True
205700000,2025-01-01 19:38:14+00:00,-90.14199,29.9395,0.1,132.4,1.0,LA STELLA,IMO9748368,ONIS,70.0,29.93952,-90.14199,2025-01-01 19:35:14+00:00,180.0,2.21702847410979,0.0239419368284087,False,False,False,True
205700000,2025-01-01 19:41:14+00:00,-90.142,29.93951,0.0,132.2,1.0,LA STELLA,IMO9748368,ONIS,70.0,29.9395,-90.14199,2025-01-01 19:38:14+00:00,180.0,1.469997495170335,0.0158746662833994,False,False,False,True
205700000,2025-01-01 19:44:14+00:00,-90.14199,29.93949,0.0,132.2,1.0,LA STELLA,IMO9748368,ONIS,70.0,29.93951,-90.142,2025-01-01 19:41:14+00:00,180.0,2.418119963042176,0.0261135461608883,False,False,False,True
205700000,2025-01-01 19:47:14+00:00,-90.14202,29.93946,0.0,132.2,1.0,LA STELLA,IMO9748368,ONIS,70.0,29.93949,-90.14199,2025-01-01 19:44:14+00:00,180.0,4.40999304599948,0.0476240049029757,False,False,False,True
205700000,2025-01-01 19:50:14+00:00,-90.14201,29.93948,0.0,132.2,1.0,LA STELLA,IMO9748368,ONIS,70.0,29.93946,-90.14202,2025-01-01 19:47:14+00:00,180.0,2.418120069911972,0.0261135473149871,False,False,False,True
205700000,2025-01-01 19:53:14+00:00,-90.14199,29.93948,0.0,132.2,1.0,LA STELLA,IMO9748368,ONIS,70.0,29.93948,-90.14201,2025-01-01 19:50:14+00:00,180.0,1.9308954322788527,0.0208519543171162,False,False,False,True
205700000,2025-01-01 19:56:14+00:00,-90.14201,29.9395,0.0,132.2,1.0,LA STELLA,IMO9748368,ONIS,70.0,29.93948,-90.14199,2025-01-01 19:53:14+00:00,180.0,2.939995178111896,0.0317493345945612,False,False,False,True
205700000,2025-01-01 19:59:14+00:00,-90.14201,29.9395,0.0,132.2,1.0,LA STELLA,IMO9748368,ONIS,70.0,29.9395,-90.14201,2025-01-01 19:56:14+00:00,180.0,0.0,0.0,False,False,False,True
205700000,2025-01-01 20:02:14+00:00,-90.142,29.93949,0.0,102.2,1.0,LA STELLA,IMO9748368,ONIS,70.0,29.9395,-90.14201,2025-01-01 19:59:14+00:00,180.0,1.4699975590562375,0.0158746669733104,False,False,False,True
205700000,2025-01-01 20:05:14+00:00,-90.142,29.93952,0.0,98.4,1.0,LA STELLA,IMO9748368,ONIS,70.0,29.93949,-90.142,2025-01-01 20:02:14+00:00,180.0,3.3255427085565885,0.0359129052144479,False,False,False,True
205700000,2025-01-01 20:08:14+00:00,-90.14197,29.93953,0.0,98.4,1.0,LA STELLA,IMO9748368,ONIS,70.0,29.93952,-90.142,2025-01-01 20:05:14+00:00,180.0,3.1012255478608224,0.0334904792719654,False,False,False,True
205700000,2025-01-01 20:11:14+00:00,-90.14201,29.93951,0.0,98.4,1.0,LA STELLA,IMO9748368,ONIS,70.0,29.93953,-90.14197,2025-01-01 20:08:14+00:00,180.0,4.452935214162421,0.0480877421483193,False,False,False,True
205700000,2025-01-01 20:14:14+00:00,-90.14198,29.93953,0.0,98.4,1.0,LA STELLA,IMO9748368,ONIS,70.0,29.93951,-90.14201,2025-01-01 20:11:14+00:00,180.0,3.647466545262953,0.0393893964963552,False,False,False,True
205700000,2025-01-01 20:17:14+00:00,-90.142,29.93952,0.0,90.1,1.0,LA STELLA,IMO9748368,ONIS,70.0,29.93953,-90.14198,2025-01-01 20:14:14+00:00,180.0,2.226467522002233,0.0240438701553823,False,False,False,True
205700000,2025-01-01 20:20:14+00:00,-90.14199,29.93951,0.0,73.9,1.0,LA STELLA,IMO9748368,ONIS,70.0,29.93952,-90.142,2025-01-01 20:17:14+00:00,180.0,1.469997434464655,0.015874665627832,False,False,False,True
205700000,2025-01-01 20:23:14+00:00,-90.142,29.9395,0.0,73.9,1.0,LA STELLA,IMO9748368,ONIS,70.0,29.93951,-90.14199,2025-01-01 20:20:14+00:00,180.0,1.469997495170335,0.0158746662833994,False,False,False,True
205700000,2025-01-01 20:26:14+00:00,-90.142,29.93954,0.0,73.9,1.0,LA STELLA,IMO9748368,ONIS,70.0,29.9395,-90.142,2025-01-01 20:23:14+00:00,180.0,4.434056954349559,0.0478838737230158,False,False,False,True
205700000,2025-01-01 20:29:14+00:00,-90.142,29.9395,0.0,120.1,1.0,LA STELLA,IMO9748368,ONIS,70.0,29.93954,-90.142,2025-01-01 20:26:14+00:00,180.0,4.434056954349559,0.0478838737230158,False,False,False,True
205700000,2025-01-01 20:32:14+00:00,-90.14203,29.93953,0.0,122.2,1.0,LA STELLA,IMO9748368,ONIS,70.0,29.9395,-90.142,2025-01-01 20:29:14+00:00,180.0,4.409992302332465,0.0476239968720329,False,False,False,True
205700000,2025-01-01 20:38:14+00:00,-90.14203,29.93952,0.0,40.2,1.0,LA STELLA,IMO9748368,ONIS,70.0,29.93953,-90.14203,2025-01-01 20:32:14+00:00,360.0,1.1085142389575111,0.0059854842173754,False,False,False,True
205700000,2025-01-01 20:41:14+00:00,-90.14204,29.93948,0.1,47.9,1.0,LA STELLA,IMO9748368,ONIS,70.0,29.93952,-90.14203,2025-01-01 20:38:14+00:00,180.0,4.537945556691128,0.0490057782828804,False,False,False,True
205700000,2025-01-01 20:44:14+00:00,-90.14203,29.93954,0.1,41.6,1.0,LA STELLA,IMO9748368,ONIS,70.0,29.93948,-90.14204,2025-01-01 20:41:14+00:00,180.0,6.72079057950627,0.072578564222597,False,False,False,True
205700000,2025-01-01 20:50:14+00:00,-90.14201,29.93948,0.1,100.3,1.0,LA STELLA,IMO9748368,ONIS,70.0,29.93954,-90.14203,2025-01-01 20:44:14+00:00,360.0,6.925697958655526,0.0373956908887582,False,False,False,True
205700000,2025-01-01 20:53:14+00:00,-90.14203,29.9395,0.0,99.0,1.0,LA STELLA,IMO9748368,ONIS,70.0,29.93948,-90.14201,2025-01-01 20:50:14+00:00,180.0,2.939995179171796,0.0317493346060072,False,False,False,True
205700000,2025-01-01 20:56:14+00:00,-90.142,29.93951,0.0,99.0,1.0,LA STELLA,IMO9748368,ONIS,70.0,29.9395,-90.14203,2025-01-01 20:53:14+00:00,180.0,3.101226090008493,0.0334904851266783,False,False,False,True
205700000,2025-01-01 20:59:14+00:00,-90.142,29.93951,0.1,97.9,1.0,LA STELLA,IMO9748368,ONIS,70.0,29.93951,-90.142,2025-01-01 20:56:14+00:00,180.0,0.0,0.0,False,False,False,True
205700000,2025-01-01 21:02:14+00:00,-90.14202,29.93949,0.1,125.9,1.0,LA STELLA,IMO9748368,ONIS,70.0,29.93951,-90.142,2025-01-01 20:59:14+00:00,180.0,2.9399950549325893,0.0317493332643342,False,False,False,True
205700000,2025-01-01 21:05:14+00:00,-90.14196,29.93953,0.1,149.4,1.0,LA STELLA,IMO9748368,ONIS,70.0,29.93949,-90.14202,2025-01-01 21:02:14+00:00,180.0,7.294933545948737,0.0787787979108722,False,False,False,True
205700000,2025-01-01 21:08:14+00:00,-90.14197,29.93955,0.1,60.9,1.0,LA STELLA,IMO9748368,ONIS,70.0,29.93953,-90.14196,2025-01-01 21:05:14+00:00,180.0,2.418119822434472,0.0261135446424501,False,False,False,True
205700000,2025-01-01 21:11:14+00:00,-90.14203,29.93943,0.1,180.1,1.0,LA STELLA,IMO9748368,ONIS,70.0,29.93955,-90.14197,2025-01-01 21:08:14+00:00,180.0,14.508719994832951,0.1566812793042004,False,False,False,True
205700000,2025-01-01 21:14:14+00:00,-90.14202,29.93947,0.1,196.0,1.0,LA STELLA,IMO9748368,ONIS,70.0,29.93943,-90.14203,2025-01-01 21:11:14+00:00,180.0,4.537945625730357,0.0490057790284427,False,False,False,True
205700000,2025-01-01 21:17:14+00:00,-90.142,29.93946,0.1,199.0,1.0,LA STELLA,IMO9748368,ONIS,70.0,29.93947,-90.14202,2025-01-01 21:14:14+00:00,180.0,2.226468523174294,0.0240438809671506,False,False,False,True
205700000,2025-01-01 21:20:14+00:00,-90.14202,29.93947,0.1,120.5,1.0,LA STELLA,IMO9748368,ONIS,70.0,29.93946,-90.142,2025-01-01 21:17:14+00:00,180.0,2.226468523174294,0.0240438809671506,False,False,False,True
205700000,2025-01-01 21:23:14+00:00,-90.14204,29.93944,0.1,140.2,1.0,LA STELLA,IMO9748368,ONIS,70.0,29.93947,-90.14202,2025-01-01 21:20:14+00:00,180.0,3.8454639731928033,0.0415275927202838,False,False,False,True
205700000,2025-01-01 21:26:14+00:00,-90.14203,29.93948,0.1,156.4,1.0,LA STELLA,IMO9748368,ONIS,70.0,29.93944,-90.14204,2025-01-01 21:23:14+00:00,180.0,4.537945611426195,0.0490057788739705,False,False,False,True
205700000,2025-01-01 21:29:14+00:00,-90.14202,29.93948,0.1,108.7,1.0,LA STELLA,IMO9748368,ONIS,70.0,29.93948,-90.14203,2025-01-01 21:26:14+00:00,180.0,0.9654477168254187,0.0104259771659662,False,False,False,True
205700000,2025-01-01 21:32:14+00:00,-90.14204,29.93944,0.1,202.9,1.0,LA STELLA,IMO9748368,ONIS,70.0,29.93948,-90.14202,2025-01-01 21:29:14+00:00,180.0,4.836240211186966,0.0522270954006315,False,False,False,True
205700000,2025-01-01 21:35:14+00:00,-90.14204,29.93945,0.0,203.3,1.0,LA STELLA,IMO9748368,ONIS,70.0,29.93944,-90.14204,2025-01-01 21:32:14+00:00,180.0,1.108514226697404,0.0119709683023526,False,False,False,True
205700000,2025-01-01 21:38:14+00:00,-90.142,29.93948,0.0,169.5,1.0,LA STELLA,IMO9748368,ONIS,70.0,29.93945,-90.14204,2025-01-01 21:35:14+00:00,180.0,5.09633861899475,0.0550359270063708,False,False,False,True
205700000,2025-01-01 21:41:14+00:00,-90.142,29.93949,0.0,169.5,1.0,LA STELLA,IMO9748368,ONIS,70.0,29.93948,-90.142,2025-01-01 21:38:14+00:00,180.0,1.108514232120874,0.0119709683609213,False,False,False,True
205700000,2025-01-01 21:47:14+00:00,-90.142,29.93949,0.1,164.6,1.0,LA STELLA,IMO9748368,ONIS,70.0,29.93949,-90.142,2025-01-01 21:41:14+00:00,360.0,0.0,0.0,False,False,False,True
205700000,2025-01-01 21:50:14+00:00,-90.14202,29.93948,0.0,154.0,1.0,LA STELLA,IMO9748368,ONIS,70.0,29.93949,-90.142,2025-01-01 21:47:14+00:00,180.0,2.226468190980368,0.0240438773797515,False,False,False,True
205700000,2025-01-01 21:56:14+00:00,-90.14203,29.93947,0.0,154.0,1.0,LA STELLA,IMO9748368,ONIS,70.0,29.93948,-90.14202,2025-01-01 21:50:14+00:00,360.0,1.4699976825881012,0.0079373341536723,False,False,False,True
205700000,2025-01-01 21:59:14+00:00,-90.14201,29.93943,0.0,154.0,1.0,LA STELLA,IMO9748368,ONIS,70.0,29.93947,-90.14203,2025-01-01 21:56:14+00:00,180.0,4.836240281844538,0.0522270961636704,False,False,False,True
205700000,2025-01-01 22:02:14+00:00,-90.14201,29.93945,0.0,154.0,1.0,LA STELLA,IMO9748368,ONIS,70.0,29.93943,-90.14201,2025-01-01 21:59:14+00:00,180.0,2.2170284507141726,0.0239419365757568,False,False,False,True
205700000,2025-01-01 22:05:14+00:00,-90.14202,29.93946,0.0,154.0,1.0,LA STELLA,IMO9748368,ONIS,70.0,29.93945,-90.14201,2025-01-01 22:02:14+00:00,180.0,1.469997807180289,0.0158746696528296,False,False,False,True
205700000,2025-01-01 22:08:14+00:00,-90.142,29.93945,0.0,154.0,1.0,LA STELLA,IMO9748368,ONIS,70.0,29.93946,-90.14202,2025-01-01 22:05:14+00:00,180.0,2.226468690859819,0.0240438827780052,False,False,False,True
205700000,2025-01-01 22:11:14+00:00,-90.14202,29.93946,0.0,154.0,1.0,LA STELLA,IMO9748368,ONIS,70.0,29.93945,-90.142,2025-01-01 22:08:14+00:00,180.0,2.226468690859819,0.0240438827780052,False,False,False,True
205700000,2025-01-01 22:14:14+00:00,-90.14201,29.93948,0.0,154.0,1.0,LA STELLA,IMO9748368,ONIS,70.0,29.93946,-90.14202,2025-01-01 22:11:14+00:00,180.0,2.418120069911972,0.0261135473149871,False,False,False,True
205700000,2025-01-01 22:17:14+00:00,-90.14201,29.93948,0.0,154.0,1.0,LA STELLA,IMO9748368,ONIS,70.0,29.93948,-90.14201,2025-01-01 22:14:14+00:00,180.0,0.0,0.0,False,False,False,True
205700000,2025-01-01 22:20:14+00:00,-90.14203,29.93946,0.0,154.0,1.0,LA STELLA,IMO9748368,ONIS,70.0,29.93948,-90.14201,2025-01-01 22:17:14+00:00,180.0,2.939995426588905,0.031749337277892,False,False,False,True
205700000,2025-01-01 22:23:14+00:00,-90.14199,29.93947,0.0,154.0,1.0,LA STELLA,IMO9748368,ONIS,70.0,29.93946,-90.14203,2025-01-01 22:20:14+00:00,180.0,4.0177402803604405,0.0433880237031991,False,False,False,True
205700000,2025-01-01 22:26:14+00:00,-90.142,29.93945,0.0,154.0,1.0,LA STELLA,IMO9748368,ONIS,70.0,29.93947,-90.14199,2025-01-01 22:23:14+00:00,180.0,2.418120104710836,0.0261135476907839,False,False,False,True
205700000,2025-01-01 22:29:14+00:00,-90.14198,29.93945,0.0,154.0,1.0,LA STELLA,IMO9748368,ONIS,70.0,29.93945,-90.142,2025-01-01 22:26:14+00:00,180.0,1.9308960116330756,0.0208519605736268,False,False,False,True
205700000,2025-01-01 22:32:14+00:00,-90.14201,29.9395,0.0,154.0,1.0,LA STELLA,IMO9748368,ONIS,70.0,29.93945,-90.14198,2025-01-01 22:29:14+00:00,180.0,6.253710855434489,0.0675345183845987,False,False,False,True
205700000,2025-01-01 22:35:14+00:00,-90.142,29.93948,0.0,154.0,1.0,LA STELLA,IMO9748368,ONIS,70.0,29.9395,-90.14201,2025-01-01 22:32:14+00:00,180.0,2.418119999255868,0.026113546551964,False,False,False,True
205700000,2025-01-01 22:38:14+00:00,-90.142,29.93951,0.0,154.0,1.0,LA STELLA,IMO9748368,ONIS,70.0,29.93948,-90.142,2025-01-01 22:35:14+00:00,180.0,3.325542702283286,0.0359129051467019,False,False,False,True
205700000,2025-01-01 22:41:14+00:00,-90.14201,29.93944,0.0,154.0,1.0,LA STELLA,IMO9748368,ONIS,70.0,29.93951,-90.142,2025-01-01 22:38:14+00:00,180.0,7.819429364030928,0.0844428865276548,False,False,False,True
205700000,2025-01-01 22:44:14+00:00,-90.142,29.93944,0.0,154.0,1.0,LA STELLA,IMO9748368,ONIS,70.0,29.93944,-90.14201,2025-01-01 22:41:14+00:00,180.0,0.9654481030615089,0.0104259813369726,False,False,False,True
205700000,2025-01-01 22:50:14+00:00,-90.14202,29.93947,0.0,135.6,1.0,LA STELLA,IMO9748368,ONIS,70.0,29.93944,-90.142,2025-01-01 22:44:14+00:00,360.0,3.845463973546925,0.020763796362054,False,False,False,True
205700000,2025-01-01 22:56:14+00:00,-90.14199,29.93949,0.0,135.6,1.0,LA STELLA,IMO9748368,ONIS,70.0,29.93947,-90.14202,2025-01-01 22:50:14+00:00,360.0,3.647467456107215,0.0196947031663318,False,False,False,True
205700000,2025-01-01 22:59:14+00:00,-90.14201,29.93948,0.0,135.6,1.0,LA STELLA,IMO9748368,ONIS,70.0,29.93949,-90.14199,2025-01-01 22:56:14+00:00,180.0,2.226468189920693,0.0240438773683079,False,False,False,True
205700000,2025-01-01 23:02:20+00:00,-90.14203,29.93948,0.0,135.6,1.0,LA STELLA,IMO9748368,ONIS,70.0,29.93948,-90.14201,2025-01-01 22:59:14+00:00,186.0,1.9308954336508368,0.0201793106438056,False,False,False,True
205700000,2025-01-01 23:05:23+00:00,-90.14203,29.93949,0.0,135.6,1.0,LA STELLA,IMO9748368,ONIS,70.0,29.93948,-90.14203,2025-01-01 23:02:20+00:00,183.0,1.108514232120874,0.0117747229779554,False,False,False,True
205700000,2025-01-01 23:08:23+00:00,-90.14202,29.93948,0.0,135.6,1.0,LA STELLA,IMO9748368,ONIS,70.0,29.93949,-90.14203,2025-01-01 23:05:23+00:00,180.0,1.4699976204677718,0.0158746676365004,False,False,False,True
205700000,2025-01-01 23:11:23+00:00,-90.142,29.93947,0.0,135.6,1.0,LA STELLA,IMO9748368,ONIS,70.0,29.93948,-90.14202,2025-01-01 23:08:23+00:00,180.0,2.226468357606831,0.0240438791791692,False,False,False,True
205700000,2025-01-01 23:17:23+00:00,-90.14201,29.93945,0.0,133.1,1.0,LA STELLA,IMO9748368,ONIS,70.0,29.93947,-90.142,2025-01-01 23:11:23+00:00,360.0,2.418120104004267,0.0130567738415768,False,False,False,True
205700000,2025-01-01 23:20:23+00:00,-90.14201,29.9395,0.0,133.1,1.0,LA STELLA,IMO9748368,ONIS,70.0,29.93945,-90.14201,2025-01-01 23:17:23+00:00,180.0,5.5425711539147615,0.0598548417323648,False,False,False,True
205700000,2025-01-01 23:23:23+00:00,-90.142,29.93946,0.0,133.1,1.0,LA STELLA,IMO9748368,ONIS,70.0,29.9395,-90.14201,2025-01-01 23:20:23+00:00,180.0,4.537945583883573,0.0490057785765346,False,False,False,True
205700000,2025-01-01 23:26:23+00:00,-90.14201,29.93948,0.0,133.1,1.0,LA STELLA,IMO9748368,ONIS,70.0,29.93946,-90.142,2025-01-01 23:23:23+00:00,180.0,2.418120069911972,0.0261135473149871,False,False,False,True
205700000,2025-01-01 23:29:23+00:00,-90.14205,29.93948,0.0,133.1,1.0,LA STELLA,IMO9748368,ONIS,70.0,29.93948,-90.14201,2025-01-01 23:26:23+00:00,180.0,3.861790865929674,0.0417039086490485,False,False,False,True
205700000,2025-01-01 23:32:23+00:00,-90.14206,29.93948,0.0,133.1,1.0,LA STELLA,IMO9748368,ONIS,70.0,29.93948,-90.14205,2025-01-01 23:29:23+00:00,180.0,0.9654477168254187,0.0104259771659662,False,False,False,True
205700000,2025-01-01 23:35:23+00:00,-90.14201,29.93945,0.1,162.4,1.0,LA STELLA,IMO9748368,ONIS,70.0,29.93948,-90.14206,2025-01-01 23:32:23+00:00,180.0,5.861866040589893,0.0633029426907792,False,False,False,True
205700000,2025-01-01 23:38:23+00:00,-90.14206,29.93947,0.0,158.7,1.0,LA STELLA,IMO9748368,ONIS,70.0,29.93945,-90.14201,2025-01-01 23:35:23+00:00,180.0,5.312010619868466,0.0573649929073617,False,False,False,True
205700000,2025-01-01 23:44:23+00:00,-90.14205,29.93949,0.0,258.8,1.0,LA STELLA,IMO9748368,ONIS,70.0,29.93947,-90.14206,2025-01-01 23:38:23+00:00,360.0,2.4181200344065337,0.0130567734657799,False,False,False,True
205700000,2025-01-01 23:47:23+00:00,-90.14199,29.93944,0.1,172.4,1.0,LA STELLA,IMO9748368,ONIS,70.0,29.93949,-90.14205,2025-01-01 23:44:23+00:00,180.0,8.017189003727188,0.086578514850028,False,False,False,True
205700000,2025-01-01 23:50:23+00:00,-90.14201,29.93949,0.1,105.5,1.0,LA STELLA,IMO9748368,ONIS,70.0,29.93944,-90.14199,2025-01-01 23:47:23+00:00,180.0,5.869280466206767,0.0633830118968409,False,False,False,True
205700000,2025-01-01 23:53:23+00:00,-90.14202,29.93946,0.1,173.9,1.0,LA STELLA,IMO9748368,ONIS,70.0,29.93949,-90.14201,2025-01-01 23:50:23+00:00,180.0,3.4628490556577587,0.0373956917130543,False,False,False,True
205700000,2025-01-01 23:56:23+00:00,-90.14203,29.93945,0.1,266.9,1.0,LA STELLA,IMO9748368,ONIS,70.0,29.93946,-90.14202,2025-01-01 23:53:23+00:00,180.0,1.469997807180289,0.0158746696528296,False,False,False,True
205700000,2025-01-01 23:59:23+00:00,-90.14205,29.93946,0.1,261.5,1.0,LA STELLA,IMO9748368,ONIS,70.0,29.93945,-90.14203,2025-01-01 23:56:23+00:00,180.0,2.226468690506401,0.0240438827741886,False,False,False,True
205755000,2025-01-01 00:00:01+00:00,-75.46999,36.8683,0.0,263.1,134.0,ORION,IMO9825453,ORMB,90.0,,,,,,,False,False,False,False
205755000,2025-01-01 00:01:11+00:00,-75.46999,36.86829,0.0,108.3,134.0,ORION,IMO9825453,ORMB,90.0,36.8683,-75.46999,2025-01-01 00:00:01+00:00,70.0,1.109751753920689,0.0308168549905884,False,False,False,True
205755000,2025-01-01 00:02:21+00:00,-75.47,36.8683,0.0,63.5,134.0,ORION,IMO9825453,ORMB,90.0,36.86829,-75.46999,2025-01-01 00:01:11+00:00,70.0,1.423582794281644,0.0395316739833775,False,False,False,True
205755000,2025-01-01 00:03:30+00:00,-75.47,36.8683,0.1,194.2,134.0,ORION,IMO9825453,ORMB,90.0,36.8683,-75.47,2025-01-01 00:02:21+00:00,69.0,0.0,0.0,False,False,False,True
205755000,2025-01-01 00:04:42+00:00,-75.47,36.8683,0.0,139.1,134.0,ORION,IMO9825453,ORMB,90.0,36.8683,-75.47,2025-01-01 00:03:30+00:00,72.0,0.0,0.0,False,False,False,True
205755000,2025-01-01 00:05:51+00:00,-75.47,36.8683,0.0,308.7,134.0,ORION,IMO9825453,ORMB,90.0,36.8683,-75.47,2025-01-01 00:04:42+00:00,69.0,0.0,0.0,False,False,False,True
205755000,2025-01-01 00:07:00+00:00,-75.47,36.8683,0.0,147.4,134.0,ORION,IMO9825453,ORMB,90.0,36.8683,-75.47,2025-01-01 00:05:51+00:00,69.0,0.0,0.0,False,False,False,True
205755000,2025-01-01 00:08:12+00:00,-75.47,36.8683,0.0,276.6,134.0,ORION,IMO9825453,ORMB,90.0,36.8683,-75.47,2025-01-01 00:07:00+00:00,72.0,0.0,0.0,False,False,False,True
205755000,2025-01-01 00:09:22+00:00,-75.47,36.8683,0.0,116.7,134.0,ORION,IMO9825453,ORMB,90.0,36.8683,-75.47,2025-01-01 00:08:12+00:00,70.0,0.0,0.0,False,False,False,True
205755000,2025-01-01 00:10:31+00:00,-75.47,36.8683,0.0,217.2,134.0,ORION,IMO9825453,ORMB,90.0,36.8683,-75.47,2025-01-01 00:09:22+00:00,69.0,0.0,0.0,False,False,False,True
205755000,2025-01-01 00:11:42+00:00,-75.47,36.8683,0.0,326.9,134.0,ORION,IMO9825453,ORMB,90.0,36.8683,-75.47,2025-01-01 00:10:31+00:00,71.0,0.0,0.0,False,False,False,True
205755000,2025-01-01 00:12:51+00:00,-75.47,36.8683,0.1,266.1,134.0,ORION,IMO9825453,ORMB,90.0,36.8683,-75.47,2025-01-01 00:11:42+00:00,69.0,0.0,0.0,False,False,False,True
205755000,2025-01-01 00:14:02+00:00,-75.47,36.8683,0.0,176.5,134.0,ORION,IMO9825453,ORMB,90.0,36.8683,-75.47,2025-01-01 00:12:51+00:00,71.0,0.0,0.0,False,False,False,True
205755000,2025-01-01 00:15:11+00:00,-75.47,36.8683,0.0,280.2,134.0,ORION,IMO9825453,ORMB,90.0,36.8683,-75.47,2025-01-01 00:14:02+00:00,69.0,0.0,0.0,False,False,False,True
205755000,2025-01-01 00:16:21+00:00,-75.47,36.8683,0.0,179.3,134.0,ORION,IMO9825453,ORMB,90.0,36.8683,-75.47,2025-01-01 00:15:11+00:00,70.0,0.0,0.0,False,False,False,True
205755000,2025-01-01 00:17:41+00:00,-75.47,36.8683,0.0,25.7,134.0,ORION,IMO9825453,ORMB,90.0,36.8683,-75.47,2025-01-01 00:16:21+00:00,80.0,0.0,0.0,False,False,False,True
205755000,2025-01-01 00:18:51+00:00,-75.47,36.8683,0.0,342.1,134.0,ORION,IMO9825453,ORMB,90.0,36.8683,-75.47,2025-01-01 00:17:41+00:00,70.0,0.0,0.0,False,False,False,True
205755000,2025-01-01 00:20:01+00:00,-75.47,36.86829,0.0,134.1,134.0,ORION,IMO9825453,ORMB,90.0,36.8683,-75.47,2025-01-01 00:18:51+00:00,70.0,1.109751753920689,0.0308168549905884,False,False,False,True
205755000,2025-01-01 00:21:11+00:00,-75.47,36.86829,0.0,165.0,134.0,ORION,IMO9825453,ORMB,90.0,36.86829,-75.47,2025-01-01 00:20:01+00:00,70.0,0.0,0.0,False,False,False,True
205755000,2025-01-01 00:22:32+00:00,-75.47,36.8683,0.0,139.9,134.0,ORION,IMO9825453,ORMB,90.0,36.86829,-75.47,2025-01-01 00:21:11+00:00,81.0,1.109751753920689,0.0266318499918665,False,False,False,True
205755000,2025-01-01 00:23:40+00:00,-75.47,36.8683,0.0,285.6,134.0,ORION,IMO9825453,ORMB,90.0,36.8683,-75.47,2025-01-01 00:22:32+00:00,68.0,0.0,0.0,False,False,False,True
205755000,2025-01-01 00:24:41+00:00,-75.47,36.8683,0.1,172.7,134.0,ORION,IMO9825453,ORMB,90.0,36.8683,-75.47,2025-01-01 00:23:40+00:00,61.0,0.0,0.0,False,False,False,True
205755000,2025-01-01 00:25:52+00:00,-75.47,36.8683,0.0,353.5,134.0,ORION,IMO9825453,ORMB,90.0,36.8683,-75.47,2025-01-01 00:24:41+00:00,71.0,0.0,0.0,False,False,False,True
205755000,2025-01-01 00:27:11+00:00,-75.47,36.8683,0.0,352.8,134.0,ORION,IMO9825453,ORMB,90.0,36.8683,-75.47,2025-01-01 00:25:52+00:00,79.0,0.0,0.0,False,False,False,True
205755000,2025-01-01 00:28:22+00:00,-75.47,36.8683,0.0,237.2,134.0,ORION,IMO9825453,ORMB,90.0,36.8683,-75.47,2025-01-01 00:27:11+00:00,71.0,0.0,0.0,False,False,False,True
205755000,2025-01-01 00:29:32+00:00,-75.47,36.8683,0.0,323.1,134.0,ORION,IMO9825453,ORMB,90.0,36.8683,-75.47,2025-01-01 00:28:22+00:00,70.0,0.0,0.0,False,False,False,True
205755000,2025-01-01 00:30:41+00:00,-75.47,36.8683,0.0,1.0,134.0,ORION,IMO9825453,ORMB,90.0,36.8683,-75.47,2025-01-01 00:29:32+00:00,69.0,0.0,0.0,False,False,False,True
205755000,2025-01-01 00:31:50+00:00,-75.47,36.8683,0.0,94.0,134.0,ORION,IMO9825453,ORMB,90.0,36.8683,-75.47,2025-01-01 00:30:41+00:00,69.0,0.0,0.0,False,False,False,True
205755000,2025-01-01 00:33:01+00:00,-75.47,36.8683,0.1,264.4,134.0,ORION,IMO9825453,ORMB,90.0,36.8683,-75.47,2025-01-01 00:31:50+00:00,71.0,0.0,0.0,False,False,False,True
205755000,2025-01-01 00:34:10+00:00,-75.47,36.8683,0.0,255.3,134.0,ORION,IMO9825453,ORMB,90.0,36.8683,-75.47,2025-01-01 00:33:01+00:00,69.0,0.0,0.0,False,False,False,True
205755000,2025-01-01 00:35:21+00:00,-75.47,36.8683,0.0,7.3,134.0,ORION,IMO9825453,ORMB,90.0,36.8683,-75.47,2025-01-01 00:34:10+00:00,71.0,0.0,0.0,False,False,False,True
205755000,2025-01-01 00:36:32+00:00,-75.47,36.8683,0.0,179.9,134.0,ORION,IMO9825453,ORMB,90.0,36.8683,-75.47,2025-01-01 00:35:21+00:00,71.0,0.0,0.0,False,False,False,True
205755000,2025-01-01 00:37:41+00:00,-75.47001,36.8683,0.1,184.7,134.0,ORION,IMO9825453,ORMB,90.0,36.8683,-75.47,2025-01-01 00:36:32+00:00,69.0,0.8916495460870555,0.0251191891835632,False,False,False,True
205755000,2025-01-01 00:38:50+00:00,-75.47001,36.86831,0.0,108.7,134.0,ORION,IMO9825453,ORMB,90.0,36.8683,-75.47001,2025-01-01 00:37:41+00:00,69.0,1.1097517580780385,0.0312634761945277,False,False,False,True
205755000,2025-01-01 00:39:51+00:00,-75.47,36.86831,0.0,313.8,134.0,ORION,IMO9825453,ORMB,90.0,36.86831,-75.47001,2025-01-01 00:38:50+00:00,61.0,0.8916494298784302,0.0284135053733588,False,False,False,True
205755000,2025-01-01 00:41:01+00:00,-75.47,36.8683,0.0,183.4,134.0,ORION,IMO9825453,ORMB,90.0,36.86831,-75.47,2025-01-01 00:39:51+00:00,70.0,1.1097517580780385,0.0308168551060344,False,False,False,True
205755000,2025-01-01 00:42:11+00:00,-75.47,36.86831,0.0,324.0,134.0,ORION,IMO9825453,ORMB,90.0,36.8683,-75.47,2025-01-01 00:41:01+00:00,70.0,1.1097517580780385,0.0308168551060344,False,False,False,True
205755000,2025-01-01 00:43:21+00:00,-75.47,36.86831,0.0,158.2,134.0,ORION,IMO9825453,ORMB,90.0,36.86831,-75.47,2025-01-01 00:42:11+00:00,70.0,0.0,0.0,False,False,False,True
205755000,2025-01-01 00:44:31+00:00,-75.47,36.86831,0.0,91.4,134.0,ORION,IMO9825453,ORMB,90.0,36.86831,-75.47,2025-01-01 00:43:21+00:00,70.0,0.0,0.0,False,False,False,True
205755000,2025-01-01 00:45:41+00:00,-75.47001,36.86831,0.1,127.7,134.0,ORION,IMO9825453,ORMB,90.0,36.86831,-75.47,2025-01-01 00:44:31+00:00,70.0,0.8916494298784302,0.0247603403967841,False,False,False,True
205755000,2025-01-01 00:46:51+00:00,-75.47001,36.86831,0.1,298.5,134.0,ORION,IMO9825453,ORMB,90.0,36.86831,-75.47001,2025-01-01 00:45:41+00:00,70.0,0.0,0.0,False,False,False,True
205755000,2025-01-01 00:48:00+00:00,-75.47,36.86831,0.0,169.8,134.0,ORION,IMO9825453,ORMB,90.0,36.86831,-75.47001,2025-01-01 00:46:51+00:00,69.0,0.8916494298784302,0.0251191859097809,False,False,False,True
205755000,2025-01-01 00:49:10+00:00,-75.47,36.86831,0.0,50.6,134.0,ORION,IMO9825453,ORMB,90.0,36.86831,-75.47,2025-01-01 00:48:00+00:00,70.0,0.0,0.0,False,False,False,True
205755000,2025-01-01 00:50:21+00:00,-75.47001,36.8683,0.0,183.7,134.0,ORION,IMO9825453,ORMB,90.0,36.86831,-75.47,2025-01-01 00:49:10+00:00,71.0,1.4235827244228465,0.0389748879301705,False,False,False,True
205755000,2025-01-01 00:51:31+00:00,-75.47,36.8683,0.0,134.2,134.0,ORION,IMO9825453,ORMB,90.0,36.8683,-75.47001,2025-01-01 00:50:21+00:00,70.0,0.8916495460870555,0.024760343623798,False,False,False,True
205755000,2025-01-01 00:52:41+00:00,-75.47001,36.8683,0.0,251.5,134.0,ORION,IMO9825453,ORMB,90.0,36.8683,-75.47,2025-01-01 00:51:31+00:00,70.0,0.8916495460870555,0.024760343623798,False,False,False,True
205755000,2025-01-01 00:53:51+00:00,-75.47,36.86831,0.0,105.8,134.0,ORION,IMO9825453,ORMB,90.0,36.8683,-75.47001,2025-01-01 00:52:41+00:00,70.0,1.4235827244228465,0.0395316720434586,False,False,False,True
205755000,2025-01-01 00:55:01+00:00,-75.47001,36.86831,0.0,152.9,134.0,ORION,IMO9825453,ORMB,90.0,36.86831,-75.47,2025-01-01 00:53:51+00:00,70.0,0.8916494298784302,0.0247603403967841,False,False,False,True
205755000,2025-01-01 00:56:11+00:00,-75.47,36.86831,0.0,44.1,134.0,ORION,IMO9825453,ORMB,90.0,36.86831,-75.47001,2025-01-01 00:55:01+00:00,70.0,0.8916494298784302,0.0247603403967841,False,False,False,True
205755000,2025-01-01 00:57:21+00:00,-75.47,36.86831,0.0,258.0,134.0,ORION,IMO9825453,ORMB,90.0,36.86831,-75.47,2025-01-01 00:56:11+00:00,70.0,0.0,0.0,False,False,False,True
205755000,2025-01-01 00:58:22+00:00,-75.47001,36.86831,0.0,302.8,134.0,ORION,IMO9825453,ORMB,90.0,36.86831,-75.47,2025-01-01 00:57:21+00:00,61.0,0.8916494298784302,0.0284135053733588,False,False,False,True
205755000,2025-01-01 00:59:30+00:00,-75.47,36.86831,0.0,2.3,134.0,ORION,IMO9825453,ORMB,90.0,36.86831,-75.47001,2025-01-01 00:58:22+00:00,68.0,0.8916494298784302,0.0254885857025718,False,False,False,True
205755000,2025-01-01 01:00:02+00:00,-75.47,36.86831,0.0,246.6,134.0,ORION,IMO9825453,ORMB,90.0,36.86831,-75.47,2025-01-01 00:59:30+00:00,32.0,0.0,0.0,False,False,False,True
205755000,2025-01-01 01:01:10+00:00,-75.47,36.86831,0.0,354.8,134.0,ORION,IMO9825453,ORMB,90.0,36.86831,-75.47,2025-01-01 01:00:02+00:00,68.0,0.0,0.0,False,False,False,True
205755000,2025-01-01 01:02:11+00:00,-75.47,36.86831,0.0,168.9,134.0,ORION,IMO9825453,ORMB,90.0,36.86831,-75.47,2025-01-01 01:01:10+00:00,61.0,0.0,0.0,False,False,False,True
205755000,2025-01-01 01:03:31+00:00,-75.47,36.86831,0.0,184.3,134.0,ORION,IMO9825453,ORMB,90.0,36.86831,-75.47,2025-01-01 01:02:11+00:00,80.0,0.0,0.0,False,False,False,True
205755000,2025-01-01 01:04:41+00:00,-75.47,36.86831,0.0,66.4,134.0,ORION,IMO9825453,ORMB,90.0,36.86831,-75.47,2025-01-01 01:03:31+00:00,70.0,0.0,0.0,False,False,False,True
205755000,2025-01-01 01:05:51+00:00,-75.47,36.86831,0.0,279.0,134.0,ORION,IMO9825453,ORMB,90.0,36.86831,-75.47,2025-01-01 01:04:41+00:00,70.0,0.0,0.0,False,False,False,True
205755000,2025-01-01 01:07:02+00:00,-75.47,36.86831,0.0,342.4,134.0,ORION,IMO9825453,ORMB,90.0,36.86831,-75.47,2025-01-01 01:05:51+00:00,71.0,0.0,0.0,False,False,False,True
205755000,2025-01-01 01:08:11+00:00,-75.47,36.86831,0.0,164.3,134.0,ORION,IMO9825453,ORMB,90.0,36.86831,-75.47,2025-01-01 01:07:02+00:00,69.0,0.0,0.0,False,False,False,True
205755000,2025-01-01 01:09:22+00:00,-75.47,36.86831,0.0,140.5,134.0,ORION,IMO9825453,ORMB,90.0,36.86831,-75.47,2025-01-01 01:08:11+00:00,71.0,0.0,0.0,False,False,False,True
205755000,2025-01-01 01:10:30+00:00,-75.47,36.86831,0.0,116.1,134.0,ORION,IMO9825453,ORMB,90.0,36.86831,-75.47,2025-01-01 01:09:22+00:00,68.0,0.0,0.0,False,False,False,True
205755000,2025-01-01 01:11:41+00:00,-75.47,36.86831,0.1,83.7,134.0,ORION,IMO9825453,ORMB,90.0,36.86831,-75.47,2025-01-01 01:10:30+00:00,71.0,0.0,0.0,False,False,False,True
205755000,2025-01-01 01:13:02+00:00,-75.47001,36.8683,0.0,157.9,134.0,ORION,IMO9825453,ORMB,90.0,36.86831,-75.47,2025-01-01 01:11:41+00:00,81.0,1.4235827244228465,0.0341631733708901,False,False,False,True
205755000,2025-01-01 01:14:12+00:00,-75.47001,36.8683,0.0,162.0,134.0,ORION,IMO9825453,ORMB,90.0,36.8683,-75.47001,2025-01-01 01:13:02+00:00,70.0,0.0,0.0,False,False,False,True
205755000,2025-01-01 01:15:22+00:00,-75.47001,36.8683,0.0,73.0,134.0,ORION,IMO9825453,ORMB,90.0,36.8683,-75.47001,2025-01-01 01:14:12+00:00,70.0,0.0,0.0,False,False,False,True
205755000,2025-01-01 01:16:32+00:00,-75.47001,36.8683,0.0,90.0,134.0,ORION,IMO9825453,ORMB,90.0,36.8683,-75.47001,2025-01-01 01:15:22+00:00,70.0,0.0,0.0,False,False,False,True
205755000,2025-01-01 01:17:41+00:00,-75.47001,36.8683,0.0,224.1,134.0,ORION,IMO9825453,ORMB,90.0,36.8683,-75.47001,2025-01-01 01:16:32+00:00,69.0,0.0,0.0,False,False,False,True
205755000,2025-01-01 01:18:51+00:00,-75.46999,36.86831,0.0,156.0,134.0,ORION,IMO9825453,ORMB,90.0,36.8683,-75.47001,2025-01-01 01:17:41+00:00,70.0,2.10040572218315,0.0583264665572642,False,False,False,True
205755000,2025-01-01 01:20:00+00:00,-75.47,36.86831,0.0,179.3,134.0,ORION,IMO9825453,ORMB,90.0,36.86831,-75.46999,2025-01-01 01:18:51+00:00,69.0,0.8916494298784302,0.0251191859097809,False,False,False,True
205755000,2025-01-01 01:21:12+00:00,-75.46999,36.86831,0.0,54.6,134.0,ORION,IMO9825453,ORMB,90.0,36.86831,-75.47,2025-01-01 01:20:00+00:00,72.0,0.8916494298784302,0.0240725531635401,False,False,False,True
205755000,2025-01-01 01:22:22+00:00,-75.47,36.86831,0.0,273.9,134.0,ORION,IMO9825453,ORMB,90.0,36.86831,-75.46999,2025-01-01 01:21:12+00:00,70.0,0.8916494298784302,0.0247603403967841,False,False,False,True
205755000,2025-01-01 01:23:31+00:00,-75.47001,36.8683,0.0,125.6,134.0,ORION,IMO9825453,ORMB,90.0,36.86831,-75.47,2025-01-01 01:22:22+00:00,69.0,1.4235827244228465,0.0401045948266971,False,False,False,True
205755000,2025-01-01 01:24:42+00:00,-75.46999,36.86831,0.0,3.6,134.0,ORION,IMO9825453,ORMB,90.0,36.8683,-75.47001,2025-01-01 01:23:31+00:00,71.0,2.10040572218315,0.0575049670282886,False,False,False,True
205755000,2025-01-01 01:25:52+00:00,-75.46999,36.86831,0.0,116.8,134.0,ORION,IMO9825453,ORMB,90.0,36.86831,-75.46999,2025-01-01 01:24:42+00:00,70.0,0.0,0.0,False,False,False,True
205755000,2025-01-01 01:27:00+00:00,-75.47,36.86831,0.0,257.8,134.0,ORION,IMO9825453,ORMB,90.0,36.86831,-75.46999,2025-01-01 01:25:52+00:00,68.0,0.8916494298784302,0.0254885857025718,False,False,False,True
205755000,2025-01-01 01:28:10+00:00,-75.47,36.86831,0.0,60.3,134.0,ORION,IMO9825453,ORMB,90.0,36.86831,-75.47,2025-01-01 01:27:00+00:00,70.0,0.0,0.0,False,False,False,True
205755000,2025-01-01 01:29:22+00:00,-75.47,36.86831,0.0,264.7,134.0,ORION,IMO9825453,ORMB,90.0,36.86831,-75.47,2025-01-01 01:28:10+00:00,72.0,0.0,0.0,False,False,False,True
205755000,2025-01-01 01:30:31+00:00,-75.47,36.86831,0.0,156.9,134.0,ORION,IMO9825453,ORMB,90.0,36.86831,-75.47,2025-01-01 01:29:22+00:00,69.0,0.0,0.0,False,False,False,True
205755000,2025-01-01 01:31:42+00:00,-75.46999,36.86831,0.0,157.0,134.0,ORION,IMO9825453,ORMB,90.0,36.86831,-75.47,2025-01-01 01:30:31+00:00,71.0,0.8916494298784302,0.024411603208097,False,False,False,True
205755000,2025-01-01 01:32:51+00:00,-75.47,36.86831,0.0,154.4,134.0,ORION,IMO9825453,ORMB,90.0,36.86831,-75.46999,2025-01-01 01:31:42+00:00,69.0,0.8916494298784302,0.0251191859097809,False,False,False,True
205755000,2025-01-01 01:34:01+00:00,-75.47001,36.8683,0.0,45.1,134.0,ORION,IMO9825453,ORMB,90.0,36.86831,-75.47,2025-01-01 01:32:51+00:00,70.0,1.4235827244228465,0.0395316720434586,False,False,False,True
205755000,2025-01-01 01:35:12+00:00,-75.47001,36.8683,0.0,283.9,134.0,ORION,IMO9825453,ORMB,90.0,36.8683,-75.47001,2025-01-01 01:34:01+00:00,71.0,0.0,0.0,False,False,False,True
205755000,2025-01-01 01:36:20+00:00,-75.47001,36.8683,0.0,1.5,134.0,ORION,IMO9825453,ORMB,90.0,36.8683,-75.47001,2025-01-01 01:35:12+00:00,68.0,0.0,0.0,False,False,False,True
205755000,2025-01-01 01:37:31+00:00,-75.47001,36.8683,0.0,197.3,134.0,ORION,IMO9825453,ORMB,90.0,36.8683,-75.47001,2025-01-01 01:36:20+00:00,71.0,0.0,0.0,False,False,False,True
205755000,2025-01-01 01:38:41+00:00,-75.47001,36.8683,0.0,13.4,134.0,ORION,IMO9825453,ORMB,90.0,36.8683,-75.47001,2025-01-01 01:37:31+00:00,70.0,0.0,0.0,False,False,False,True
205755000,2025-01-01 01:40:01+00:00,-75.47001,36.8683,0.0,90.9,134.0,ORION,IMO9825453,ORMB,90.0,36.8683,-75.47001,2025-01-01 01:38:41+00:00,80.0,0.0,0.0,False,False,False,True
205755000,2025-01-01 01:41:11+00:00,-75.47001,36.8683,0.0,5.3,134.0,ORION,IMO9825453,ORMB,90.0,36.8683,-75.47001,2025-01-01 01:40:01+00:00,70.0,0.0,0.0,False,False,False,True
205755000,2025-01-01 01:42:31+00:00,-75.47001,36.8683,0.0,343.7,134.0,ORION,IMO9825453,ORMB,90.0,36.8683,-75.47001,2025-01-01 01:41:11+00:00,80.0,0.0,0.0,False,False,False,True
205755000,2025-01-01 01:43:41+00:00,-75.47001,36.8683,0.0,295.0,134.0,ORION,IMO9825453,ORMB,90.0,36.8683,-75.47001,2025-01-01 01:42:31+00:00,70.0,0.0,0.0,False,False,False,True
205755000,2025-01-01 01:44:51+00:00,-75.47001,36.8683,0.0,228.9,134.0,ORION,IMO9825453,ORMB,90.0,36.8683,-75.47001,2025-01-01 01:43:41+00:00,70.0,0.0,0.0,False,False,False,True
205755000,2025-01-01 01:46:01+00:00,-75.47001,36.8683,0.0,159.4,134.0,ORION,IMO9825453,ORMB,90.0,36.8683,-75.47001,2025-01-01 01:44:51+00:00,70.0,0.0,0.0,False,False,False,True
205755000,2025-01-01 01:47:11+00:00,-75.47,36.86831,0.1,325.8,134.0,ORION,IMO9825453,ORMB,90.0,36.8683,-75.47001,2025-01-01 01:46:01+00:00,70.0,1.4235827244228465,0.0395316720434586,False,False,False,True
205755000,2025-01-01 01:48:20+00:00,-75.47,36.86831,0.0,136.7,134.0,ORION,IMO9825453,ORMB,90.0,36.86831,-75.47,2025-01-01 01:47:11+00:00,69.0,0.0,0.0,False,False,False,True
205755000,2025-01-01 01:49:32+00:00,-75.47,36.86831,0.0,160.2,134.0,ORION,IMO9825453,ORMB,90.0,36.86831,-75.47,2025-01-01 01:48:20+00:00,72.0,0.0,0.0,False,False,False,True
205755000,2025-01-01 01:50:41+00:00,-75.47,36.86831,0.0,157.6,134.0,ORION,IMO9825453,ORMB,90.0,36.86831,-75.47,2025-01-01 01:49:32+00:00,69.0,0.0,0.0,False,False,False,True
205755000,2025-01-01 01:51:51+00:00,-75.47001,36.8683,0.0,172.4,134.0,ORION,IMO9825453,ORMB,90.0,36.86831,-75.47,2025-01-01 01:50:41+00:00,70.0,1.4235827244228465,0.0395316720434586,False,False,False,True
205755000,2025-01-01 01:53:10+00:00,-75.47001,36.8683,0.0,33.4,134.0,ORION,IMO9825453,ORMB,90.0,36.8683,-75.47001,2025-01-01 01:51:51+00:00,79.0,0.0,0.0,False,False,False,True
205755000,2025-01-01 01:54:22+00:00,-75.47001,36.8683,0.0,86.5,134.0,ORION,IMO9825453,ORMB,90.0,36.8683,-75.47001,2025-01-01 01:53:10+00:00,72.0,0.0,0.0,False,False,False,True
205755000,2025-01-01 01:55:30+00:00,-75.47001,36.86829,0.0,12.6,134.0,ORION,IMO9825453,ORMB,90.0,36.8683,-75.47001,2025-01-01 01:54:22+00:00,68.0,1.109751753920689,0.0317232330785469,False,False,False,True
205755000,2025-01-01 01:56:41+00:00,-75.47001,36.86829,0.0,148.9,134.0,ORION,IMO9825453,ORMB,90.0,36.86829,-75.47001,2025-01-01 01:55:30+00:00,71.0,0.0,0.0,False,False,False,True
205755000,2025-01-01 01:57:50+00:00,-75.47001,36.86829,0.0,84.4,134.0,ORION,IMO9825453,ORMB,90.0,36.86829,-75.47001,2025-01-01 01:56:41+00:00,69.0,0.0,0.0,False,False,False,True
205755000,2025-01-01 01:59:12+00:00,-75.47001,36.86829,0.0,44.2,134.0,ORION,IMO9825453,ORMB,90.0,36.86829,-75.47001,2025-01-01 01:57:50+00:00,82.0,0.0,0.0,False,False,False,True
205755000,2025-01-01 02:00:02+00:00,-75.47001,36.86829,0.0,171.9,134.0,ORION,IMO9825453,ORMB,90.0,36.86829,-75.47001,2025-01-01 01:59:12+00:00,50.0,0.0,0.0,False,False,False,True
205755000,2025-01-01 02:01:12+00:00,-75.47001,36.86829,0.0,173.3,134.0,ORION,IMO9825453,ORMB,90.0,36.86829,-75.47001,2025-01-01 02:00:02+00:00,70.0,0.0,0.0,False,False,False,True
205755000,2025-01-01 02:02:20+00:00,-75.47001,36.86829,0.0,130.0,134.0,ORION,IMO9825453,ORMB,90.0,36.86829,-75.47001,2025-01-01 02:01:12+00:00,68.0,0.0,0.0,False,False,False,True
205755000,2025-01-01 02:03:32+00:00,-75.47001,36.86829,0.0,110.0,134.0,ORION,IMO9825453,ORMB,90.0,36.86829,-75.47001,2025-01-01 02:02:20+00:00,72.0,0.0,0.0,False,False,False,True
205755000,2025-01-01 02:04:41+00:00,-75.47001,36.86829,0.0,120.0,134.0,ORION,IMO9825453,ORMB,90.0,36.86829,-75.47001,2025-01-01 02:03:32+00:00,69.0,0.0,0.0,False,False,False,True
205755000,2025-01-01 02:05:50+00:00,-75.47001,36.86829,0.0,45.9,134.0,ORION,IMO9825453,ORMB,90.0,36.86829,-75.47001,2025-01-01 02:04:41+00:00,69.0,0.0,0.0,False,False,False,True
205755000,2025-01-01 02:07:02+00:00,-75.47001,36.8683,0.0,47.4,134.0,ORION,IMO9825453,ORMB,90.0,36.86829,-75.47001,2025-01-01 02:05:50+00:00,72.0,1.109751753920689,0.0299608312408498,False,False,False,True
205755000,2025-01-01 02:08:11+00:00,-75.47001,36.8683,0.0,212.0,134.0,ORION,IMO9825453,ORMB,90.0,36.8683,-75.47001,2025-01-01 02:07:02+00:00,69.0,0.0,0.0,False,False,False,True
205755000,2025-01-01 02:09:31+00:00,-75.47001,36.86829,0.0,130.5,134.0,ORION,IMO9825453,ORMB,90.0,36.8683,-75.47001,2025-01-01 02:08:11+00:00,80.0,1.109751753920689,0.0269647481167648,False,False,False,True
205755000,2025-01-01 02:10:41+00:00,-75.47001,36.8683,0.0,123.1,134.0,ORION,IMO9825453,ORMB,90.0,36.86829,-75.47001,2025-01-01 02:09:31+00:00,70.0,1.109751753920689,0.0308168549905884,False,False,False,True
205755000,2025-01-01 02:11:50+00:00,-75.47001,36.8683,0.0,151.7,134.0,ORION,IMO9825453,ORMB,90.0,36.8683,-75.47001,2025-01-01 02:10:41+00:00,69.0,0.0,0.0,False,False,False,True
205755000,2025-01-01 02:13:01+00:00,-75.47001,36.8683,0.0,321.7,134.0,ORION,IMO9825453,ORMB,90.0,36.8683,-75.47001,2025-01-01 02:11:50+00:00,71.0,0.0,0.0,False,False,False,True
205755000,2025-01-01 02:14:10+00:00,-75.47001,36.8683,0.0,250.9,134.0,ORION,IMO9825453,ORMB,90.0,36.8683,-75.47001,2025-01-01 02:13:01+00:00,69.0,0.0,0.0,False,False,False,True
205755000,2025-01-01 02:15:21+00:00,-75.47001,36.86829,0.1,158.9,134.0,ORION,IMO9825453,ORMB,90.0,36.8683,-75.47001,2025-01-01 02:14:10+00:00,71.0,1.109751753920689,0.0303828147794534,False,False,False,True
205755000,2025-01-01 02:16:31+00:00,-75.47001,36.86829,0.0,334.9,134.0,ORION,IMO9825453,ORMB,90.0,36.86829,-75.47001,2025-01-01 02:15:21+00:00,70.0,0.0,0.0,False,False,False,True
205755000,2025-01-01 02:17:41+00:00,-75.47001,36.8683,0.0,317.0,134.0,ORION,IMO9825453,ORMB,90.0,36.86829,-75.47001,2025-01-01 02:16:31+00:00,70.0,1.109751753920689,0.0308168549905884,False,False,False,True
205755000,2025-01-01 02:18:50+00:00,-75.47,36.8683,0.0,265.5,134.0,ORION,IMO9825453,ORMB,90.0,36.8683,-75.47001,2025-01-01 02:17:41+00:00,69.0,0.8916495460870555,0.0251191891835632,False,False,False,True
205755000,2025-01-01 02:20:01+00:00,-75.47,36.8683,0.0,173.5,134.0,ORION,IMO9825453,ORMB,90.0,36.8683,-75.47,2025-01-01 02:18:50+00:00,71.0,0.0,0.0,False,False,False,True
205755000,2025-01-01 02:21:11+00:00,-75.47001,36.86831,0.0,87.6,134.0,ORION,IMO9825453,ORMB,90.0,36.8683,-75.47,2025-01-01 02:20:01+00:00,70.0,1.4235827244228465,0.0395316720434586,False,False,False,True
205755000,2025-01-01 02:22:12+00:00,-75.47001,36.86831,0.0,56.7,134.0,ORION,IMO9825453,ORMB,90.0,36.86831,-75.47001,2025-01-01 02:21:11+00:00,61.0,0.0,0.0,False,False,False,True
205755000,2025-01-01 02:23:21+00:00,-75.47001,36.86831,0.0,118.5,134.0,ORION,IMO9825453,ORMB,90.0,36.86831,-75.47001,2025-01-01 02:22:12+00:00,69.0,0.0,0.0,False,False,False,True
205755000,2025-01-01 02:24:31+00:00,-75.47001,36.86831,0.1,302.9,134.0,ORION,IMO9825453,ORMB,90.0,36.86831,-75.47001,2025-01-01 02:23:21+00:00,70.0,0.0,0.0,False,False,False,True
205755000,2025-01-01 02:25:32+00:00,-75.47001,36.86831,0.0,154.2,134.0,ORION,IMO9825453,ORMB,90.0,36.86831,-75.47001,2025-01-01 02:24:31+00:00,61.0,0.0,0.0,False,False,False,True
205755000,2025-01-01 02:26:41+00:00,-75.47,36.86832,0.0,224.1,134.0,ORION,IMO9825453,ORMB,90.0,36.86831,-75.47001,2025-01-01 02:25:32+00:00,69.0,1.4235826520896608,0.040104592788956,False,False,False,True
205755000,2025-01-01 02:27:51+00:00,-75.46999,36.86832,0.0,19.2,134.0,ORION,IMO9825453,ORMB,90.0,36.86832,-75.47,2025-01-01 02:26:41+00:00,70.0,0.8916493136697783,0.0247603371697694,False,False,False,True
205755000,2025-01-01 02:29:01+00:00,-75.46999,36.86831,0.0,137.9,134.0,ORION,IMO9825453,ORMB,90.0,36.86832,-75.46999,2025-01-01 02:27:51+00:00,70.0,1.109751758347279,0.030816855113511,False,False,False,True
205755000,2025-01-01 02:30:22+00:00,-75.46999,36.86832,0.1,338.7,134.0,ORION,IMO9825453,ORMB,90.0,36.86831,-75.46999,2025-01-01 02:29:01+00:00,81.0,1.109751758347279,0.0266318500980959,False,False,False,True
205755000,2025-01-01 02:31:30+00:00,-75.46999,36.86831,0.0,351.1,134.0,ORION,IMO9825453,ORMB,90.0,36.86832,-75.46999,2025-01-01 02:30:22+00:00,68.0,1.109751758347279,0.0317232332050849,False,False,False,True
205755000,2025-01-01 02:32:51+00:00,-75.46999,36.86832,0.0,77.7,134.0,ORION,IMO9825453,ORMB,90.0,36.86831,-75.46999,2025-01-01 02:31:30+00:00,81.0,1.109751758347279,0.0266318500980959,False,False,False,True
205755000,2025-01-01 02:34:01+00:00,-75.46999,36.86831,0.0,73.3,134.0,ORION,IMO9825453,ORMB,90.0,36.86832,-75.46999,2025-01-01 02:32:51+00:00,70.0,1.109751758347279,0.030816855113511,False,False,False,True
205755000,2025-01-01 02:35:21+00:00,-75.46999,36.86831,0.0,286.4,134.0,ORION,IMO9825453,ORMB,90.0,36.86831,-75.46999,2025-01-01 02:34:01+00:00,80.0,0.0,0.0,False,False,False,True
205755000,2025-01-01 02:36:41+00:00,-75.46999,36.86831,0.0,153.6,134.0,ORION,IMO9825453,ORMB,90.0,36.86831,-75.46999,2025-01-01 02:35:21+00:00,80.0,0.0,0.0,False,False,False,True
205755000,2025-01-01 02:37:51+00:00,-75.46999,36.86831,0.0,118.0,134.0,ORION,IMO9825453,ORMB,90.0,36.86831,-75.46999,2025-01-01 02:36:41+00:00,70.0,0.0,0.0,False,False,False,True
205755000,2025-01-01 02:39:01+00:00,-75.46999,36.86831,0.0,277.7,134.0,ORION,IMO9825453,ORMB,90.0,36.86831,-75.46999,2025-01-01 02:37:51+00:00,70.0,0.0,0.0,False,False,False,True
205755000,2025-01-01 02:40:11+00:00,-75.46999,36.86831,0.0,196.2,134.0,ORION,IMO9825453,ORMB,90.0,36.86831,-75.46999,2025-01-01 02:39:01+00:00,70.0,0.0,0.0,False,False,False,True
205755000,2025-01-01 02:41:21+00:00,-75.46998,36.86831,0.1,354.5,134.0,ORION,IMO9825453,ORMB,90.0,36.86831,-75.46999,2025-01-01 02:40:11+00:00,70.0,0.89164942861132,0.0247603403615975,False,False,False,True
205755000,2025-01-01 02:42:31+00:00,-75.46998,36.86831,0.0,170.8,134.0,ORION,IMO9825453,ORMB,90.0,36.86831,-75.46998,2025-01-01 02:41:21+00:00,70.0,0.0,0.0,False,False,False,True
205755000,2025-01-01 02:43:41+00:00,-75.46998,36.86831,0.0,104.9,134.0,ORION,IMO9825453,ORMB,90.0,36.86831,-75.46998,2025-01-01 02:42:31+00:00,70.0,0.0,0.0,False,False,False,True
205755000,2025-01-01 02:44:51+00:00,-75.47,36.86831,0.0,27.2,134.0,ORION,IMO9825453,ORMB,90.0,36.86831,-75.46998,2025-01-01 02:43:41+00:00,70.0,1.7832988584897482,0.0495206807583816,False,False,False,True
205755000,2025-01-01 02:46:01+00:00,-75.47,36.86831,0.0,351.6,134.0,ORION,IMO9825453,ORMB,90.0,36.86831,-75.47,2025-01-01 02:44:51+00:00,70.0,0.0,0.0,False,False,False,True
205755000,2025-01-01 02:47:11+00:00,-75.47,36.86831,0.0,209.5,134.0,ORION,IMO9825453,ORMB,90.0,36.86831,-75.47,2025-01-01 02:46:01+00:00,70.0,0.0,0.0,False,False,False,True
205755000,2025-01-01 02:48:21+00:00,-75.46999,36.86831,0.0,312.1,134.0,ORION,IMO9825453,ORMB,90.0,36.86831,-75.47,2025-01-01 02:47:11+00:00,70.0,0.8916494298784302,0.0247603403967841,False,False,False,True
205755000,2025-01-01 02:49:22+00:00,-75.46999,36.86831,0.0,225.2,134.0,ORION,IMO9825453,ORMB,90.0,36.86831,-75.46999,2025-01-01 02:48:21+00:00,61.0,0.0,0.0,False,False,False,True
205755000,2025-01-01 02:50:41+00:00,-75.46999,36.86831,0.0,350.3,134.0,ORION,IMO9825453,ORMB,90.0,36.86831,-75.46999,2025-01-01 02:49:22+00:00,79.0,0.0,0.0,False,False,False,True
205755000,2025-01-01 02:51:51+00:00,-75.46998,36.86832,0.0,274.4,134.0,ORION,IMO9825453,ORMB,90.0,36.86831,-75.46999,2025-01-01 02:50:41+00:00,70.0,1.4235826517353152,0.0395316700249882,False,False,False,True
205755000,2025-01-01 02:53:00+00:00,-75.46998,36.86832,0.0,224.2,134.0,ORION,IMO9825453,ORMB,90.0,36.86832,-75.46998,2025-01-01 02:51:51+00:00,69.0,0.0,0.0,False,False,False,True
205755000,2025-01-01 02:54:01+00:00,-75.46998,36.86832,0.0,164.7,134.0,ORION,IMO9825453,ORMB,90.0,36.86832,-75.46998,2025-01-01 02:53:00+00:00,61.0,0.0,0.0,False,False,False,True
205755000,2025-01-01 02:55:11+00:00,-75.46999,36.86831,0.0,160.4,134.0,ORION,IMO9825453,ORMB,90.0,36.86832,-75.46998,2025-01-01 02:54:01+00:00,70.0,1.4235826517353152,0.0395316700249882,False,False,False,True
205755000,2025-01-01 02:56:22+00:00,-75.46998,36.86832,0.0,123.6,134.0,ORION,IMO9825453,ORMB,90.0,36.86831,-75.46999,2025-01-01 02:55:11+00:00,71.0,1.4235826517353152,0.0389748859401292,False,False,False,True
205755000,2025-01-01 02:57:42+00:00,-75.46997,36.86831,0.0,40.3,134.0,ORION,IMO9825453,ORMB,90.0,36.86832,-75.46998,2025-01-01 02:56:22+00:00,80.0,1.4235826520896608,0.0345902112804745,False,False,False,True
205755000,2025-01-01 02:59:01+00:00,-75.46997,36.86831,0.0,11.2,134.0,ORION,IMO9825453,ORMB,90.0,36.86831,-75.46997,2025-01-01 02:57:42+00:00,79.0,0.0,0.0,False,False,False,True
205755000,2025-01-01 03:00:01+00:00,-75.46997,36.86831,0.0,342.6,134.0,ORION,IMO9825453,ORMB,90.0,36.86831,-75.46997,2025-01-01 02:59:01+00:00,60.0,0.0,0.0,False,False,False,True
205755000,2025-01-01 03:01:12+00:00,-75.46996,36.86831,0.0,338.6,134.0,ORION,IMO9825453,ORMB,90.0,36.86831,-75.46997,2025-01-01 03:00:01+00:00,71.0,0.8916494298784302,0.024411603208097,False,False,False,True
205755000,2025-01-01 03:20:52+00:00,-75.46998,36.86832,0.0,277.5,134.0,ORION,IMO9825453,ORMB,90.0,36.86831,-75.46996,2025-01-01 03:01:12+00:00,1180.0,2.1004055265770134,0.003460044304052,False,False,True,True
205755000,2025-01-01 03:22:01+00:00,-75.46999,36.86832,0.0,94.6,134.0,ORION,IMO9825453,ORMB,90.0,36.86832,-75.46998,2025-01-01 03:20:52+00:00,69.0,0.8916493124026688,0.0251191826003015,False,False,False,True
205755000,2025-01-01 03:23:21+00:00,-75.47,36.86831,0.0,272.1,134.0,ORION,IMO9825453,ORMB,90.0,36.86832,-75.46999,2025-01-01 03:22:01+00:00,80.0,1.4235826520896608,0.0345902112804745,False,False,False,True
205755000,2025-01-01 03:24:32+00:00,-75.47,36.86831,0.0,285.2,134.0,ORION,IMO9825453,ORMB,90.0,36.86831,-75.47,2025-01-01 03:23:21+00:00,71.0,0.0,0.0,False,False,False,True
205755000,2025-01-01 03:25:51+00:00,-75.47,36.86831,0.0,269.5,134.0,ORION,IMO9825453,ORMB,90.0,36.86831,-75.47,2025-01-01 03:24:32+00:00,79.0,0.0,0.0,False,False,False,True
205755000,2025-01-01 03:27:01+00:00,-75.47,36.86832,0.0,313.6,134.0,ORION,IMO9825453,ORMB,90.0,36.86831,-75.47,2025-01-01 03:25:51+00:00,70.0,1.109751758347279,0.030816855113511,False,False,False,True
205755000,2025-01-01 03:28:11+00:00,-75.47,36.86832,0.0,320.8,134.0,ORION,IMO9825453,ORMB,90.0,36.86832,-75.47,2025-01-01 03:27:01+00:00,70.0,0.0,0.0,False,False,False,True
205755000,2025-01-01 03:29:21+00:00,-75.46999,36.86832,0.0,45.8,134.0,ORION,IMO9825453,ORMB,90.0,36.86832,-75.47,2025-01-01 03:28:11+00:00,70.0,0.8916493136697783,0.0247603371697694,False,False,False,True
205755000,2025-01-01 03:30:42+00:00,-75.46999,36.86832,0.0,283.8,134.0,ORION,IMO9825453,ORMB,90.0,36.86832,-75.46999,2025-01-01 03:29:21+00:00,81.0,0.0,0.0,False,False,False,True
205755000,2025-01-01 03:31:52+00:00,-75.47,36.86832,0.1,174.5,134.0,ORION,IMO9825453,ORMB,90.0,36.86832,-75.46999,2025-01-01 03:30:42+00:00,70.0,0.8916493136697783,0.0247603371697694,False,False,False,True
205755000,2025-01-01 03:33:01+00:00,-75.46999,36.86832,0.0,134.3,134.0,ORION,IMO9825453,ORMB,90.0,36.86832,-75.47,2025-01-01 03:31:52+00:00,69.0,0.8916493136697783,0.0251191826359979,False,False,False,True
205755000,2025-01-01 03:34:11+00:00,-75.46999,36.86832,0.0,257.9,134.0,ORION,IMO9825453,ORMB,90.0,36.86832,-75.46999,2025-01-01 03:33:01+00:00,70.0,0.0,0.0,False,False,False,True
205755000,2025-01-01 03:35:21+00:00,-75.46999,36.86832,0.0,250.2,135.0,ORION,IMO9825453,ORMB,90.0,36.86832,-75.46999,2025-01-01 03:34:11+00:00,70.0,0.0,0.0,False,False,False,True
205755000,2025-01-01 03:36:22+00:00,-75.47,36.86831,0.0,165.6,135.0,ORION,IMO9825453,ORMB,90.0,36.86832,-75.46999,2025-01-01 03:35:21+00:00,61.0,1.4235826520896608,0.0453642115153764,False,False,False,True
205755000,2025-01-01 03:37:31+00:00,-75.46999,36.86831,0.0,24.3,134.0,ORION,IMO9825453,ORMB,90.0,36.86831,-75.47,2025-01-01 03:36:22+00:00,69.0,0.8916494298784302,0.0251191859097809,False,False,False,True
205755000,2025-01-01 03:38:41+00:00,-75.46999,36.86832,0.0,342.1,134.0,ORION,IMO9825453,ORMB,90.0,36.86831,-75.46999,2025-01-01 03:37:31+00:00,70.0,1.109751758347279,0.030816855113511,False,False,False,True
205755000,2025-01-01 03:40:02+00:00,-75.46999,36.86832,0.0,138.1,134.0,ORION,IMO9825453,ORMB,90.0,36.86832,-75.46999,2025-01-01 03:38:41+00:00,81.0,0.0,0.0,False,False,False,True
205755000,2025-01-01 03:41:10+00:00,-75.46999,36.86832,0.0,39.3,134.0,ORION,IMO9825453,ORMB,90.0,36.86832,-75.46999,2025-01-01 03:40:02+00:00,68.0,0.0,0.0,False,False,False,True
205755000,2025-01-01 03:42:22+00:00,-75.46999,36.86832,0.0,21.7,134.0,ORION,IMO9825453,ORMB,90.0,36.86832,-75.46999,2025-01-01 03:41:10+00:00,72.0,0.0,0.0,False,False,False,True
205755000,2025-01-01 03:43:32+00:00,-75.46999,36.86832,0.0,345.1,134.0,ORION,IMO9825453,ORMB,90.0,36.86832,-75.46999,2025-01-01 03:42:22+00:00,70.0,0.0,0.0,False,False,False,True
205755000,2025-01-01 03:45:10+00:00,-75.46999,36.86832,0.0,104.4,134.0,ORION,IMO9825453,ORMB,90.0,36.86832,-75.46999,2025-01-01 03:43:32+00:00,98.0,0.0,0.0,False,False,False,True
205755000,2025-01-01 03:46:22+00:00,-75.46999,36.86832,0.0,27.2,134.0,ORION,IMO9825453,ORMB,90.0,36.86832,-75.46999,2025-01-01 03:45:10+00:00,72.0,0.0,0.0,False,False,False,True
205755000,2025-01-01 03:47:41+00:00,-75.46999,36.86832,0.0,298.4,134.0,ORION,IMO9825453,ORMB,90.0,36.86832,-75.46999,2025-01-01 03:46:22+00:00,79.0,0.0,0.0,False,False,False,True
205755000,2025-01-01 03:48:51+00:00,-75.46999,36.86832,0.1,153.8,134.0,ORION,IMO9825453,ORMB,90.0,36.86832,-75.46999,2025-01-01 03:47:41+00:00,70.0,0.0,0.0,False,False,False,True
205755000,2025-01-01 03:50:01+00:00,-75.46999,36.86831,0.0,285.6,134.0,ORION,IMO9825453,ORMB,90.0,36.86832,-75.46999,2025-01-01 03:48:51+00:00,70.0,1.109751758347279,0.030816855113511,False,False,False,True
205755000,2025-01-01 03:51:12+00:00,-75.46999,36.86832,0.0,99.9,134.0,ORION,IMO9825453,ORMB,90.0,36.86831,-75.46999,2025-01-01 03:50:01+00:00,71.0,1.109751758347279,0.0303828149006447,False,False,False,True
205755000,2025-01-01 03:52:32+00:00,-75.46999,36.86831,0.0,168.6,134.0,ORION,IMO9825453,ORMB,90.0,36.86832,-75.46999,2025-01-01 03:51:12+00:00,80.0,1.109751758347279,0.0269647482243221,False,False,False,True
205755000,2025-01-01 03:53:42+00:00,-75.46999,36.86831,0.0,122.3,134.0,ORION,IMO9825453,ORMB,90.0,36.86831,-75.46999,2025-01-01 03:52:32+00:00,70.0,0.0,0.0,False,False,False,True
205755000,2025-01-01 03:54:52+00:00,-75.46999,36.86831,0.0,126.4,134.0,ORION,IMO9825453,ORMB,90.0,36.86831,-75.46999,2025-01-01 03:53:42+00:00,70.0,0.0,0.0,False,False,False,True
205755000,2025-01-01 03:56:01+00:00,-75.46999,36.86831,0.0,151.6,135.0,ORION,IMO9825453,ORMB,90.0,36.86831,-75.46999,2025-01-01 03:54:52+00:00,69.0,0.0,0.0,False,False,False,True
205755000,2025-01-01 03:57:11+00:00,-75.46999,36.86831,0.0,341.2,134.0,ORION,IMO9825453,ORMB,90.0,36.86831,-75.46999,2025-01-01 03:56:01+00:00,70.0,0.0,0.0,False,False,False,True
205755000,2025-01-01 03:58:20+00:00,-75.46999,36.86831,0.1,113.7,134.0,ORION,IMO9825453,ORMB,90.0,36.86831,-75.46999,2025-01-01 03:57:11+00:00,69.0,0.0,0.0,False,False,False,True
205755000,2025-01-01 03:59:21+00:00,-75.46999,36.86831,0.0,81.2,134.0,ORION,IMO9825453,ORMB,90.0,36.86831,-75.46999,2025-01-01 03:58:20+00:00,61.0,0.0,0.0,False,False,False,True
205755000,2025-01-01 04:00:01+00:00,-75.46998,36.86832,0.0,314.8,134.0,ORION,IMO9825453,ORMB,90.0,36.86831,-75.46999,2025-01-01 03:59:21+00:00,40.0,1.4235826517353152,0.0691804225437293,False,False,False,True
205755000,2025-01-01 04:01:12+00:00,-75.46998,36.86832,0.0,290.8,134.0,ORION,IMO9825453,ORMB,90.0,36.86832,-75.46998,2025-01-01 04:00:01+00:00,71.0,0.0,0.0,False,False,False,True
205755000,2025-01-01 04:02:32+00:00,-75.46997,36.86832,0.0,305.1,134.0,ORION,IMO9825453,ORMB,90.0,36.86832,-75.46998,2025-01-01 04:01:12+00:00,80.0,0.8916493136697783,0.0216652950235482,False,False,False,True
205755000,2025-01-01 04:03:40+00:00,-75.46997,36.86832,0.0,236.3,134.0,ORION,IMO9825453,ORMB,90.0,36.86832,-75.46997,2025-01-01 04:02:32+00:00,68.0,0.0,0.0,False,False,False,True
205755000,2025-01-01 04:04:52+00:00,-75.46997,36.86832,0.1,19.7,134.0,ORION,IMO9825453,ORMB,90.0,36.86832,-75.46997,2025-01-01 04:03:40+00:00,72.0,0.0,0.0,False,False,False,True
205755000,2025-01-01 04:06:01+00:00,-75.46999,36.86831,0.1,98.4,134.0,ORION,IMO9825453,ORMB,90.0,36.86832,-75.46997,2025-01-01 04:04:52+00:00,69.0,2.100405525517401,0.059171772126402,False,False,False,True
205755000,2025-01-01 04:07:11+00:00,-75.46999,36.86832,0.1,11.8,134.0,ORION,IMO9825453,ORMB,90.0,36.86831,-75.46999,2025-01-01 04:06:01+00:00,70.0,1.109751758347279,0.030816855113511,False,False,False,True
205755000,2025-01-01 04:08:21+00:00,-75.46999,36.86831,0.0,153.8,134.0,ORION,IMO9825453,ORMB,90.0,36.86832,-75.46999,2025-01-01 04:07:11+00:00,70.0,1.109751758347279,0.030816855113511,False,False,False,True
205755000,2025-01-01 04:09:31+00:00,-75.46999,36.86831,0.1,211.8,134.0,ORION,IMO9825453,ORMB,90.0,36.86831,-75.46999,2025-01-01 04:08:21+00:00,70.0,0.0,0.0,False,False,False,True
205755000,2025-01-01 04:10:42+00:00,-75.46999,36.86832,0.0,157.2,134.0,ORION,IMO9825453,ORMB,90.0,36.86831,-75.46999,2025-01-01 04:09:31+00:00,71.0,1.109751758347279,0.0303828149006447,False,False,False,True
205755000,2025-01-01 04:11:51+00:00,-75.46998,36.86832,0.0,106.9,134.0,ORION,IMO9825453,ORMB,90.0,36.86832,-75.46999,2025-01-01 04:10:42+00:00,69.0,0.8916493124026688,0.0251191826003015,False,False,False,True
205755000,2025-01-01 04:13:02+00:00,-75.46998,36.86832,0.0,105.5,134.0,ORION,IMO9825453,ORMB,90.0,36.86832,-75.46998,2025-01-01 04:11:51+00:00,71.0,0.0,0.0,False,False,False,True
205755000,2025-01-01 04:14:11+00:00,-75.46998,36.86832,0.1,323.0,134.0,ORION,IMO9825453,ORMB,90.0,36.86832,-75.46998,2025-01-01 04:13:02+00:00,69.0,0.0,0.0,False,False,False,True
205755000,2025-01-01 04:15:22+00:00,-75.46998,36.86832,0.0,115.4,134.0,ORION,IMO9825453,ORMB,90.0,36.86832,-75.46998,2025-01-01 04:14:11+00:00,71.0,0.0,0.0,False,False,False,True
205755000,2025-01-01 04:16:40+00:00,-75.46998,36.86833,0.0,331.6,134.0,ORION,IMO9825453,ORMB,90.0,36.86832,-75.46998,2025-01-01 04:15:22+00:00,78.0,1.1097517617990798,0.0276561521109682,False,False,False,True
205755000,2025-01-01 04:17:50+00:00,-75.46997,36.86833,0.0,90.9,134.0,ORION,IMO9825453,ORMB,90.0,36.86833,-75.46998,2025-01-01 04:16:40+00:00,70.0,0.8916491974610982,0.024760333942754,False,False,False,True
205755000,2025-01-01 04:19:01+00:00,-75.46999,36.86832,0.0,312.9,134.0,ORION,IMO9825453,ORMB,90.0,36.86833,-75.46997,2025-01-01 04:17:50+00:00,71.0,2.100405328498702,0.0575049562499847,False,False,False,True
205755000,2025-01-01 04:20:11+00:00,-75.46999,36.86832,0.0,110.0,134.0,ORION,IMO9825453,ORMB,90.0,36.86832,-75.46999,2025-01-01 04:19:01+00:00,70.0,0.0,0.0,False,False,False,True
205755000,2025-01-01 04:21:22+00:00,-75.47,36.86832,0.0,200.2,134.0,ORION,IMO9825453,ORMB,90.0,36.86832,-75.46999,2025-01-01 04:20:11+00:00,71.0,0.8916493136697783,0.0244116000265332,False,False,False,True
205755000,2025-01-01 04:22:30+00:00,-75.46999,36.86832,0.0,58.2,134.0,ORION,IMO9825453,ORMB,90.0,36.86832,-75.47,2025-01-01 04:21:22+00:00,68.0,0.8916493136697783,0.025488582380645,False,False,False,True
205755000,2025-01-01 04:23:42+00:00,-75.47,36.86833,0.0,327.3,134.0,ORION,IMO9825453,ORMB,90.0,36.86832,-75.46999,2025-01-01 04:22:30+00:00,72.0,1.4235825818770824,0.0384335661938326,False,False,False,True
205755000,2025-01-01 04:25:01+00:00,-75.47,36.86834,0.0,173.8,134.0,ORION,IMO9825453,ORMB,90.0,36.86833,-75.47,2025-01-01 04:23:42+00:00,79.0,1.1097517634828686,0.0273060742775764,False,False,False,True
205755000,2025-01-01 04:26:11+00:00,-75.47,36.86834,0.0,224.2,134.0,ORION,IMO9825453,ORMB,90.0,36.86834,-75.47,2025-01-01 04:25:01+00:00,70.0,0.0,0.0,False,False,False,True
205755000,2025-01-01 04:27:20+00:00,-75.47001,36.86834,0.1,262.2,134.0,ORION,IMO9825453,ORMB,90.0,36.86834,-75.47,2025-01-01 04:26:11+00:00,69.0,0.8916490812523914,0.0251191760884296,False,False,False,True
205755000,2025-01-01 04:28:31+00:00,-75.47,36.86834,0.0,26.3,134.0,ORION,IMO9825453,ORMB,90.0,36.86834,-75.47001,2025-01-01 04:27:20+00:00,71.0,0.8916490812523914,0.0244115936634035,False,False,False,True
205755000,2025-01-01 04:29:41+00:00,-75.47,36.86833,0.0,243.5,134.0,ORION,IMO9825453,ORMB,90.0,36.86834,-75.47,2025-01-01 04:28:31+00:00,70.0,1.1097517634828686,0.0308168552561219,False,False,False,True
205755000,2025-01-01 04:30:42+00:00,-75.46999,36.86832,0.0,305.8,134.0,ORION,IMO9825453,ORMB,90.0,36.86833,-75.47,2025-01-01 04:29:41+00:00,61.0,1.4235825818770824,0.0453642092779663,False,False,False,True
205755000,2025-01-01 04:31:52+00:00,-75.46998,36.86832,0.0,352.2,134.0,ORION,IMO9825453,ORMB,90.0,36.86832,-75.46999,2025-01-01 04:30:42+00:00,70.0,0.8916493124026688,0.0247603371345829,False,False,False,True
205755000,2025-01-01 04:33:02+00:00,-75.46998,36.86831,0.0,251.0,134.0,ORION,IMO9825453,ORMB,90.0,36.86832,-75.46998,2025-01-01 04:31:52+00:00,70.0,1.109751758347279,0.030816855113511,False,False,False,True
205755000,2025-01-01 04:34:11+00:00,-75.46999,36.86831,0.0,261.5,134.0,ORION,IMO9825453,ORMB,90.0,36.86831,-75.46998,2025-01-01 04:33:02+00:00,69.0,0.89164942861132,0.0251191858740844,False,False,False,True
205755000,2025-01-01 04:35:21+00:00,-75.46999,36.86831,0.0,126.1,134.0,ORION,IMO9825453,ORMB,90.0,36.86831,-75.46999,2025-01-01 04:34:11+00:00,70.0,0.0,0.0,False,False,False,True
205755000,2025-01-01 04:36:31+00:00,-75.46999,36.86831,0.0,13.5,134.0,ORION,IMO9825453,ORMB,90.0,36.86831,-75.46999,2025-01-01 04:35:21+00:00,70.0,0.0,0.0,False,False,False,True
205755000,2025-01-01 04:37:41+00:00,-75.46999,36.86831,0.0,299.1,134.0,ORION,IMO9825453,ORMB,90.0,36.86831,-75.46999,2025-01-01 04:36:31+00:00,70.0,0.0,0.0,False,False,False,True
205755000,2025-01-01 04:38:42+00:00,-75.46999,36.86831,0.0,243.6,134.0,ORION,IMO9825453,ORMB,90.0,36.86831,-75.46999,2025-01-01 04:37:41+00:00,61.0,0.0,0.0,False,False,False,True
205755000,2025-01-01 04:39:50+00:00,-75.46999,36.86831,0.0,307.8,134.0,ORION,IMO9825453,ORMB,90.0,36.86831,-75.46999,2025-01-01 04:38:42+00:00,68.0,0.0,0.0,False,False,False,True
205755000,2025-01-01 04:41:01+00:00,-75.46999,36.86831,0.0,175.6,134.0,ORION,IMO9825453,ORMB,90.0,36.86831,-75.46999,2025-01-01 04:39:50+00:00,71.0,0.0,0.0,False,False,False,True
205755000,2025-01-01 04:42:11+00:00,-75.46999,36.86831,0.0,104.9,134.0,ORION,IMO9825453,ORMB,90.0,36.86831,-75.46999,2025-01-01 04:41:01+00:00,70.0,0.0,0.0,False,False,False,True
205755000,2025-01-01 04:43:21+00:00,-75.46999,36.86831,0.0,136.0,134.0,ORION,IMO9825453,ORMB,90.0,36.86831,-75.46999,2025-01-01 04:42:11+00:00,70.0,0.0,0.0,False,False,False,True
205755000,2025-01-01 04:44:32+00:00,-75.46999,36.86831,0.0,202.0,134.0,ORION,IMO9825453,ORMB,90.0,36.86831,-75.46999,2025-01-01 04:43:21+00:00,71.0,0.0,0.0,False,False,False,True
205755000,2025-01-01 04:45:40+00:00,-75.46999,36.86831,0.0,261.7,134.0,ORION,IMO9825453,ORMB,90.0,36.86831,-75.46999,2025-01-01 04:44:32+00:00,68.0,0.0,0.0,False,False,False,True
205755000,2025-01-01 04:47:01+00:00,-75.46999,36.86831,0.1,328.5,134.0,ORION,IMO9825453,ORMB,90.0,36.86831,-75.46999,2025-01-01 04:45:40+00:00,81.0,0.0,0.0,False,False,False,True
205755000,2025-01-01 04:48:12+00:00,-75.46999,36.86832,0.0,293.8,134.0,ORION,IMO9825453,ORMB,90.0,36.86831,-75.46999,2025-01-01 04:47:01+00:00,71.0,1.109751758347279,0.0303828149006447,False,False,False,True
205755000,2025-01-01 04:49:21+00:00,-75.46998,36.86832,0.1,326.8,134.0,ORION,IMO9825453,ORMB,90.0,36.86832,-75.46999,2025-01-01 04:48:12+00:00,69.0,0.8916493124026688,0.0251191826003015,False,False,False,True
205755000,2025-01-01 04:50:32+00:00,-75.46998,36.86832,0.0,229.0,134.0,ORION,IMO9825453,ORMB,90.0,36.86832,-75.46998,2025-01-01 04:49:21+00:00,71.0,0.0,0.0,False,False,False,True
205755000,2025-01-01 04:51:40+00:00,-75.46999,36.86832,0.0,303.3,134.0,ORION,IMO9825453,ORMB,90.0,36.86832,-75.46998,2025-01-01 04:50:32+00:00,68.0,0.8916493124026688,0.0254885823444235,False,False,False,True
205755000,2025-01-01 04:52:51+00:00,-75.46998,36.86832,0.0,340.7,134.0,ORION,IMO9825453,ORMB,90.0,36.86832,-75.46999,2025-01-01 04:51:40+00:00,71.0,0.8916493124026688,0.0244115999918423,False,False,False,True
205755000,2025-01-01 04:54:00+00:00,-75.46999,36.86831,0.0,117.9,134.0,ORION,IMO9825453,ORMB,90.0,36.86832,-75.46998,2025-01-01 04:52:51+00:00,69.0,1.4235826517353152,0.0401045927789735,False,False,False,True
205755000,2025-01-01 04:55:12+00:00,-75.46999,36.86831,0.0,140.7,134.0,ORION,IMO9825453,ORMB,90.0,36.86831,-75.46999,2025-01-01 04:54:00+00:00,72.0,0.0,0.0,False,False,False,True
205755000,2025-01-01 04:56:21+00:00,-75.46999,36.86831,0.0,94.0,134.0,ORION,IMO9825453,ORMB,90.0,36.86831,-75.46999,2025-01-01 04:55:12+00:00,69.0,0.0,0.0,False,False,False,True
205755000,2025-01-01 04:57:31+00:00,-75.46999,36.86831,0.0,173.2,134.0,ORION,IMO9825453,ORMB,90.0,36.86831,-75.46999,2025-01-01 04:56:21+00:00,70.0,0.0,0.0,False,False,False,True
205755000,2025-01-01 04:58:40+00:00,-75.46999,36.86832,0.0,86.4,134.0,ORION,IMO9825453,ORMB,90.0,36.86831,-75.46999,2025-01-01 04:57:31+00:00,69.0,1.109751758347279,0.0312634762021126,False,False,False,True
205755000,2025-01-01 04:59:51+00:00,-75.46998,36.86832,0.0,282.1,134.0,ORION,IMO9825453,ORMB,90.0,36.86832,-75.46999,2025-01-01 04:58:40+00:00,71.0,0.8916493124026688,0.0244115999918423,False,False,False,True
205755000,2025-01-01 05:00:01+00:00,-75.46998,36.86832,0.0,236.1,134.0,ORION,IMO9825453,ORMB,90.0,36.86832,-75.46998,2025-01-01 04:59:51+00:00,10.0,0.0,0.0,False,False,False,True
205755000,2025-01-01 05:01:12+00:00,-75.46998,36.86833,0.0,108.7,134.0,ORION,IMO9825453,ORMB,90.0,36.86832,-75.46998,2025-01-01 05:00:01+00:00,71.0,1.1097517617990798,0.0303828149951482,False,False,False,True
205755000,2025-01-01 05:02:21+00:00,-75.46998,36.86833,0.0,328.0,134.0,ORION,IMO9825453,ORMB,90.0,36.86833,-75.46998,2025-01-01 05:01:12+00:00,69.0,0.0,0.0,False,False,False,True
205755000,2025-01-01 05:03:31+00:00,-75.46998,36.86832,0.1,197.8,134.0,ORION,IMO9825453,ORMB,90.0,36.86833,-75.46998,2025-01-01 05:02:21+00:00,70.0,1.1097517617990798,0.0308168552093646,False,False,False,True
205755000,2025-01-01 05:04:51+00:00,-75.46998,36.86833,0.1,108.2,134.0,ORION,IMO9825453,ORMB,90.0,36.86832,-75.46998,2025-01-01 05:03:31+00:00,80.0,1.1097517617990798,0.026964748308194,False,False,False,True
205755000,2025-01-01 05:06:01+00:00,-75.46998,36.86833,0.0,153.5,134.0,ORION,IMO9825453,ORMB,90.0,36.86833,-75.46998,2025-01-01 05:04:51+00:00,70.0,0.0,0.0,False,False,False,True
205755000,2025-01-01 05:07:12+00:00,-75.46999,36.86833,0.0,134.2,134.0,ORION,IMO9825453,ORMB,90.0,36.86833,-75.46998,2025-01-01 05:06:01+00:00,71.0,0.8916491961939886,0.0244115968102777,False,False,False,True
205755000,2025-01-01 05:08:21+00:00,-75.46999,36.86833,0.0,286.0,134.0,ORION,IMO9825453,ORMB,90.0,36.86833,-75.46999,2025-01-01 05:07:12+00:00,69.0,0.0,0.0,False,False,False,True
205755000,2025-01-01 05:09:22+00:00,-75.46999,36.86833,0.0,267.2,134.0,ORION,IMO9825453,ORMB,90.0,36.86833,-75.46999,2025-01-01 05:08:21+00:00,61.0,0.0,0.0,False,False,False,True
205755000,2025-01-01 05:10:41+00:00,-75.46998,36.86833,0.0,59.2,134.0,ORION,IMO9825453,ORMB,90.0,36.86833,-75.46999,2025-01-01 05:09:22+00:00,79.0,0.8916491961939886,0.0219395363737939,False,False,False,True
205755000,2025-01-01 05:11:51+00:00,-75.46999,36.86833,0.1,256.9,134.0,ORION,IMO9825453,ORMB,90.0,36.86833,-75.46998,2025-01-01 05:10:41+00:00,70.0,0.8916491961939886,0.0247603339075674,False,False,False,True
205755000,2025-01-01 05:13:02+00:00,-75.46999,36.86831,0.1,313.4,134.0,ORION,IMO9825453,ORMB,90.0,36.86833,-75.46999,2025-01-01 05:11:51+00:00,71.0,2.2195035201463926,0.0607656298957938,False,False,False,True
205755000,2025-01-01 05:14:11+00:00,-75.46999,36.86832,0.0,328.2,134.0,ORION,IMO9825453,ORMB,90.0,36.86831,-75.46999,2025-01-01 05:13:02+00:00,69.0,1.109751758347279,0.0312634762021126,False,False,False,True
205755000,2025-01-01 05:15:22+00:00,-75.46999,36.86831,0.0,334.3,134.0,ORION,IMO9825453,ORMB,90.0,36.86832,-75.46999,2025-01-01 05:14:11+00:00,71.0,1.109751758347279,0.0303828149006447,False,False,False,True
205755000,2025-01-01 05:16:32+00:00,-75.46999,36.86832,0.0,302.1,134.0,ORION,IMO9825453,ORMB,90.0,36.86831,-75.46999,2025-01-01 05:15:22+00:00,70.0,1.109751758347279,0.030816855113511,False,False,False,True
205755000,2025-01-01 05:17:42+00:00,-75.46999,36.86832,0.0,297.0,134.0,ORION,IMO9825453,ORMB,90.0,36.86832,-75.46999,2025-01-01 05:16:32+00:00,70.0,0.0,0.0,False,False,False,True
205755000,2025-01-01 05:18:52+00:00,-75.46999,36.86831,0.0,300.3,134.0,ORION,IMO9825453,ORMB,90.0,36.86832,-75.46999,2025-01-01 05:17:42+00:00,70.0,1.109751758347279,0.030816855113511,False,False,False,True
205755000,2025-01-01 05:20:01+00:00,-75.46999,36.86832,0.0,235.0,134.0,ORION,IMO9825453,ORMB,90.0,36.86831,-75.46999,2025-01-01 05:18:52+00:00,69.0,1.109751758347279,0.0312634762021126,False,False,False,True
205755000,2025-01-01 05:21:11+00:00,-75.47,36.86831,0.0,151.4,135.0,ORION,IMO9825453,ORMB,90.0,36.86832,-75.46999,2025-01-01 05:20:01+00:00,70.0,1.4235826520896608,0.039531670034828,False,False,False,True
205755000,2025-01-01 05:22:12+00:00,-75.47,36.86831,0.0,280.6,135.0,ORION,IMO9825453,ORMB,90.0,36.86831,-75.47,2025-01-01 05:21:11+00:00,61.0,0.0,0.0,False,False,False,True
205755000,2025-01-01 05:23:21+00:00,-75.46999,36.86831,0.0,109.7,134.0,ORION,IMO9825453,ORMB,90.0,36.86831,-75.47,2025-01-01 05:22:12+00:00,69.0,0.8916494298784302,0.0251191859097809,False,False,False,True
205755000,2025-01-01 05:24:31+00:00,-75.47,36.86832,0.0,239.4,134.0,ORION,IMO9825453,ORMB,90.0,36.86831,-75.46999,2025-01-01 05:23:21+00:00,70.0,1.4235826520896608,0.039531670034828,False,False,False,True
205755000,2025-01-01 05:25:42+00:00,-75.46999,36.86832,0.0,170.8,134.0,ORION,IMO9825453,ORMB,90.0,36.86832,-75.47,2025-01-01 05:24:31+00:00,71.0,0.8916493136697783,0.0244116000265332,False,False,False,True
205755000,2025-01-01 05:26:52+00:00,-75.46999,36.86832,0.0,142.9,134.0,ORION,IMO9825453,ORMB,90.0,36.86832,-75.46999,2025-01-01 05:25:42+00:00,70.0,0.0,0.0,False,False,False,True
205755000,2025-01-01 05:28:01+00:00,-75.46999,36.86832,0.0,23.6,134.0,ORION,IMO9825453,ORMB,90.0,36.86832,-75.46999,2025-01-01 05:26:52+00:00,69.0,0.0,0.0,False,False,False,True
205755000,2025-01-01 05:29:21+00:00,-75.46999,36.86832,0.0,260.8,134.0,ORION,IMO9825453,ORMB,90.0,36.86832,-75.46999,2025-01-01 05:28:01+00:00,80.0,0.0,0.0,False,False,False,True
205755000,2025-01-01 05:30:30+00:00,-75.46999,36.86832,0.0,308.7,134.0,ORION,IMO9825453,ORMB,90.0,36.86832,-75.46999,2025-01-01 05:29:21+00:00,69.0,0.0,0.0,False,False,False,True
205755000,2025-01-01 05:31:50+00:00,-75.46999,36.86832,0.0,5.0,134.0,ORION,IMO9825453,ORMB,90.0,36.86832,-75.46999,2025-01-01 05:30:30+00:00,80.0,0.0,0.0,False,False,False,True
205755000,2025-01-01 05:32:51+00:00,-75.46999,36.86832,0.0,324.2,134.0,ORION,IMO9825453,ORMB,90.0,36.86832,-75.46999,2025-01-01 05:31:50+00:00,61.0,0.0,0.0,False,False,False,True
205755000,2025-01-01 05:34:01+00:00,-75.46999,36.86832,0.0,251.2,134.0,ORION,IMO9825453,ORMB,90.0,36.86832,-75.46999,2025-01-01 05:32:51+00:00,70.0,0.0,0.0,False,False,False,True
205755000,2025-01-01 05:35:12+00:00,-75.46999,36.86832,0.0,328.5,134.0,ORION,IMO9825453,ORMB,90.0,36.86832,-75.46999,2025-01-01 05:34:01+00:00,71.0,0.0,0.0,False,False,False,True
205755000,2025-01-01 05:36:21+00:00,-75.46999,36.86832,0.0,307.0,134.0,ORION,IMO9825453,ORMB,90.0,36.86832,-75.46999,2025-01-01 05:35:12+00:00,69.0,0.0,0.0,False,False,False,True
205755000,2025-01-01 05:37:32+00:00,-75.46999,36.86832,0.0,148.8,134.0,ORION,IMO9825453,ORMB,90.0,36.86832,-75.46999,2025-01-01 05:36:21+00:00,71.0,0.0,0.0,False,False,False,True
205755000,2025-01-01 05:38:41+00:00,-75.46999,36.86832,0.0,112.9,134.0,ORION,IMO9825453,ORMB,90.0,36.86832,-75.46999,2025-01-01 05:37:32+00:00,69.0,0.0,0.0,False,False,False,True
205755000,2025-01-01 05:39:51+00:00,-75.46999,36.86832,0.1,67.4,134.0,ORION,IMO9825453,ORMB,90.0,36.86832,-75.46999,2025-01-01 05:38:41+00:00,70.0,0.0,0.0,False,False,False,True
205755000,2025-01-01 05:41:01+00:00,-75.46999,36.86832,0.0,263.1,134.0,ORION,IMO9825453,ORMB,90.0,36.86832,-75.46999,2025-01-01 05:39:51+00:00,70.0,0.0,0.0,False,False,False,True
205755000,2025-01-01 05:42:22+00:00,-75.46999,36.86832,0.0,121.2,134.0,ORION,IMO9825453,ORMB,90.0,36.86832,-75.46999,2025-01-01 05:41:01+00:00,81.0,0.0,0.0,False,False,False,True
205755000,2025-01-01 05:43:32+00:00,-75.46999,36.86832,0.0,155.3,134.0,ORION,IMO9825453,ORMB,90.0,36.86832,-75.46999,2025-01-01 05:42:22+00:00,70.0,0.0,0.0,False,False,False,True
205755000,2025-01-01 05:44:41+00:00,-75.46999,36.86833,0.0,180.8,134.0,ORION,IMO9825453,ORMB,90.0,36.86832,-75.46999,2025-01-01 05:43:32+00:00,69.0,1.1097517617990798,0.0312634762993554,False,False,False,True
205755000,2025-01-01 05:45:51+00:00,-75.46999,36.86833,0.0,74.5,134.0,ORION,IMO9825453,ORMB,90.0,36.86833,-75.46999,2025-01-01 05:44:41+00:00,70.0,0.0,0.0,False,False,False,True
205755000,2025-01-01 05:47:00+00:00,-75.46999,36.86833,0.0,122.5,134.0,ORION,IMO9825453,ORMB,90.0,36.86833,-75.46999,2025-01-01 05:45:51+00:00,69.0,0.0,0.0,False,False,False,True
205755000,2025-01-01 05:48:10+00:00,-75.46999,36.86832,0.0,77.0,134.0,ORION,IMO9825453,ORMB,90.0,36.86833,-75.46999,2025-01-01 05:47:00+00:00,70.0,1.1097517617990798,0.0308168552093646,False,False,False,True
205755000,2025-01-01 05:49:11+00:00,-75.46999,36.86832,0.0,196.4,134.0,ORION,IMO9825453,ORMB,90.0,36.86832,-75.46999,2025-01-01 05:48:10+00:00,61.0,0.0,0.0,False,False,False,True
205755000,2025-01-01 05:50:31+00:00,-75.46999,36.86832,0.0,344.2,134.0,ORION,IMO9825453,ORMB,90.0,36.86832,-75.46999,2025-01-01 05:49:11+00:00,80.0,0.0,0.0,False,False,False,True
205755000,2025-01-01 05:51:42+00:00,-75.46999,36.86831,0.0,224.2,134.0,ORION,IMO9825453,ORMB,90.0,36.86832,-75.46999,2025-01-01 05:50:31+00:00,71.0,1.109751758347279,0.0303828149006447,False,False,False,True
205755000,2025-01-01 05:52:50+00:00,-75.46999,36.86832,0.0,140.5,134.0,ORION,IMO9825453,ORMB,90.0,36.86831,-75.46999,2025-01-01 05:51:42+00:00,68.0,1.109751758347279,0.0317232332050849,False,False,False,True
205755000,2025-01-01 05:54:00+00:00,-75.46999,36.86831,0.0,161.8,134.0,ORION,IMO9825453,ORMB,90.0,36.86832,-75.46999,2025-01-01 05:52:50+00:00,70.0,1.109751758347279,0.030816855113511,False,False,False,True
205755000,2025-01-01 05:55:10+00:00,-75.46999,36.86831,0.0,326.6,134.0,ORION,IMO9825453,ORMB,90.0,36.86831,-75.46999,2025-01-01 05:54:00+00:00,70.0,0.0,0.0,False,False,False,True
205755000,2025-01-01 05:56:21+00:00,-75.46999,36.86832,0.0,287.4,134.0,ORION,IMO9825453,ORMB,90.0,36.86831,-75.46999,2025-01-01 05:55:10+00:00,71.0,1.109751758347279,0.0303828149006447,False,False,False,True
205755000,2025-01-01 05:57:31+00:00,-75.46999,36.86832,0.0,147.4,134.0,ORION,IMO9825453,ORMB,90.0,36.86832,-75.46999,2025-01-01 05:56:21+00:00,70.0,0.0,0.0,False,False,False,True
205755000,2025-01-01 05:58:42+00:00,-75.46999,36.86832,0.0,135.7,134.0,ORION,IMO9825453,ORMB,90.0,36.86832,-75.46999,2025-01-01 05:57:31+00:00,71.0,0.0,0.0,False,False,False,True
205755000,2025-01-01 05:59:52+00:00,-75.46999,36.86832,0.1,72.9,134.0,ORION,IMO9825453,ORMB,90.0,36.86832,-75.46999,2025-01-01 05:58:42+00:00,70.0,0.0,0.0,False,False,False,True
205755000,2025-01-01 06:00:01+00:00,-75.46999,36.86832,0.0,71.8,134.0,ORION,IMO9825453,ORMB,90.0,36.86832,-75.46999,2025-01-01 05:59:52+00:00,9.0,0.0,0.0,False,False,False,True
205755000,2025-01-01 06:01:10+00:00,-75.46999,36.86832,0.1,57.6,134.0,ORION,IMO9825453,ORMB,90.0,36.86832,-75.46999,2025-01-01 06:00:01+00:00,69.0,0.0,0.0,False,False,False,True
205755000,2025-01-01 06:02:32+00:00,-75.46998,36.86832,0.0,123.3,134.0,ORION,IMO9825453,ORMB,90.0,36.86832,-75.46999,2025-01-01 06:01:10+00:00,82.0,0.8916493124026688,0.0211368731636683,False,False,False,True
205755000,2025-01-01 06:03:40+00:00,-75.46999,36.86832,0.0,216.7,134.0,ORION,IMO9825453,ORMB,90.0,36.86832,-75.46998,2025-01-01 06:02:32+00:00,68.0,0.8916493124026688,0.0254885823444235,False,False,False,True
205755000,2025-01-01 06:04:51+00:00,-75.46999,36.86832,0.0,110.1,134.0,ORION,IMO9825453,ORMB,90.0,36.86832,-75.46999,2025-01-01 06:03:40+00:00,71.0,0.0,0.0,False,False,False,True
205755000,2025-01-01 06:06:01+00:00,-75.46999,36.86832,0.0,102.2,134.0,ORION,IMO9825453,ORMB,90.0,36.86832,-75.46999,2025-01-01 06:04:51+00:00,70.0,0.0,0.0,False,False,False,True
205755000,2025-01-01 06:07:12+00:00,-75.46999,36.86832,0.0,81.5,134.0,ORION,IMO9825453,ORMB,90.0,36.86832,-75.46999,2025-01-01 06:06:01+00:00,71.0,0.0,0.0,False,False,False,True
205755000,2025-01-01 06:08:21+00:00,-75.46999,36.86832,0.0,261.5,134.0,ORION,IMO9825453,ORMB,90.0,36.86832,-75.46999,2025-01-01 06:07:12+00:00,69.0,0.0,0.0,False,False,False,True
205755000,2025-01-01 06:09:31+00:00,-75.46999,36.86832,0.0,94.5,134.0,ORION,IMO9825453,ORMB,90.0,36.86832,-75.46999,2025-01-01 06:08:21+00:00,70.0,0.0,0.0,False,False,False,True
205755000,2025-01-01 06:10:41+00:00,-75.46999,36.86832,0.0,64.4,134.0,ORION,IMO9825453,ORMB,90.0,36.86832,-75.46999,2025-01-01 06:09:31+00:00,70.0,0.0,0.0,False,False,False,True
205755000,2025-01-01 06:11:52+00:00,-75.46999,36.86832,0.0,265.3,134.0,ORION,IMO9825453,ORMB,90.0,36.86832,-75.46999,2025-01-01 06:10:41+00:00,71.0,0.0,0.0,False,False,False,True
205755000,2025-01-01 06:13:01+00:00,-75.46999,36.86832,0.0,292.7,134.0,ORION,IMO9825453,ORMB,90.0,36.86832,-75.46999,2025-01-01 06:11:52+00:00,69.0,0.0,0.0,False,False,False,True
205755000,2025-01-01 06:14:11+00:00,-75.46999,36.86832,0.0,196.1,134.0,ORION,IMO9825453,ORMB,90.0,36.86832,-75.46999,2025-01-01 06:13:01+00:00,70.0,0.0,0.0,False,False,False,True
205755000,2025-01-01 06:15:21+00:00,-75.46999,36.86832,0.0,164.3,134.0,ORION,IMO9825453,ORMB,90.0,36.86832,-75.46999,2025-01-01 06:14:11+00:00,70.0,0.0,0.0,False,False,False,True
205755000,2025-01-01 06:16:32+00:00,-75.46999,36.86832,0.0,162.8,134.0,ORION,IMO9825453,ORMB,90.0,36.86832,-75.46999,2025-01-01 06:15:21+00:00,71.0,0.0,0.0,False,False,False,True
205755000,2025-01-01 06:17:42+00:00,-75.46999,36.86832,0.0,134.2,134.0,ORION,IMO9825453,ORMB,90.0,36.86832,-75.46999,2025-01-01 06:16:32+00:00,70.0,0.0,0.0,False,False,False,True
205755000,2025-01-01 06:18:51+00:00,-75.47,36.86832,0.0,85.5,134.0,ORION,IMO9825453,ORMB,90.0,36.86832,-75.46999,2025-01-01 06:17:42+00:00,69.0,0.8916493136697783,0.0251191826359979,False,False,False,True
205755000,2025-01-01 06:20:01+00:00,-75.46999,36.86832,0.0,136.3,134.0,ORION,IMO9825453,ORMB,90.0,36.86832,-75.47,2025-01-01 06:18:51+00:00,70.0,0.8916493136697783,0.0247603371697694,False,False,False,True
205755000,2025-01-01 06:21:21+00:00,-75.46999,36.86832,0.0,212.5,134.0,ORION,IMO9825453,ORMB,90.0,36.86832,-75.46999,2025-01-01 06:20:01+00:00,80.0,0.0,0.0,False,False,False,True
205755000,2025-01-01 06:22:22+00:00,-75.46999,36.86832,0.0,89.9,134.0,ORION,IMO9825453,ORMB,90.0,36.86832,-75.46999,2025-01-01 06:21:21+00:00,61.0,0.0,0.0,False,False,False,True
205755000,2025-01-01 06:23:31+00:00,-75.46998,36.86832,0.0,308.0,134.0,ORION,IMO9825453,ORMB,90.0,36.86832,-75.46999,2025-01-01 06:22:22+00:00,69.0,0.8916493124026688,0.0251191826003015,False,False,False,True
205755000,2025-01-01 06:25:01+00:00,-75.46997,36.86831,0.0,69.2,134.0,ORION,IMO9825453,ORMB,90.0,36.86832,-75.46998,2025-01-01 06:23:31+00:00,90.0,1.4235826520896608,0.0307468544715329,False,False,False,True
205755000,2025-01-01 06:26:11+00:00,-75.46997,36.86831,0.0,125.9,134.0,ORION,IMO9825453,ORMB,90.0,36.86831,-75.46997,2025-01-01 06:25:01+00:00,70.0,0.0,0.0,False,False,False,True
205755000,2025-01-01 06:27:22+00:00,-75.46997,36.86831,0.0,137.6,134.0,ORION,IMO9825453,ORMB,90.0,36.86831,-75.46997,2025-01-01 06:26:11+00:00,71.0,0.0,0.0,False,False,False,True
205755000,2025-01-01 06:28:31+00:00,-75.46997,36.86831,0.0,276.3,134.0,ORION,IMO9825453,ORMB,90.0,36.86831,-75.46997,2025-01-01 06:27:22+00:00,69.0,0.0,0.0,False,False,False,True
205755000,2025-01-01 06:29:41+00:00,-75.46998,36.86832,0.1,204.3,134.0,ORION,IMO9825453,ORMB,90.0,36.86831,-75.46997,2025-01-01 06:28:31+00:00,70.0,1.4235826520896608,0.039531670034828,False,False,False,True
205755000,2025-01-01 06:30:52+00:00,-75.46999,36.86832,0.0,75.9,134.0,ORION,IMO9825453,ORMB,90.0,36.86832,-75.46998,2025-01-01 06:29:41+00:00,71.0,0.8916493124026688,0.0244115999918423,False,False,False,True
205755000,2025-01-01 06:32:12+00:00,-75.46999,36.86831,0.1,198.3,134.0,ORION,IMO9825453,ORMB,90.0,36.86832,-75.46999,2025-01-01 06:30:52+00:00,80.0,1.109751758347279,0.0269647482243221,False,False,False,True
205755000,2025-01-01 06:33:22+00:00,-75.46999,36.86832,0.0,1.2,134.0,ORION,IMO9825453,ORMB,90.0,36.86831,-75.46999,2025-01-01 06:32:12+00:00,70.0,1.109751758347279,0.030816855113511,False,False,False,True
205755000,2025-01-01 06:34:40+00:00,-75.46999,36.86831,0.0,133.5,134.0,ORION,IMO9825453,ORMB,90.0,36.86832,-75.46999,2025-01-01 06:33:22+00:00,78.0,1.109751758347279,0.0276561520249458,False,False,False,True
205755000,2025-01-01 06:35:51+00:00,-75.46999,36.86832,0.0,79.4,134.0,ORION,IMO9825453,ORMB,90.0,36.86831,-75.46999,2025-01-01 06:34:40+00:00,71.0,1.109751758347279,0.0303828149006447,False,False,False,True
205755000,2025-01-01 06:37:12+00:00,-75.46999,36.86832,0.0,320.9,134.0,ORION,IMO9825453,ORMB,90.0,36.86832,-75.46999,2025-01-01 06:35:51+00:00,81.0,0.0,0.0,False,False,False,True
205755000,2025-01-01 06:38:21+00:00,-75.46999,36.86832,0.0,310.1,134.0,ORION,IMO9825453,ORMB,90.0,36.86832,-75.46999,2025-01-01 06:37:12+00:00,69.0,0.0,0.0,False,False,False,True
205755000,2025-01-01 06:39:31+00:00,-75.46999,36.86832,0.1,349.9,134.0,ORION,IMO9825453,ORMB,90.0,36.86832,-75.46999,2025-01-01 06:38:21+00:00,70.0,0.0,0.0,False,False,False,True
205755000,2025-01-01 06:40:41+00:00,-75.46999,36.86832,0.1,298.6,134.0,ORION,IMO9825453,ORMB,90.0,36.86832,-75.46999,2025-01-01 06:39:31+00:00,70.0,0.0,0.0,False,False,False,True
205755000,2025-01-01 06:42:01+00:00,-75.46999,36.86831,0.1,259.0,134.0,ORION,IMO9825453,ORMB,90.0,36.86832,-75.46999,2025-01-01 06:40:41+00:00,80.0,1.109751758347279,0.0269647482243221,False,False,False,True
205755000,2025-01-01 06:43:02+00:00,-75.46999,36.86831,0.0,321.2,134.0,ORION,IMO9825453,ORMB,90.0,36.86831,-75.46999,2025-01-01 06:42:01+00:00,61.0,0.0,0.0,False,False,False,True
205755000,2025-01-01 06:44:11+00:00,-75.46999,36.86831,0.0,301.0,134.0,ORION,IMO9825453,ORMB,90.0,36.86831,-75.46999,2025-01-01 06:43:02+00:00,69.0,0.0,0.0,False,False,False,True
205755000,2025-01-01 06:45:31+00:00,-75.46999,36.86831,0.0,102.8,134.0,ORION,IMO9825453,ORMB,90.0,36.86831,-75.46999,2025-01-01 06:44:11+00:00,80.0,0.0,0.0,False,False,False,True
205755000,2025-01-01 06:46:41+00:00,-75.46999,36.86832,0.0,60.1,134.0,ORION,IMO9825453,ORMB,90.0,36.86831,-75.46999,2025-01-01 06:45:31+00:00,70.0,1.109751758347279,0.030816855113511,False,False,False,True
205755000,2025-01-01 06:47:52+00:00,-75.46999,36.86831,0.0,145.0,134.0,ORION,IMO9825453,ORMB,90.0,36.86832,-75.46999,2025-01-01 06:46:41+00:00,71.0,1.109751758347279,0.0303828149006447,False,False,False,True
205755000,2025-01-01 06:49:31+00:00,-75.46999,36.86832,0.0,25.5,134.0,ORION,IMO9825453,ORMB,90.0,36.86831,-75.46999,2025-01-01 06:47:52+00:00,99.0,1.109751758347279,0.0217896955348057,False,False,False,True
205755000,2025-01-01 06:50:41+00:00,-75.46999,36.86831,0.0,185.0,134.0,ORION,IMO9825453,ORMB,90.0,36.86832,-75.46999,2025-01-01 06:49:31+00:00,70.0,1.109751758347279,0.030816855113511,False,False,False,True
205755000,2025-01-01 06:51:51+00:00,-75.46999,36.86832,0.0,44.0,134.0,ORION,IMO9825453,ORMB,90.0,36.86831,-75.46999,2025-01-01 06:50:41+00:00,70.0,1.109751758347279,0.030816855113511,False,False,False,True
205755000,2025-01-01 06:53:00+00:00,-75.46999,36.86832,0.0,268.4,134.0,ORION,IMO9825453,ORMB,90.0,36.86832,-75.46999,2025-01-01 06:51:51+00:00,69.0,0.0,0.0,False,False,False,True
205755000,2025-01-01 06:54:02+00:00,-75.46999,36.86832,0.0,354.1,134.0,ORION,IMO9825453,ORMB,90.0,36.86832,-75.46999,2025-01-01 06:53:00+00:00,62.0,0.0,0.0,False,False,False,True
205755000,2025-01-01 06:55:11+00:00,-75.46999,36.86832,0.0,316.2,134.0,ORION,IMO9825453,ORMB,90.0,36.86832,-75.46999,2025-01-01 06:54:02+00:00,69.0,0.0,0.0,False,False,False,True
205755000,2025-01-01 06:56:12+00:00,-75.46999,36.86831,0.0,238.4,134.0,ORION,IMO9825453,ORMB,90.0,36.86832,-75.46999,2025-01-01 06:55:11+00:00,61.0,1.109751758347279,0.0353636042286192,False,False,False,True
205755000,2025-01-01 06:57:21+00:00,-75.46999,36.86832,0.0,322.2,134.0,ORION,IMO9825453,ORMB,90.0,36.86831,-75.46999,2025-01-01 06:56:12+00:00,69.0,1.109751758347279,0.0312634762021126,False,False,False,True
205755000,2025-01-01 06:58:32+00:00,-75.46999,36.86832,0.0,228.6,134.0,ORION,IMO9825453,ORMB,90.0,36.86832,-75.46999,2025-01-01 06:57:21+00:00,71.0,0.0,0.0,False,False,False,True
205755000,2025-01-01 06:59:42+00:00,-75.46999,36.86832,0.0,86.8,134.0,ORION,IMO9825453,ORMB,90.0,36.86832,-75.46999,2025-01-01 06:58:32+00:00,70.0,0.0,0.0,False,False,False,True
205755000,2025-01-01 07:00:01+00:00,-75.46999,36.86832,0.0,44.9,134.0,ORION,IMO9825453,ORMB,90.0,36.86832,-75.46999,2025-01-01 06:59:42+00:00,19.0,0.0,0.0,False,False,False,True
205755000,2025-01-01 07:01:12+00:00,-75.46999,36.86831,0.1,262.8,134.0,ORION,IMO9825453,ORMB,90.0,36.86832,-75.46999,2025-01-01 07:00:01+00:00,71.0,1.109751758347279,0.0303828149006447,False,False,False,True
205755000,2025-01-01 07:02:20+00:00,-75.46999,36.86831,0.0,138.5,134.0,ORION,IMO9825453,ORMB,90.0,36.86831,-75.46999,2025-01-01 07:01:12+00:00,68.0,0.0,0.0,False,False,False,True
205755000,2025-01-01 07:03:31+00:00,-75.46999,36.86831,0.0,91.2,134.0,ORION,IMO9825453,ORMB,90.0,36.86831,-75.46999,2025-01-01 07:02:20+00:00,71.0,0.0,0.0,False,False,False,True
205755000,2025-01-01 07:04:42+00:00,-75.46999,36.86831,0.0,151.9,134.0,ORION,IMO9825453,ORMB,90.0,36.86831,-75.46999,2025-01-01 07:03:31+00:00,71.0,0.0,0.0,False,False,False,True
205755000,2025-01-01 07:05:51+00:00,-75.46999,36.86831,0.1,96.7,134.0,ORION,IMO9825453,ORMB,90.0,36.86831,-75.46999,2025-01-01 07:04:42+00:00,69.0,0.0,0.0,False,False,False,True
205755000,2025-01-01 07:07:00+00:00,-75.46999,36.86831,0.0,134.9,134.0,ORION,IMO9825453,ORMB,90.0,36.86831,-75.46999,2025-01-01 07:05:51+00:00,69.0,0.0,0.0,False,False,False,True
205755000,2025-01-01 07:08:11+00:00,-75.46999,36.86832,0.0,9.5,134.0,ORION,IMO9825453,ORMB,90.0,36.86831,-75.46999,2025-01-01 07:07:00+00:00,71.0,1.109751758347279,0.0303828149006447,False,False,False,True
205755000,2025-01-01 07:09:21+00:00,-75.46999,36.86832,0.0,313.7,134.0,ORION,IMO9825453,ORMB,90.0,36.86832,-75.46999,2025-01-01 07:08:11+00:00,70.0,0.0,0.0,False,False,False,True
205755000,2025-01-01 07:10:31+00:00,-75.46999,36.86831,0.0,354.9,134.0,ORION,IMO9825453,ORMB,90.0,36.86832,-75.46999,2025-01-01 07:09:21+00:00,70.0,1.109751758347279,0.030816855113511,False,False,False,True
205755000,2025-01-01 07:11:42+00:00,-75.46999,36.86831,0.0,167.7,134.0,ORION,IMO9825453,ORMB,90.0,36.86831,-75.46999,2025-01-01 07:10:31+00:00,71.0,0.0,0.0,False,False,False,True
205755000,2025-01-01 07:12:51+00:00,-75.46999,36.86831,0.0,350.7,134.0,ORION,IMO9825453,ORMB,90.0,36.86831,-75.46999,2025-01-01 07:11:42+00:00,69.0,0.0,0.0,False,False,False,True
205755000,2025-01-01 07:14:01+00:00,-75.46999,36.86831,0.0,298.0,134.0,ORION,IMO9825453,ORMB,90.0,36.86831,-75.46999,2025-01-01 07:12:51+00:00,70.0,0.0,0.0,False,False,False,True
205755000,2025-01-01 07:15:12+00:00,-75.46999,36.86831,0.0,2.0,134.0,ORION,IMO9825453,ORMB,90.0,36.86831,-75.46999,2025-01-01 07:14:01+00:00,71.0,0.0,0.0,False,False,False,True
205755000,2025-01-01 07:16:21+00:00,-75.46999,36.86831,0.0,227.5,134.0,ORION,IMO9825453,ORMB,90.0,36.86831,-75.46999,2025-01-01 07:15:12+00:00,69.0,0.0,0.0,False,False,False,True
205755000,2025-01-01 07:17:22+00:00,-75.46999,36.86831,0.0,181.3,134.0,ORION,IMO9825453,ORMB,90.0,36.86831,-75.46999,2025-01-01 07:16:21+00:00,61.0,0.0,0.0,False,False,False,True
205755000,2025-01-01 07:18:32+00:00,-75.46999,36.86831,0.0,140.7,134.0,ORION,IMO9825453,ORMB,90.0,36.86831,-75.46999,2025-01-01 07:17:22+00:00,70.0,0.0,0.0,False,False,False,True
205755000,2025-01-01 07:19:41+00:00,-75.46999,36.86831,0.0,136.3,134.0,ORION,IMO9825453,ORMB,90.0,36.86831,-75.46999,2025-01-01 07:18:32+00:00,69.0,0.0,0.0,False,False,False,True
205755000,2025-01-01 07:20:51+00:00,-75.46999,36.86831,0.0,4.0,134.0,ORION,IMO9825453,ORMB,90.0,36.86831,-75.46999,2025-01-01 07:19:41+00:00,70.0,0.0,0.0,False,False,False,True
205755000,2025-01-01 07:22:02+00:00,-75.46999,36.86831,0.0,238.1,134.0,ORION,IMO9825453,ORMB,90.0,36.86831,-75.46999,2025-01-01 07:20:51+00:00,71.0,0.0,0.0,False,False,False,True
205755000,2025-01-01 07:23:11+00:00,-75.46999,36.86831,0.0,230.4,134.0,ORION,IMO9825453,ORMB,90.0,36.86831,-75.46999,2025-01-01 07:22:02+00:00,69.0,0.0,0.0,False,False,False,True
205755000,2025-01-01 07:24:20+00:00,-75.46999,36.86831,0.0,356.9,134.0,ORION,IMO9825453,ORMB,90.0,36.86831,-75.46999,2025-01-01 07:23:11+00:00,69.0,0.0,0.0,False,False,False,True
205755000,2025-01-01 07:25:21+00:00,-75.46999,36.86832,0.0,142.0,134.0,ORION,IMO9825453,ORMB,90.0,36.86831,-75.46999,2025-01-01 07:24:20+00:00,61.0,1.109751758347279,0.0353636042286192,False,False,False,True
205755000,2025-01-01 07:26:30+00:00,-75.46999,36.86832,0.0,133.9,134.0,ORION,IMO9825453,ORMB,90.0,36.86832,-75.46999,2025-01-01 07:25:21+00:00,69.0,0.0,0.0,False,False,False,True
205755000,2025-01-01 07:27:52+00:00,-75.46999,36.86832,0.0,44.0,134.0,ORION,IMO9825453,ORMB,90.0,36.86832,-75.46999,2025-01-01 07:26:30+00:00,82.0,0.0,0.0,False,False,False,True
205755000,2025-01-01 07:29:11+00:00,-75.47,36.86832,0.0,343.7,134.0,ORION,IMO9825453,ORMB,90.0,36.86832,-75.46999,2025-01-01 07:27:52+00:00,79.0,0.8916493136697783,0.0219395392643526,False,False,False,True
205755000,2025-01-01 07:30:22+00:00,-75.47,36.86832,0.0,100.2,134.0,ORION,IMO9825453,ORMB,90.0,36.86832,-75.47,2025-01-01 07:29:11+00:00,71.0,0.0,0.0,False,False,False,True
205755000,2025-01-01 07:31:32+00:00,-75.46999,36.86832,0.0,22.3,134.0,ORION,IMO9825453,ORMB,90.0,36.86832,-75.47,2025-01-01 07:30:22+00:00,70.0,0.8916493136697783,0.0247603371697694,False,False,False,True
205755000,2025-01-01 07:32:41+00:00,-75.46999,36.86832,0.0,297.8,134.0,ORION,IMO9825453,ORMB,90.0,36.86832,-75.46999,2025-01-01 07:31:32+00:00,69.0,0.0,0.0,False,False,False,True
205755000,2025-01-01 07:33:52+00:00,-75.46999,36.86831,0.0,286.0,134.0,ORION,IMO9825453,ORMB,90.0,36.86832,-75.46999,2025-01-01 07:32:41+00:00,71.0,1.109751758347279,0.0303828149006447,False,False,False,True
205755000,2025-01-01 07:35:02+00:00,-75.46999,36.86831,0.0,149.5,134.0,ORION,IMO9825453,ORMB,90.0,36.86831,-75.46999,2025-01-01 07:33:52+00:00,70.0,0.0,0.0,False,False,False,True
205755000,2025-01-01 07:36:31+00:00,-75.46999,36.86831,0.0,146.3,134.0,ORION,IMO9825453,ORMB,90.0,36.86831,-75.46999,2025-01-01 07:35:02+00:00,89.0,0.0,0.0,False,False,False,True
205755000,2025-01-01 07:37:42+00:00,-75.46999,36.86831,0.0,96.6,134.0,ORION,IMO9825453,ORMB,90.0,36.86831,-75.46999,2025-01-01 07:36:31+00:00,71.0,0.0,0.0,False,False,False,True
205755000,2025-01-01 07:38:51+00:00,-75.46999,36.86831,0.0,167.3,134.0,ORION,IMO9825453,ORMB,90.0,36.86831,-75.46999,2025-01-01 07:37:42+00:00,69.0,0.0,0.0,False,False,False,True
205755000,2025-01-01 07:40:02+00:00,-75.46999,36.86831,0.0,184.2,134.0,ORION,IMO9825453,ORMB,90.0,36.86831,-75.46999,2025-01-01 07:38:51+00:00,71.0,0.0,0.0,False,False,False,True
205755000,2025-01-01 07:41:12+00:00,-75.46999,36.86831,0.0,88.0,134.0,ORION,IMO9825453,ORMB,90.0,36.86831,-75.46999,2025-01-01 07:40:02+00:00,70.0,0.0,0.0,False,False,False,True
205755000,2025-01-01 07:42:31+00:00,-75.46999,36.86831,0.0,104.3,134.0,ORION,IMO9825453,ORMB,90.0,36.86831,-75.46999,2025-01-01 07:41:12+00:00,79.0,0.0,0.0,False,False,False,True
205755000,2025-01-01 07:43:40+00:00,-75.46999,36.86831,0.0,160.9,134.0,ORION,IMO9825453,ORMB,90.0,36.86831,-75.46999,2025-01-01 07:42:31+00:00,69.0,0.0,0.0,False,False,False,True
205755000,2025-01-01 07:44:52+00:00,-75.46999,36.86831,0.1,344.6,134.0,ORION,IMO9825453,ORMB,90.0,36.86831,-75.46999,2025-01-01 07:43:40+00:00,72.0,0.0,0.0,False,False,False,True
205755000,2025-01-01 07:46:02+00:00,-75.46999,36.86831,0.0,179.5,134.0,ORION,IMO9825453,ORMB,90.0,36.86831,-75.46999,2025-01-01 07:44:52+00:00,70.0,0.0,0.0,False,False,False,True
205755000,2025-01-01 07:47:12+00:00,-75.46999,36.86831,0.1,229.0,134.0,ORION,IMO9825453,ORMB,90.0,36.86831,-75.46999,2025-01-01 07:46:02+00:00,70.0,0.0,0.0,False,False,False,True
205755000,2025-01-01 07:48:21+00:00,-75.46999,36.86831,0.0,139.3,134.0,ORION,IMO9825453,ORMB,90.0,36.86831,-75.46999,2025-01-01 07:47:12+00:00,69.0,0.0,0.0,False,False,False,True
205755000,2025-01-01 07:49:52+00:00,-75.46999,36.86831,0.0,288.8,134.0,ORION,IMO9825453,ORMB,90.0,36.86831,-75.46999,2025-01-01 07:48:21+00:00,91.0,0.0,0.0,False,False,False,True
205755000,2025-01-01 07:51:00+00:00,-75.46999,36.86831,0.0,118.9,134.0,ORION,IMO9825453,ORMB,90.0,36.86831,-75.46999,2025-01-01 07:49:52+00:00,68.0,0.0,0.0,False,False,False,True
205755000,2025-01-01 07:52:10+00:00,-75.46999,36.86831,0.0,286.7,134.0,ORION,IMO9825453,ORMB,90.0,36.86831,-75.46999,2025-01-01 07:51:00+00:00,70.0,0.0,0.0,False,False,False,True
205755000,2025-01-01 07:53:22+00:00,-75.46999,36.86831,0.0,127.5,134.0,ORION,IMO9825453,ORMB,90.0,36.86831,-75.46999,2025-01-01 07:52:10+00:00,72.0,0.0,0.0,False,False,False,True
205755000,2025-01-01 07:54:31+00:00,-75.46999,36.86831,0.0,101.5,134.0,ORION,IMO9825453,ORMB,90.0,36.86831,-75.46999,2025-01-01 07:53:22+00:00,69.0,0.0,0.0,False,False,False,True
205755000,2025-01-01 07:55:40+00:00,-75.46999,36.86831,0.1,240.4,134.0,ORION,IMO9825453,ORMB,90.0,36.86831,-75.46999,2025-01-01 07:54:31+00:00,69.0,0.0,0.0,False,False,False,True
205755000,2025-01-01 07:56:41+00:00,-75.46999,36.86831,0.0,117.8,134.0,ORION,IMO9825453,ORMB,90.0,36.86831,-75.46999,2025-01-01 07:55:40+00:00,61.0,0.0,0.0,False,False,False,True
205755000,2025-01-01 07:57:52+00:00,-75.46999,36.86831,0.0,147.5,134.0,ORION,IMO9825453,ORMB,90.0,36.86831,-75.46999,2025-01-01 07:56:41+00:00,71.0,0.0,0.0,False,False,False,True
205755000,2025-01-01 07:59:12+00:00,-75.46999,36.86831,0.0,337.1,134.0,ORION,IMO9825453,ORMB,90.0,36.86831,-75.46999,2025-01-01 07:57:52+00:00,80.0,0.0,0.0,False,False,False,True
205755000,2025-01-01 08:00:01+00:00,-75.46999,36.86831,0.0,77.5,134.0,ORION,IMO9825453,ORMB,90.0,36.86831,-75.46999,2025-01-01 07:59:12+00:00,49.0,0.0,0.0,False,False,False,True
205755000,2025-01-01 08:01:12+00:00,-75.46999,36.86831,0.0,97.5,134.0,ORION,IMO9825453,ORMB,90.0,36.86831,-75.46999,2025-01-01 08:00:01+00:00,71.0,0.0,0.0,False,False,False,True
205755000,2025-01-01 08:02:22+00:00,-75.46999,36.86831,0.0,278.1,134.0,ORION,IMO9825453,ORMB,90.0,36.86831,-75.46999,2025-01-01 08:01:12+00:00,70.0,0.0,0.0,False,False,False,True
205755000,2025-01-01 08:03:32+00:00,-75.46999,36.86831,0.0,299.3,134.0,ORION,IMO9825453,ORMB,90.0,36.86831,-75.46999,2025-01-01 08:02:22+00:00,70.0,0.0,0.0,False,False,False,True
205755000,2025-01-01 08:04:42+00:00,-75.46999,36.86831,0.0,2.1,134.0,ORION,IMO9825453,ORMB,90.0,36.86831,-75.46999,2025-01-01 08:03:32+00:00,70.0,0.0,0.0,False,False,False,True
205755000,2025-01-01 08:05:52+00:00,-75.46999,36.86831,0.0,327.2,134.0,ORION,IMO9825453,ORMB,90.0,36.86831,-75.46999,2025-01-01 08:04:42+00:00,70.0,0.0,0.0,False,False,False,True
205755000,2025-01-01 08:07:00+00:00,-75.46999,36.86831,0.0,289.8,134.0,ORION,IMO9825453,ORMB,90.0,36.86831,-75.46999,2025-01-01 08:05:52+00:00,68.0,0.0,0.0,False,False,False,True
205755000,2025-01-01 08:08:12+00:00,-75.46999,36.86831,0.0,314.6,134.0,ORION,IMO9825453,ORMB,90.0,36.86831,-75.46999,2025-01-01 08:07:00+00:00,72.0,0.0,0.0,False,False,False,True
205755000,2025-01-01 08:09:21+00:00,-75.46999,36.86831,0.0,224.1,134.0,ORION,IMO9825453,ORMB,90.0,36.86831,-75.46999,2025-01-01 08:08:12+00:00,69.0,0.0,0.0,False,False,False,True
205755000,2025-01-01 08:10:31+00:00,-75.46999,36.86831,0.0,211.4,134.0,ORION,IMO9825453,ORMB,90.0,36.86831,-75.46999,2025-01-01 08:09:21+00:00,70.0,0.0,0.0,False,False,False,True
205755000,2025-01-01 08:11:42+00:00,-75.46999,36.86831,0.0,11.8,134.0,ORION,IMO9825453,ORMB,90.0,36.86831,-75.46999,2025-01-01 08:10:31+00:00,71.0,0.0,0.0,False,False,False,True
205755000,2025-01-01 08:12:52+00:00,-75.46999,36.86831,0.0,329.0,134.0,ORION,IMO9825453,ORMB,90.0,36.86831,-75.46999,2025-01-01 08:11:42+00:00,70.0,0.0,0.0,False,False,False,True
205755000,2025-01-01 08:14:01+00:00,-75.46999,36.86831,0.0,139.9,134.0,ORION,IMO9825453,ORMB,90.0,36.86831,-75.46999,2025-01-01 08:12:52+00:00,69.0,0.0,0.0,False,False,False,True
205755000,2025-01-01 08:15:11+00:00,-75.46999,36.86831,0.0,36.6,134.0,ORION,IMO9825453,ORMB,90.0,36.86831,-75.46999,2025-01-01 08:14:01+00:00,70.0,0.0,0.0,False,False,False,True
205755000,2025-01-01 08:16:21+00:00,-75.46999,36.86831,0.0,106.1,134.0,ORION,IMO9825453,ORMB,90.0,36.86831,-75.46999,2025-01-01 08:15:11+00:00,70.0,0.0,0.0,False,False,False,True
205755000,2025-01-01 08:17:32+00:00,-75.46999,36.86831,0.0,186.7,134.0,ORION,IMO9825453,ORMB,90.0,36.86831,-75.46999,2025-01-01 08:16:21+00:00,71.0,0.0,0.0,False,False,False,True
205755000,2025-01-01 08:18:42+00:00,-75.46999,36.8683,0.1,137.6,134.0,ORION,IMO9825453,ORMB,90.0,36.86831,-75.46999,2025-01-01 08:17:32+00:00,70.0,1.1097517580780385,0.0308168551060344,False,False,False,True
205755000,2025-01-01 08:19:52+00:00,-75.46996,36.86828,0.1,156.2,134.0,ORION,IMO9825453,ORMB,90.0,36.8683,-75.46999,2025-01-01 08:18:42+00:00,70.0,3.4758521111011857,0.0965214338234704,False,False,False,True
205755000,2025-01-01 08:21:01+00:00,-75.46993,36.86826,0.1,138.7,134.0,ORION,IMO9825453,ORMB,90.0,36.86828,-75.46996,2025-01-01 08:19:52+00:00,69.0,3.47585264491138,0.097920310221515,False,False,False,True
205755000,2025-01-01 08:22:12+00:00,-75.4699,36.86824,0.1,136.1,134.0,ORION,IMO9825453,ORMB,90.0,36.86826,-75.46993,2025-01-01 08:21:01+00:00,71.0,3.4758531755412228,0.0951620061513246,False,False,False,True
205755000,2025-01-01 08:23:21+00:00,-75.46988,36.86822,0.1,146.4,134.0,ORION,IMO9825453,ORMB,90.0,36.86824,-75.4699,2025-01-01 08:22:12+00:00,69.0,2.847166517927477,0.0802092197711325,False,False,False,True
205755000,2025-01-01 08:24:32+00:00,-75.46985,36.8682,0.1,147.9,134.0,ORION,IMO9825453,ORMB,90.0,36.86822,-75.46988,2025-01-01 08:23:21+00:00,71.0,3.4758542396259786,0.095162035283867,False,False,False,True
205755000,2025-01-01 08:25:40+00:00,-75.46982,36.86817,0.1,172.8,134.0,ORION,IMO9825453,ORMB,90.0,36.8682,-75.46985,2025-01-01 08:24:32+00:00,68.0,4.270750738712208,0.1220831781755638,False,False,False,True
205755000,2025-01-01 08:27:12+00:00,-75.46978,36.86815,0.1,117.7,134.0,ORION,IMO9825453,ORMB,90.0,36.86817,-75.46982,2025-01-01 08:25:40+00:00,92.0,4.200817139886753,0.0887577868391028,False,False,False,True
205755000,2025-01-01 08:28:21+00:00,-75.46976,36.86812,0.1,144.7,134.0,ORION,IMO9825453,ORMB,90.0,36.86815,-75.46978,2025-01-01 08:27:12+00:00,69.0,3.776785585107434,0.1063980708950033,False,False,False,True
205755000,2025-01-01 08:29:32+00:00,-75.46972,36.8681,0.1,132.9,134.0,ORION,IMO9825453,ORMB,90.0,36.86812,-75.46976,2025-01-01 08:28:21+00:00,71.0,4.200819102299823,0.115010143715697,False,False,False,True
205755000,2025-01-01 08:30:41+00:00,-75.4697,36.86808,0.1,153.8,134.0,ORION,IMO9825453,ORMB,90.0,36.8681,-75.46972,2025-01-01 08:29:32+00:00,69.0,2.8471685146094727,0.0802092760208475,False,False,False,True
205755000,2025-01-01 08:31:52+00:00,-75.46967,36.86806,0.1,133.7,134.0,ORION,IMO9825453,ORMB,90.0,36.86808,-75.4697,2025-01-01 08:30:41+00:00,71.0,3.475857962513319,0.0951621372091815,False,False,False,True
205755000,2025-01-01 08:33:12+00:00,-75.46964,36.86803,0.1,144.9,134.0,ORION,IMO9825453,ORMB,90.0,36.86806,-75.46967,2025-01-01 08:31:52+00:00,80.0,4.270753734972137,0.103770774252353,False,False,False,True
205755000,2025-01-01 08:34:22+00:00,-75.46961,36.86801,0.1,137.9,134.0,ORION,IMO9825453,ORMB,90.0,36.86803,-75.46964,2025-01-01 08:33:12+00:00,70.0,3.4758592903238417,0.0965216331843299,False,False,False,True
205755000,2025-01-01 08:35:42+00:00,-75.46959,36.868,0.0,130.6,134.0,ORION,IMO9825453,ORMB,90.0,36.86801,-75.46961,2025-01-01 08:34:22+00:00,80.0,2.1004116129555856,0.0510358013715948,False,False,False,True
205755000,2025-01-01 08:37:01+00:00,-75.46959,36.868,0.0,86.0,134.0,ORION,IMO9825453,ORMB,90.0,36.868,-75.46959,2025-01-01 08:35:42+00:00,79.0,0.0,0.0,False,False,False,True
205755000,2025-01-01 08:38:22+00:00,-75.46958,36.868,0.0,133.1,134.0,ORION,IMO9825453,ORMB,90.0,36.868,-75.46959,2025-01-01 08:37:01+00:00,81.0,0.8916530323331421,0.021397911486055,False,False,False,True
205755000,2025-01-01 08:39:30+00:00,-75.46959,36.868,0.0,101.3,134.0,ORION,IMO9825453,ORMB,90.0,36.868,-75.46958,2025-01-01 08:38:22+00:00,68.0,0.8916530323331421,0.0254886886819184,False,False,False,True
205755000,2025-01-01 08:40:42+00:00,-75.46958,36.868,0.0,142.0,134.0,ORION,IMO9825453,ORMB,90.0,36.868,-75.46959,2025-01-01 08:39:30+00:00,72.0,0.8916530323331421,0.0240726504218118,False,False,False,True
205755000,2025-01-01 08:41:51+00:00,-75.46959,36.868,0.0,159.9,134.0,ORION,IMO9825453,ORMB,90.0,36.868,-75.46958,2025-01-01 08:40:42+00:00,69.0,0.8916530323331421,0.0251192873966732,False,False,False,True
205755000,2025-01-01 08:43:01+00:00,-75.46958,36.868,0.0,86.0,134.0,ORION,IMO9825453,ORMB,90.0,36.868,-75.46959,2025-01-01 08:41:51+00:00,70.0,0.8916530323331421,0.0247604404338636,False,False,False,True
205755000,2025-01-01 08:44:10+00:00,-75.46959,36.868,0.1,319.0,134.0,ORION,IMO9825453,ORMB,90.0,36.868,-75.46958,2025-01-01 08:43:01+00:00,69.0,0.8916530323331421,0.0251192873966732,False,False,False,True
205755000,2025-01-01 08:46:01+00:00,-75.46959,36.868,0.0,265.2,134.0,ORION,IMO9825453,ORMB,90.0,36.868,-75.46959,2025-01-01 08:44:10+00:00,111.0,0.0,0.0,False,False,False,True
205755000,2025-01-01 08:47:11+00:00,-75.46959,36.868,0.0,125.8,134.0,ORION,IMO9825453,ORMB,90.0,36.868,-75.46959,2025-01-01 08:46:01+00:00,70.0,0.0,0.0,False,False,False,True
205755000,2025-01-01 08:48:31+00:00,-75.46958,36.86799,0.0,97.3,134.0,ORION,IMO9825453,ORMB,90.0,36.868,-75.46959,2025-01-01 08:47:11+00:00,80.0,1.4235849356272317,0.0345902667658704,False,False,False,True
205755000,2025-01-01 08:49:42+00:00,-75.46959,36.868,0.1,262.9,134.0,ORION,IMO9825453,ORMB,90.0,36.86799,-75.46958,2025-01-01 08:48:31+00:00,71.0,1.4235849356272317,0.0389749484685864,False,False,False,True
205755000,2025-01-01 08:50:51+00:00,-75.46959,36.86799,0.0,228.4,134.0,ORION,IMO9825453,ORMB,90.0,36.868,-75.46959,2025-01-01 08:49:42+00:00,69.0,1.10975169916822,0.0312634745349442,False,False,False,True
205755000,2025-01-01 08:52:00+00:00,-75.46959,36.868,0.0,162.7,134.0,ORION,IMO9825453,ORMB,90.0,36.86799,-75.46959,2025-01-01 08:50:51+00:00,69.0,1.10975169916822,0.0312634745349442,False,False,False,True
205755000,2025-01-01 08:53:12+00:00,-75.46959,36.868,0.0,103.5,134.0,ORION,IMO9825453,ORMB,90.0,36.868,-75.46959,2025-01-01 08:52:00+00:00,72.0,0.0,0.0,False,False,False,True
205755000,2025-01-01 08:54:32+00:00,-75.46958,36.86799,0.0,153.2,134.0,ORION,IMO9825453,ORMB,90.0,36.868,-75.46959,2025-01-01 08:53:12+00:00,80.0,1.4235849356272317,0.0345902667658704,False,False,False,True
205755000,2025-01-01 08:55:42+00:00,-75.46959,36.868,0.0,231.8,134.0,ORION,IMO9825453,ORMB,90.0,36.86799,-75.46958,2025-01-01 08:54:32+00:00,70.0,1.4235849356272317,0.0395317334467091,False,False,False,True
205755000,2025-01-01 08:57:00+00:00,-75.46959,36.868,0.0,160.2,134.0,ORION,IMO9825453,ORMB,90.0,36.868,-75.46959,2025-01-01 08:55:42+00:00,78.0,0.0,0.0,False,False,False,True
205755000,2025-01-01 08:58:01+00:00,-75.46958,36.868,0.0,109.3,134.0,ORION,IMO9825453,ORMB,90.0,36.868,-75.46959,2025-01-01 08:57:00+00:00,61.0,0.8916530323331421,0.0284136201700074,False,False,False,True
205755000,2025-01-01 08:59:31+00:00,-75.46958,36.868,0.0,94.9,134.0,ORION,IMO9825453,ORMB,90.0,36.868,-75.46958,2025-01-01 08:58:01+00:00,90.0,0.0,0.0,False,False,False,True
205755000,2025-01-01 09:00:52+00:00,-75.46958,36.868,0.0,298.3,134.0,ORION,IMO9825453,ORMB,90.0,36.868,-75.46958,2025-01-01 08:59:31+00:00,81.0,0.0,0.0,False,False,False,True
205755000,2025-01-01 09:02:01+00:00,-75.46958,36.868,0.0,22.7,134.0,ORION,IMO9825453,ORMB,90.0,36.868,-75.46958,2025-01-01 09:00:52+00:00,69.0,0.0,0.0,False,False,False,True
205755000,2025-01-01 09:03:31+00:00,-75.46959,36.868,0.0,322.2,134.0,ORION,IMO9825453,ORMB,90.0,36.868,-75.46958,2025-01-01 09:02:01+00:00,90.0,0.8916530323331421,0.0192581203374495,False,False,False,True
205755000,2025-01-01 09:04:50+00:00,-75.46959,36.868,0.0,170.5,134.0,ORION,IMO9825453,ORMB,90.0,36.868,-75.46959,2025-01-01 09:03:31+00:00,79.0,0.0,0.0,False,False,False,True
205755000,2025-01-01 09:05:51+00:00,-75.46958,36.868,0.0,139.3,134.0,ORION,IMO9825453,ORMB,90.0,36.868,-75.46959,2025-01-01 09:04:50+00:00,61.0,0.8916530323331421,0.0284136201700074,False,False,False,True
205755000,2025-01-01 09:07:01+00:00,-75.46959,36.868,0.0,34.2,134.0,ORION,IMO9825453,ORMB,90.0,36.868,-75.46958,2025-01-01 09:05:51+00:00,70.0,0.8916530323331421,0.0247604404338636,False,False,False,True
205755000,2025-01-01 09:08:11+00:00,-75.46958,36.86799,0.0,160.5,134.0,ORION,IMO9825453,ORMB,90.0,36.868,-75.46959,2025-01-01 09:07:01+00:00,70.0,1.4235849356272317,0.0395317334467091,False,False,False,True
205755000,2025-01-01 09:09:22+00:00,-75.46959,36.86799,0.0,195.6,134.0,ORION,IMO9825453,ORMB,90.0,36.86799,-75.46958,2025-01-01 09:08:11+00:00,71.0,0.891653148540922,0.0244117050177434,False,False,False,True
205755000,2025-01-01 09:10:31+00:00,-75.46959,36.868,0.0,274.8,134.0,ORION,IMO9825453,ORMB,90.0,36.86799,-75.46959,2025-01-01 09:09:22+00:00,69.0,1.10975169916822,0.0312634745349442,False,False,False,True
205755000,2025-01-01 09:11:32+00:00,-75.46959,36.86799,0.0,194.4,134.0,ORION,IMO9825453,ORMB,90.0,36.868,-75.46959,2025-01-01 09:10:31+00:00,61.0,1.10975169916822,0.0353636023428057,False,False,False,True
205755000,2025-01-01 09:12:42+00:00,-75.46959,36.86799,0.0,262.8,134.0,ORION,IMO9825453,ORMB,90.0,36.86799,-75.46959,2025-01-01 09:11:32+00:00,70.0,0.0,0.0,False,False,False,True
205755000,2025-01-01 09:14:01+00:00,-75.46959,36.868,0.0,96.7,134.0,ORION,IMO9825453,ORMB,90.0,36.86799,-75.46959,2025-01-01 09:12:42+00:00,79.0,1.10975169916822,0.0273060726950778,False,False,False,True
205755000,2025-01-01 09:15:12+00:00,-75.46959,36.86799,0.0,94.3,134.0,ORION,IMO9825453,ORMB,90.0,36.868,-75.46959,2025-01-01 09:14:01+00:00,71.0,1.10975169916822,0.0303828132804387,False,False,False,True
205755000,2025-01-01 09:16:21+00:00,-75.46959,36.86799,0.0,34.1,134.0,ORION,IMO9825453,ORMB,90.0,36.86799,-75.46959,2025-01-01 09:15:12+00:00,69.0,0.0,0.0,False,False,False,True
205755000,2025-01-01 09:17:42+00:00,-75.46959,36.86799,0.0,168.7,134.0,ORION,IMO9825453,ORMB,90.0,36.86799,-75.46959,2025-01-01 09:16:21+00:00,81.0,0.0,0.0,False,False,False,True
205755000,2025-01-01 09:18:51+00:00,-75.46959,36.86799,0.1,129.1,134.0,ORION,IMO9825453,ORMB,90.0,36.86799,-75.46959,2025-01-01 09:17:42+00:00,69.0,0.0,0.0,False,False,False,True
205755000,2025-01-01 09:20:01+00:00,-75.46959,36.86799,0.0,85.0,134.0,ORION,IMO9825453,ORMB,90.0,36.86799,-75.46959,2025-01-01 09:18:51+00:00,70.0,0.0,0.0,False,False,False,True
205755000,2025-01-01 09:21:11+00:00,-75.46959,36.868,0.0,155.6,134.0,ORION,IMO9825453,ORMB,90.0,36.86799,-75.46959,2025-01-01 09:20:01+00:00,70.0,1.10975169916822,0.0308168534701593,False,False,False,True
205755000,2025-01-01 09:22:20+00:00,-75.46959,36.86799,0.0,146.6,134.0,ORION,IMO9825453,ORMB,90.0,36.868,-75.46959,2025-01-01 09:21:11+00:00,69.0,1.10975169916822,0.0312634745349442,False,False,False,True
205755000,2025-01-01 09:23:31+00:00,-75.46959,36.86799,0.0,114.5,134.0,ORION,IMO9825453,ORMB,90.0,36.86799,-75.46959,2025-01-01 09:22:20+00:00,71.0,0.0,0.0,False,False,False,True
205755000,2025-01-01 09:24:41+00:00,-75.46959,36.868,0.1,26.2,134.0,ORION,IMO9825453,ORMB,90.0,36.86799,-75.46959,2025-01-01 09:23:31+00:00,70.0,1.10975169916822,0.0308168534701593,False,False,False,True
205755000,2025-01-01 09:25:52+00:00,-75.46958,36.86799,0.0,43.9,134.0,ORION,IMO9825453,ORMB,90.0,36.868,-75.46959,2025-01-01 09:24:41+00:00,71.0,1.4235849356272317,0.0389749484685864,False,False,False,True
205755000,2025-01-01 09:27:12+00:00,-75.46958,36.86799,0.0,167.3,134.0,ORION,IMO9825453,ORMB,90.0,36.86799,-75.46958,2025-01-01 09:25:52+00:00,80.0,0.0,0.0,False,False,False,True
205755000,2025-01-01 09:28:21+00:00,-75.46959,36.868,0.0,129.8,134.0,ORION,IMO9825453,ORMB,90.0,36.86799,-75.46958,2025-01-01 09:27:12+00:00,69.0,1.4235849356272317,0.0401046571198498,False,False,False,True
205755000,2025-01-01 09:29:30+00:00,-75.46959,36.86799,0.0,178.2,134.0,ORION,IMO9825453,ORMB,90.0,36.868,-75.46959,2025-01-01 09:28:21+00:00,69.0,1.10975169916822,0.0312634745349442,False,False,False,True
205755000,2025-01-01 09:30:51+00:00,-75.46958,36.86799,0.0,82.3,134.0,ORION,IMO9825453,ORMB,90.0,36.86799,-75.46959,2025-01-01 09:29:30+00:00,81.0,0.891653148540922,0.0213979142748121,False,False,False,True
205755000,2025-01-01 09:32:01+00:00,-75.46959,36.86799,0.0,134.3,134.0,ORION,IMO9825453,ORMB,90.0,36.86799,-75.46958,2025-01-01 09:30:51+00:00,70.0,0.891653148540922,0.024760443660854,False,False,False,True
205755000,2025-01-01 09:33:12+00:00,-75.46959,36.86799,0.0,325.0,134.0,ORION,IMO9825453,ORMB,90.0,36.86799,-75.46959,2025-01-01 09:32:01+00:00,71.0,0.0,0.0,False,False,False,True
205755000,2025-01-01 09:34:22+00:00,-75.46958,36.868,0.0,65.3,134.0,ORION,IMO9825453,ORMB,90.0,36.86799,-75.46959,2025-01-01 09:33:12+00:00,70.0,1.4235849356272317,0.0395317334467091,False,False,False,True
205755000,2025-01-01 09:35:32+00:00,-75.46959,36.86799,0.0,196.1,134.0,ORION,IMO9825453,ORMB,90.0,36.868,-75.46958,2025-01-01 09:34:22+00:00,70.0,1.4235849356272317,0.0395317334467091,False,False,False,True
205755000,2025-01-01 09:36:40+00:00,-75.46959,36.868,0.0,21.5,134.0,ORION,IMO9825453,ORMB,90.0,36.86799,-75.46959,2025-01-01 09:35:32+00:00,68.0,1.10975169916822,0.0317232315133993,False,False,False,True
205755000,2025-01-01 09:37:52+00:00,-75.46959,36.868,0.0,144.0,134.0,ORION,IMO9825453,ORMB,90.0,36.868,-75.46959,2025-01-01 09:36:40+00:00,72.0,0.0,0.0,False,False,False,True
205755000,2025-01-01 09:39:00+00:00,-75.46959,36.868,0.0,106.1,134.0,ORION,IMO9825453,ORMB,90.0,36.868,-75.46959,2025-01-01 09:37:52+00:00,68.0,0.0,0.0,False,False,False,True
205755000,2025-01-01 09:40:12+00:00,-75.46959,36.868,0.1,242.4,134.0,ORION,IMO9825453,ORMB,90.0,36.868,-75.46959,2025-01-01 09:39:00+00:00,72.0,0.0,0.0,False,False,False,True
205755000,2025-01-01 09:41:21+00:00,-75.46959,36.868,0.1,266.8,134.0,ORION,IMO9825453,ORMB,90.0,36.868,-75.46959,2025-01-01 09:40:12+00:00,69.0,0.0,0.0,False,False,False,True
205755000,2025-01-01 09:42:30+00:00,-75.46959,36.868,0.0,88.8,134.0,ORION,IMO9825453,ORMB,90.0,36.868,-75.46959,2025-01-01 09:41:21+00:00,69.0,0.0,0.0,False,False,False,True
205755000,2025-01-01 09:43:50+00:00,-75.46959,36.868,0.0,154.4,134.0,ORION,IMO9825453,ORMB,90.0,36.868,-75.46959,2025-01-01 09:42:30+00:00,80.0,0.0,0.0,False,False,False,True
205755000,2025-01-01 09:45:02+00:00,-75.46959,36.868,0.0,281.5,134.0,ORION,IMO9825453,ORMB,90.0,36.868,-75.46959,2025-01-01 09:43:50+00:00,72.0,0.0,0.0,False,False,False,True
205755000,2025-01-01 09:46:11+00:00,-75.46959,36.868,0.0,291.8,134.0,ORION,IMO9825453,ORMB,90.0,36.868,-75.46959,2025-01-01 09:45:02+00:00,69.0,0.0,0.0,False,False,False,True
205755000,2025-01-01 09:47:21+00:00,-75.46959,36.868,0.0,160.9,134.0,ORION,IMO9825453,ORMB,90.0,36.868,-75.46959,2025-01-01 09:46:11+00:00,70.0,0.0,0.0,False,False,False,True
205755000,2025-01-01 09:48:31+00:00,-75.46959,36.868,0.0,162.7,134.0,ORION,IMO9825453,ORMB,90.0,36.868,-75.46959,2025-01-01 09:47:21+00:00,70.0,0.0,0.0,False,False,False,True
205755000,2025-01-01 09:49:51+00:00,-75.46959,36.868,0.0,173.1,134.0,ORION,IMO9825453,ORMB,90.0,36.868,-75.46959,2025-01-01 09:48:31+00:00,80.0,0.0,0.0,False,False,False,True
205755000,2025-01-01 09:51:02+00:00,-75.46959,36.868,0.0,113.5,134.0,ORION,IMO9825453,ORMB,90.0,36.868,-75.46959,2025-01-01 09:49:51+00:00,71.0,0.0,0.0,False,False,False,True
205755000,2025-01-01 09:52:11+00:00,-75.46959,36.868,0.0,101.1,134.0,ORION,IMO9825453,ORMB,90.0,36.868,-75.46959,2025-01-01 09:51:02+00:00,69.0,0.0,0.0,False,False,False,True
205755000,2025-01-01 09:53:20+00:00,-75.46959,36.868,0.0,230.5,134.0,ORION,IMO9825453,ORMB,90.0,36.868,-75.46959,2025-01-01 09:52:11+00:00,69.0,0.0,0.0,False,False,False,True
205755000,2025-01-01 09:54:31+00:00,-75.46959,36.868,0.0,235.2,134.0,ORION,IMO9825453,ORMB,90.0,36.868,-75.46959,2025-01-01 09:53:20+00:00,71.0,0.0,0.0,False,False,False,True
205755000,2025-01-01 09:55:42+00:00,-75.46959,36.868,0.0,114.7,134.0,ORION,IMO9825453,ORMB,90.0,36.868,-75.46959,2025-01-01 09:54:31+00:00,71.0,0.0,0.0,False,False,False,True
205755000,2025-01-01 09:56:52+00:00,-75.46959,36.868,0.1,325.6,134.0,ORION,IMO9825453,ORMB,90.0,36.868,-75.46959,2025-01-01 09:55:42+00:00,70.0,0.0,0.0,False,False,False,True
205755000,2025-01-01 09:58:02+00:00,-75.46959,36.868,0.0,300.6,134.0,ORION,IMO9825453,ORMB,90.0,36.868,-75.46959,2025-01-01 09:56:52+00:00,70.0,0.0,0.0,False,False,False,True
205755000,2025-01-01 09:59:11+00:00,-75.46959,36.868,0.0,154.8,134.0,ORION,IMO9825453,ORMB,90.0,36.868,-75.46959,2025-01-01 09:58:02+00:00,69.0,0.0,0.0,False,False,False,True
205755000,2025-01-01 10:00:01+00:00,-75.46959,36.868,0.0,21.4,134.0,ORION,IMO9825453,ORMB,90.0,36.868,-75.46959,2025-01-01 09:59:11+00:00,50.0,0.0,0.0,False,False,False,True
205755000,2025-01-01 10:01:02+00:00,-75.46959,36.868,0.0,266.0,134.0,ORION,IMO9825453,ORMB,90.0,36.868,-75.46959,2025-01-01 10:00:01+00:00,61.0,0.0,0.0,False,False,False,True
205755000,2025-01-01 10:02:31+00:00,-75.46959,36.86799,0.0,176.1,134.0,ORION,IMO9825453,ORMB,90.0,36.868,-75.46959,2025-01-01 10:01:02+00:00,89.0,1.10975169916822,0.0242379746394511,False,False,False,True
205755000,2025-01-01 10:03:42+00:00,-75.46959,36.868,0.0,91.6,134.0,ORION,IMO9825453,ORMB,90.0,36.86799,-75.46959,2025-01-01 10:02:31+00:00,71.0,1.10975169916822,0.0303828132804387,False,False,False,True
205755000,2025-01-01 10:04:51+00:00,-75.46959,36.868,0.0,175.1,134.0,ORION,IMO9825453,ORMB,90.0,36.868,-75.46959,2025-01-01 10:03:42+00:00,69.0,0.0,0.0,False,False,False,True
205755000,2025-01-01 10:06:02+00:00,-75.46959,36.868,0.0,119.5,134.0,ORION,IMO9825453,ORMB,90.0,36.868,-75.46959,2025-01-01 10:04:51+00:00,71.0,0.0,0.0,False,False,False,True
205755000,2025-01-01 10:07:10+00:00,-75.46959,36.86799,0.0,162.6,134.0,ORION,IMO9825453,ORMB,90.0,36.868,-75.46959,2025-01-01 10:06:02+00:00,68.0,1.10975169916822,0.0317232315133993,False,False,False,True
205755000,2025-01-01 10:08:11+00:00,-75.46959,36.868,0.0,151.9,134.0,ORION,IMO9825453,ORMB,90.0,36.86799,-75.46959,2025-01-01 10:07:10+00:00,61.0,1.10975169916822,0.0353636023428057,False,False,False,True
205755000,2025-01-01 10:09:22+00:00,-75.46959,36.868,0.0,84.1,134.0,ORION,IMO9825453,ORMB,90.0,36.868,-75.46959,2025-01-01 10:08:11+00:00,71.0,0.0,0.0,False,False,False,True
205755000,2025-01-01 10:10:31+00:00,-75.46959,36.868,0.0,123.8,134.0,ORION,IMO9825453,ORMB,90.0,36.868,-75.46959,2025-01-01 10:09:22+00:00,69.0,0.0,0.0,False,False,False,True
205755000,2025-01-01 10:11:42+00:00,-75.46959,36.868,0.0,185.8,134.0,ORION,IMO9825453,ORMB,90.0,36.868,-75.46959,2025-01-01 10:10:31+00:00,71.0,0.0,0.0,False,False,False,True
205755000,2025-01-01 10:12:50+00:00,-75.46959,36.868,0.0,293.2,134.0,ORION,IMO9825453,ORMB,90.0,36.868,-75.46959,2025-01-01 10:11:42+00:00,68.0,0.0,0.0,False,False,False,True
205755000,2025-01-01 10:13:52+00:00,-75.46959,36.868,0.0,324.5,134.0,ORION,IMO9825453,ORMB,90.0,36.868,-75.46959,2025-01-01 10:12:50+00:00,62.0,0.0,0.0,False,False,False,True
205755000,2025-01-01 10:15:11+00:00,-75.46959,36.868,0.0,67.7,134.0,ORION,IMO9825453,ORMB,90.0,36.868,-75.46959,2025-01-01 10:13:52+00:00,79.0,0.0,0.0,False,False,False,True
205755000,2025-01-01 10:16:22+00:00,-75.46959,36.868,0.0,317.3,134.0,ORION,IMO9825453,ORMB,90.0,36.868,-75.46959,2025-01-01 10:15:11+00:00,71.0,0.0,0.0,False,False,False,True
205755000,2025-01-01 10:17:31+00:00,-75.46959,36.868,0.1,243.3,134.0,ORION,IMO9825453,ORMB,90.0,36.868,-75.46959,2025-01-01 10:16:22+00:00,69.0,0.0,0.0,False,False,False,True
205755000,2025-01-01 10:18:42+00:00,-75.46959,36.868,0.0,334.5,134.0,ORION,IMO9825453,ORMB,90.0,36.868,-75.46959,2025-01-01 10:17:31+00:00,71.0,0.0,0.0,False,False,False,True
205755000,2025-01-01 10:20:02+00:00,-75.46959,36.868,0.0,169.8,134.0,ORION,IMO9825453,ORMB,90.0,36.868,-75.46959,2025-01-01 10:18:42+00:00,80.0,0.0,0.0,False,False,False,True
205755000,2025-01-01 10:21:12+00:00,-75.46959,36.868,0.0,129.5,134.0,ORION,IMO9825453,ORMB,90.0,36.868,-75.46959,2025-01-01 10:20:02+00:00,70.0,0.0,0.0,False,False,False,True
205755000,2025-01-01 10:22:21+00:00,-75.46959,36.868,0.0,179.0,134.0,ORION,IMO9825453,ORMB,90.0,36.868,-75.46959,2025-01-01 10:21:12+00:00,69.0,0.0,0.0,False,False,False,True
205755000,2025-01-01 10:23:32+00:00,-75.46959,36.868,0.0,71.5,134.0,ORION,IMO9825453,ORMB,90.0,36.868,-75.46959,2025-01-01 10:22:21+00:00,71.0,0.0,0.0,False,False,False,True
205755000,2025-01-01 10:24:41+00:00,-75.46959,36.868,0.0,237.6,134.0,ORION,IMO9825453,ORMB,90.0,36.868,-75.46959,2025-01-01 10:23:32+00:00,69.0,0.0,0.0,False,False,False,True
205755000,2025-01-01 10:25:51+00:00,-75.46959,36.868,0.0,179.3,134.0,ORION,IMO9825453,ORMB,90.0,36.868,-75.46959,2025-01-01 10:24:41+00:00,70.0,0.0,0.0,False,False,False,True
205755000,2025-01-01 10:27:02+00:00,-75.46959,36.86799,0.0,209.8,134.0,ORION,IMO9825453,ORMB,90.0,36.868,-75.46959,2025-01-01 10:25:51+00:00,71.0,1.10975169916822,0.0303828132804387,False,False,False,True
205755000,2025-01-01 10:28:11+00:00,-75.46959,36.86799,0.0,96.8,134.0,ORION,IMO9825453,ORMB,90.0,36.86799,-75.46959,2025-01-01 10:27:02+00:00,69.0,0.0,0.0,False,False,False,True
205755000,2025-01-01 10:29:22+00:00,-75.46959,36.86799,0.0,349.6,134.0,ORION,IMO9825453,ORMB,90.0,36.86799,-75.46959,2025-01-01 10:28:11+00:00,71.0,0.0,0.0,False,False,False,True
205755000,2025-01-01 10:30:32+00:00,-75.46959,36.86799,0.0,293.1,134.0,ORION,IMO9825453,ORMB,90.0,36.86799,-75.46959,2025-01-01 10:29:22+00:00,70.0,0.0,0.0,False,False,False,True
205755000,2025-01-01 10:31:40+00:00,-75.4696,36.86799,0.0,278.6,134.0,ORION,IMO9825453,ORMB,90.0,36.86799,-75.46959,2025-01-01 10:30:32+00:00,68.0,0.891653148540922,0.0254886920038203,False,False,False,True
205755000,2025-01-01 10:32:51+00:00,-75.4696,36.86798,0.0,104.6,134.0,ORION,IMO9825453,ORMB,90.0,36.86799,-75.4696,2025-01-01 10:31:40+00:00,71.0,1.1097516967775023,0.0303828132149856,False,False,False,True
205755000,2025-01-01 10:34:01+00:00,-75.46959,36.86798,0.0,125.3,134.0,ORION,IMO9825453,ORMB,90.0,36.86798,-75.4696,2025-01-01 10:32:51+00:00,70.0,0.8916532647486756,0.0247604468878437,False,False,False,True
205755000,2025-01-01 10:35:10+00:00,-75.46959,36.86798,0.0,95.4,134.0,ORION,IMO9825453,ORMB,90.0,36.86798,-75.46959,2025-01-01 10:34:01+00:00,69.0,0.0,0.0,False,False,False,True
205755000,2025-01-01 10:36:21+00:00,-75.46959,36.86798,0.0,131.8,134.0,ORION,IMO9825453,ORMB,90.0,36.86798,-75.46959,2025-01-01 10:35:10+00:00,71.0,0.0,0.0,False,False,False,True
205755000,2025-01-01 10:37:32+00:00,-75.46959,36.86799,0.0,333.1,134.0,ORION,IMO9825453,ORMB,90.0,36.86798,-75.46959,2025-01-01 10:36:21+00:00,71.0,1.1097516967775023,0.0303828132149856,False,False,False,True
205755000,2025-01-01 10:38:42+00:00,-75.46959,36.86799,0.0,324.8,134.0,ORION,IMO9825453,ORMB,90.0,36.86799,-75.46959,2025-01-01 10:37:32+00:00,70.0,0.0,0.0,False,False,False,True
205755000,2025-01-01 10:39:52+00:00,-75.46959,36.86798,0.0,10.6,134.0,ORION,IMO9825453,ORMB,90.0,36.86799,-75.46959,2025-01-01 10:38:42+00:00,70.0,1.1097516967775023,0.0308168534037711,False,False,False,True
205755000,2025-01-01 10:41:10+00:00,-75.4696,36.86798,0.1,297.8,134.0,ORION,IMO9825453,ORMB,90.0,36.86798,-75.46959,2025-01-01 10:39:52+00:00,78.0,0.8916532647486756,0.0222209138737059,False,False,False,True
205755000,2025-01-01 10:42:22+00:00,-75.4696,36.86799,0.0,273.5,134.0,ORION,IMO9825453,ORMB,90.0,36.86798,-75.4696,2025-01-01 10:41:10+00:00,72.0,1.1097516967775023,0.0299608296981108,False,False,False,True
205755000,2025-01-01 10:43:32+00:00,-75.4696,36.86798,0.0,158.2,134.0,ORION,IMO9825453,ORMB,90.0,36.86799,-75.4696,2025-01-01 10:42:22+00:00,70.0,1.1097516967775023,0.0308168534037711,False,False,False,True
205755000,2025-01-01 10:44:51+00:00,-75.46959,36.86799,0.1,333.1,134.0,ORION,IMO9825453,ORMB,90.0,36.86798,-75.4696,2025-01-01 10:43:32+00:00,79.0,1.4235850065464486,0.0350281199889272,False,False,False,True
205755000,2025-01-01 10:46:01+00:00,-75.46959,36.868,0.0,182.4,134.0,ORION,IMO9825453,ORMB,90.0,36.86799,-75.46959,2025-01-01 10:44:51+00:00,70.0,1.10975169916822,0.0308168534701593,False,False,False,True
205755000,2025-01-01 10:47:11+00:00,-75.46959,36.868,0.0,65.1,134.0,ORION,IMO9825453,ORMB,90.0,36.868,-75.46959,2025-01-01 10:46:01+00:00,70.0,0.0,0.0,False,False,False,True
205755000,2025-01-01 10:48:21+00:00,-75.46959,36.868,0.0,39.9,134.0,ORION,IMO9825453,ORMB,90.0,36.868,-75.46959,2025-01-01 10:47:11+00:00,70.0,0.0,0.0,False,False,False,True
205755000,2025-01-01 10:49:31+00:00,-75.46959,36.86799,0.0,191.3,134.0,ORION,IMO9825453,ORMB,90.0,36.868,-75.46959,2025-01-01 10:48:21+00:00,70.0,1.10975169916822,0.0308168534701593,False,False,False,True
205755000,2025-01-01 10:50:41+00:00,-75.46959,36.86799,0.0,119.4,134.0,ORION,IMO9825453,ORMB,90.0,36.86799,-75.46959,2025-01-01 10:49:31+00:00,70.0,0.0,0.0,False,False,False,True
205755000,2025-01-01 10:51:50+00:00,-75.46959,36.86799,0.0,174.6,134.0,ORION,IMO9825453,ORMB,90.0,36.86799,-75.46959,2025-01-01 10:50:41+00:00,69.0,0.0,0.0,False,False,False,True
205755000,2025-01-01 10:53:01+00:00,-75.46959,36.868,0.0,50.9,134.0,ORION,IMO9825453,ORMB,90.0,36.86799,-75.46959,2025-01-01 10:51:50+00:00,71.0,1.10975169916822,0.0303828132804387,False,False,False,True
205755000,2025-01-01 10:54:12+00:00,-75.46959,36.868,0.0,240.7,134.0,ORION,IMO9825453,ORMB,90.0,36.868,-75.46959,2025-01-01 10:53:01+00:00,71.0,0.0,0.0,False,False,False,True
205755000,2025-01-01 10:55:22+00:00,-75.46959,36.868,0.0,224.0,134.0,ORION,IMO9825453,ORMB,90.0,36.868,-75.46959,2025-01-01 10:54:12+00:00,70.0,0.0,0.0,False,False,False,True
205755000,2025-01-01 10:56:31+00:00,-75.46959,36.86799,0.0,3.0,134.0,ORION,IMO9825453,ORMB,90.0,36.868,-75.46959,2025-01-01 10:55:22+00:00,69.0,1.10975169916822,0.0312634745349442,False,False,False,True
205755000,2025-01-01 10:57:42+00:00,-75.46959,36.86799,0.0,182.0,134.0,ORION,IMO9825453,ORMB,90.0,36.86799,-75.46959,2025-01-01 10:56:31+00:00,71.0,0.0,0.0,False,False,False,True
205755000,2025-01-01 10:59:11+00:00,-75.46959,36.86799,0.0,140.9,134.0,ORION,IMO9825453,ORMB,90.0,36.86799,-75.46959,2025-01-01 10:57:42+00:00,89.0,0.0,0.0,False,False,False,True
205755000,2025-01-01 11:00:02+00:00,-75.46959,36.86799,0.0,193.5,134.0,ORION,IMO9825453,ORMB,90.0,36.86799,-75.46959,2025-01-01 10:59:11+00:00,51.0,0.0,0.0,False,False,False,True
205755000,2025-01-01 11:01:11+00:00,-75.46959,36.86799,0.0,68.0,134.0,ORION,IMO9825453,ORMB,90.0,36.86799,-75.46959,2025-01-01 11:00:02+00:00,69.0,0.0,0.0,False,False,False,True
205755000,2025-01-01 11:02:12+00:00,-75.46958,36.86799,0.1,155.8,134.0,ORION,IMO9825453,ORMB,90.0,36.86799,-75.46959,2025-01-01 11:01:11+00:00,61.0,0.891653148540922,0.0284136238731112,False,False,False,True
205755000,2025-01-01 11:03:31+00:00,-75.46959,36.86799,0.0,69.0,134.0,ORION,IMO9825453,ORMB,90.0,36.86799,-75.46958,2025-01-01 11:02:12+00:00,79.0,0.891653148540922,0.0219396336235415,False,False,False,True
205755000,2025-01-01 11:04:40+00:00,-75.46958,36.86799,0.0,29.8,134.0,ORION,IMO9825453,ORMB,90.0,36.86799,-75.46959,2025-01-01 11:03:31+00:00,69.0,0.891653148540922,0.0251192906704316,False,False,False,True
205755000,2025-01-01 11:05:41+00:00,-75.46959,36.86799,0.1,335.0,134.0,ORION,IMO9825453,ORMB,90.0,36.86799,-75.46958,2025-01-01 11:04:40+00:00,61.0,0.891653148540922,0.0284136238731112,False,False,False,True
205755000,2025-01-01 11:06:50+00:00,-75.46959,36.868,0.1,71.9,134.0,ORION,IMO9825453,ORMB,90.0,36.86799,-75.46959,2025-01-01 11:05:41+00:00,69.0,1.10975169916822,0.0312634745349442,False,False,False,True
205755000,2025-01-01 11:08:01+00:00,-75.46959,36.86799,0.1,286.4,134.0,ORION,IMO9825453,ORMB,90.0,36.868,-75.46959,2025-01-01 11:06:50+00:00,71.0,1.10975169916822,0.0303828132804387,False,False,False,True
205755000,2025-01-01 11:09:11+00:00,-75.46959,36.86799,0.0,268.7,134.0,ORION,IMO9825453,ORMB,90.0,36.86799,-75.46959,2025-01-01 11:08:01+00:00,70.0,0.0,0.0,False,False,False,True
205755000,2025-01-01 11:10:22+00:00,-75.46959,36.86799,0.0,140.0,134.0,ORION,IMO9825453,ORMB,90.0,36.86799,-75.46959,2025-01-01 11:09:11+00:00,71.0,0.0,0.0,False,False,False,True
205755000,2025-01-01 11:11:31+00:00,-75.46958,36.86799,0.0,122.8,134.0,ORION,IMO9825453,ORMB,90.0,36.86799,-75.46959,2025-01-01 11:10:22+00:00,69.0,0.891653148540922,0.0251192906704316,False,False,False,True
205755000,2025-01-01 11:12:41+00:00,-75.4696,36.86801,0.1,313.0,134.0,ORION,IMO9825453,ORMB,90.0,36.86799,-75.46958,2025-01-01 11:11:31+00:00,70.0,2.847169798214039,0.0790634648651482,False,False,False,True
205755000,2025-01-01 11:13:51+00:00,-75.46962,36.86803,0.1,333.8,134.0,ORION,IMO9825453,ORMB,90.0,36.86801,-75.4696,2025-01-01 11:12:41+00:00,70.0,2.847169513125051,0.0790634569484714,False,False,False,True
205755000,2025-01-01 11:15:02+00:00,-75.46965,36.86805,0.1,299.6,134.0,ORION,IMO9825453,ORMB,90.0,36.86803,-75.46962,2025-01-01 11:13:51+00:00,71.0,3.475858759340202,0.0951621590247304,False,False,False,True
205755000,2025-01-01 11:16:11+00:00,-75.46969,36.86808,0.1,320.7,134.0,ORION,IMO9825453,ORMB,90.0,36.86805,-75.46965,2025-01-01 11:15:02+00:00,69.0,4.878999925884215,0.1374492060279822,False,False,False,True
205755000,2025-01-01 11:17:21+00:00,-75.46976,36.86813,0.3,316.1,134.0,ORION,IMO9825453,ORMB,90.0,36.86808,-75.46969,2025-01-01 11:16:11+00:00,70.0,8.351396692838291,0.2319111278200969,False,False,False,True
205755000,2025-01-01 11:18:31+00:00,-75.46983,36.86819,0.2,318.4,134.0,ORION,IMO9825453,ORMB,90.0,36.86813,-75.46976,2025-01-01 11:17:21+00:00,70.0,9.126489432582469,0.2534347888375871,False,False,False,True
205755000,2025-01-01 11:19:42+00:00,-75.46991,36.86825,0.3,319.0,134.0,ORION,IMO9825453,ORMB,90.0,36.86819,-75.46983,2025-01-01 11:18:31+00:00,71.0,9.757989439296294,0.2671545097419959,False,False,False,True
205755000,2025-01-01 11:20:51+00:00,-75.46998,36.8683,0.2,305.2,134.0,ORION,IMO9825453,ORMB,90.0,36.86825,-75.46991,2025-01-01 11:19:42+00:00,69.0,8.351386462397542,0.235271870450244,False,False,False,True
205755000,2025-01-01 11:22:01+00:00,-75.46998,36.86831,0.1,213.2,134.0,ORION,IMO9825453,ORMB,90.0,36.8683,-75.46998,2025-01-01 11:20:51+00:00,70.0,1.1097517580780385,0.0308168551060344,False,False,False,True
205755000,2025-01-01 11:23:10+00:00,-75.46999,36.86831,0.0,268.6,134.0,ORION,IMO9825453,ORMB,90.0,36.86831,-75.46998,2025-01-01 11:22:01+00:00,69.0,0.89164942861132,0.0251191858740844,False,False,False,True
205755000,2025-01-01 11:24:20+00:00,-75.46999,36.86831,0.0,312.2,134.0,ORION,IMO9825453,ORMB,90.0,36.86831,-75.46999,2025-01-01 11:23:10+00:00,70.0,0.0,0.0,False,False,False,True
205755000,2025-01-01 11:25:32+00:00,-75.46999,36.86831,0.0,357.8,134.0,ORION,IMO9825453,ORMB,90.0,36.86831,-75.46999,2025-01-01 11:24:20+00:00,72.0,0.0,0.0,False,False,False,True
205755000,2025-01-01 11:26:40+00:00,-75.46999,36.86831,0.1,169.0,134.0,ORION,IMO9825453,ORMB,90.0,36.86831,-75.46999,2025-01-01 11:25:32+00:00,68.0,0.0,0.0,False,False,False,True
205755000,2025-01-01 11:27:50+00:00,-75.46999,36.86832,0.0,224.0,134.0,ORION,IMO9825453,ORMB,90.0,36.86831,-75.46999,2025-01-01 11:26:40+00:00,70.0,1.109751758347279,0.030816855113511,False,False,False,True
205755000,2025-01-01 11:29:10+00:00,-75.46999,36.86832,0.0,238.6,134.0,ORION,IMO9825453,ORMB,90.0,36.86832,-75.46999,2025-01-01 11:27:50+00:00,80.0,0.0,0.0,False,False,False,True
205755000,2025-01-01 11:30:31+00:00,-75.46999,36.86831,0.0,170.7,134.0,ORION,IMO9825453,ORMB,90.0,36.86832,-75.46999,2025-01-01 11:29:10+00:00,81.0,1.109751758347279,0.0266318500980959,False,False,False,True
205755000,2025-01-01 11:31:50+00:00,-75.46999,36.86832,0.0,151.8,134.0,ORION,IMO9825453,ORMB,90.0,36.86831,-75.46999,2025-01-01 11:30:31+00:00,79.0,1.109751758347279,0.0273060741512123,False,False,False,True
205755000,2025-01-01 11:32:52+00:00,-75.46999,36.86832,0.0,10.3,134.0,ORION,IMO9825453,ORMB,90.0,36.86832,-75.46999,2025-01-01 11:31:50+00:00,62.0,0.0,0.0,False,False,False,True
205755000,2025-01-01 11:34:02+00:00,-75.46999,36.86832,0.0,335.1,134.0,ORION,IMO9825453,ORMB,90.0,36.86832,-75.46999,2025-01-01 11:32:52+00:00,70.0,0.0,0.0,False,False,False,True
205755000,2025-01-01 11:35:11+00:00,-75.46999,36.86831,0.0,191.4,134.0,ORION,IMO9825453,ORMB,90.0,36.86832,-75.46999,2025-01-01 11:34:02+00:00,69.0,1.109751758347279,0.0312634762021126,False,False,False,True
205755000,2025-01-01 11:36:12+00:00,-75.46999,36.86832,0.0,134.8,134.0,ORION,IMO9825453,ORMB,90.0,36.86831,-75.46999,2025-01-01 11:35:11+00:00,61.0,1.109751758347279,0.0353636042286192,False,False,False,True
205755000,2025-01-01 11:37:21+00:00,-75.46999,36.86831,0.0,29.5,134.0,ORION,IMO9825453,ORMB,90.0,36.86832,-75.46999,2025-01-01 11:36:12+00:00,69.0,1.109751758347279,0.0312634762021126,False,False,False,True
205755000,2025-01-01 11:38:31+00:00,-75.46999,36.86832,0.1,11.5,134.0,ORION,IMO9825453,ORMB,90.0,36.86831,-75.46999,2025-01-01 11:37:21+00:00,70.0,1.109751758347279,0.030816855113511,False,False,False,True
205755000,2025-01-01 11:39:41+00:00,-75.46999,36.86832,0.0,248.9,134.0,ORION,IMO9825453,ORMB,90.0,36.86832,-75.46999,2025-01-01 11:38:31+00:00,70.0,0.0,0.0,False,False,False,True
205755000,2025-01-01 11:40:51+00:00,-75.46999,36.86831,0.0,132.0,134.0,ORION,IMO9825453,ORMB,90.0,36.86832,-75.46999,2025-01-01 11:39:41+00:00,70.0,1.109751758347279,0.030816855113511,False,False,False,True
205755000,2025-01-01 11:42:02+00:00,-75.46999,36.8683,0.2,211.9,135.0,ORION,IMO9825453,ORMB,90.0,36.86831,-75.46999,2025-01-01 11:40:51+00:00,71.0,1.1097517580780385,0.0303828148932734,False,False,False,True
205755000,2025-01-01 11:43:32+00:00,-75.47007,36.86826,0.1,211.7,140.0,ORION,IMO9825453,ORMB,90.0,36.8683,-75.46999,2025-01-01 11:42:02+00:00,90.0,8.401624853972214,0.1814601606238371,False,False,False,True
205755000,2025-01-01 11:44:41+00:00,-75.47007,36.86825,0.0,178.0,141.0,ORION,IMO9825453,ORMB,90.0,36.86826,-75.47007,2025-01-01 11:43:32+00:00,69.0,1.109751746833451,0.0312634758777497,False,False,False,True
205755000,2025-01-01 11:46:11+00:00,-75.47007,36.86826,0.1,26.2,140.0,ORION,IMO9825453,ORMB,90.0,36.86825,-75.47007,2025-01-01 11:44:41+00:00,90.0,1.109751746833451,0.0239686648396081,False,False,False,True
205755000,2025-01-01 11:47:20+00:00,-75.47004,36.86827,0.3,46.3,138.0,ORION,IMO9825453,ORMB,90.0,36.86826,-75.47007,2025-01-01 11:46:11+00:00,69.0,2.8960154862893663,0.0815853730850539,False,False,False,True
205755000,2025-01-01 11:48:50+00:00,-75.46999,36.86831,0.1,149.2,134.0,ORION,IMO9825453,ORMB,90.0,36.86827,-75.47004,2025-01-01 11:47:20+00:00,90.0,6.291324288123616,0.1358814200469578,False,False,False,True
205755000,2025-01-01 11:50:02+00:00,-75.46997,36.86833,0.1,33.0,134.0,ORION,IMO9825453,ORMB,90.0,36.86831,-75.46999,2025-01-01 11:48:50+00:00,72.0,2.847165232906528,0.0768671342546253,False,False,False,True
205755000,2025-01-01 11:51:11+00:00,-75.46992,36.86837,0.2,40.4,134.0,ORION,IMO9825453,ORMB,90.0,36.86833,-75.46997,2025-01-01 11:50:02+00:00,69.0,6.2913218482815445,0.1772365661096173,False,False,False,True
205755000,2025-01-01 11:52:22+00:00,-75.46984,36.86844,0.3,46.5,134.0,ORION,IMO9825453,ORMB,90.0,36.86837,-75.46992,2025-01-01 11:51:11+00:00,71.0,10.54648056669834,0.2887418420390268,False,False,False,True
205755000,2025-01-01 11:53:31+00:00,-75.46973,36.86852,0.4,43.5,134.0,ORION,IMO9825453,ORMB,90.0,36.86844,-75.46984,2025-01-01 11:52:22+00:00,69.0,13.22945181410496,0.372694748033765,False,False,False,True
205755000,2025-01-01 11:54:51+00:00,-75.46962,36.86861,0.2,38.9,134.0,ORION,IMO9825453,ORMB,90.0,36.86852,-75.46973,2025-01-01 11:53:31+00:00,80.0,13.998375571047845,0.3401325296253205,False,False,False,True
205755000,2025-01-01 11:56:02+00:00,-75.46961,36.86863,0.1,286.5,135.0,ORION,IMO9825453,ORMB,90.0,36.86861,-75.46962,2025-01-01 11:54:51+00:00,71.0,2.3919089994838743,0.0654857519655878,False,False,False,True
205755000,2025-01-01 11:57:12+00:00,-75.46958,36.86865,0.2,42.8,133.0,ORION,IMO9825453,ORMB,90.0,36.86863,-75.46961,2025-01-01 11:56:02+00:00,70.0,3.475842805827309,0.0965211754239908,False,False,False,True
205755000,2025-01-01 11:58:22+00:00,-75.46954,36.86868,0.0,42.4,129.0,ORION,IMO9825453,ORMB,90.0,36.86865,-75.46958,2025-01-01 11:57:12+00:00,70.0,4.878979768834212,0.135485086197867,False,False,False,True
205755000,2025-01-01 11:59:31+00:00,-75.46954,36.86869,0.1,3.8,129.0,ORION,IMO9825453,ORMB,90.0,36.86868,-75.46954,2025-01-01 11:58:22+00:00,69.0,1.109751828066757,0.0312634781662215,False,False,False,True
205755000,2025-01-01 12:18:20+00:00,-75.46964,36.86859,0.1,206.3,130.0,ORION,IMO9825453,ORMB,90.0,36.86869,-75.46954,2025-01-01 11:59:31+00:00,1129.0,14.235803343315036,0.0245102958112218,False,False,True,True
205755000,2025-01-01 12:19:32+00:00,-75.46967,36.86857,0.0,314.9,130.0,ORION,IMO9825453,ORMB,90.0,36.86859,-75.46964,2025-01-01 12:18:20+00:00,72.0,3.4758443998357347,0.0938400746968985,False,False,False,True
205755000,2025-01-01 12:20:41+00:00,-75.46967,36.86857,0.0,312.3,130.0,ORION,IMO9825453,ORMB,90.0,36.86857,-75.46967,2025-01-01 12:19:32+00:00,69.0,0.0,0.0,False,False,False,True
205755000,2025-01-01 12:21:52+00:00,-75.46967,36.86857,0.0,164.0,130.0,ORION,IMO9825453,ORMB,90.0,36.86857,-75.46967,2025-01-01 12:20:41+00:00,71.0,0.0,0.0,False,False,False,True
205755000,2025-01-01 12:23:12+00:00,-75.46968,36.86856,0.1,214.1,130.0,ORION,IMO9825453,ORMB,90.0,36.86857,-75.46967,2025-01-01 12:21:52+00:00,80.0,1.4235808688714844,0.0345901679518393,False,False,False,True
205755000,2025-01-01 12:24:22+00:00,-75.46971,36.86852,0.2,214.2,131.0,ORION,IMO9825453,ORMB,90.0,36.86856,-75.46968,2025-01-01 12:23:12+00:00,70.0,5.1826721320308105,0.1439183628160967,False,False,False,True
205755000,2025-01-01 12:25:31+00:00,-75.46974,36.8685,0.0,193.5,130.0,ORION,IMO9825453,ORMB,90.0,36.86852,-75.46971,2025-01-01 12:24:22+00:00,69.0,3.4758462607489085,0.0979201303694805,False,False,False,True
205755000,2025-01-01 12:26:40+00:00,-75.46974,36.8685,0.0,105.9,130.0,ORION,IMO9825453,ORMB,90.0,36.8685,-75.46974,2025-01-01 12:25:31+00:00,69.0,0.0,0.0,False,False,False,True
205755000,2025-01-01 12:27:51+00:00,-75.46974,36.8685,0.0,298.5,130.0,ORION,IMO9825453,ORMB,90.0,36.8685,-75.46974,2025-01-01 12:26:40+00:00,71.0,0.0,0.0,False,False,False,True
205755000,2025-01-01 12:29:02+00:00,-75.46975,36.8685,0.0,271.6,130.0,ORION,IMO9825453,ORMB,90.0,36.8685,-75.46974,2025-01-01 12:27:51+00:00,71.0,0.891647221909378,0.0244115427582581,False,False,False,True
205755000,2025-01-01 12:30:11+00:00,-75.46974,36.8685,0.0,120.2,130.0,ORION,IMO9825453,ORMB,90.0,36.8685,-75.46975,2025-01-01 12:29:02+00:00,69.0,0.891647221909378,0.0251191237077728,False,False,False,True
205755000,2025-01-01 12:31:12+00:00,-75.46975,36.8685,0.0,297.7,130.0,ORION,IMO9825453,ORMB,90.0,36.8685,-75.46974,2025-01-01 12:30:11+00:00,61.0,0.891647221909378,0.0284134350137102,False,False,False,True
205755000,2025-01-01 12:32:21+00:00,-75.46974,36.8685,0.0,130.2,130.0,ORION,IMO9825453,ORMB,90.0,36.8685,-75.46975,2025-01-01 12:31:12+00:00,69.0,0.891647221909378,0.0251191237077728,False,False,False,True
205755000,2025-01-01 12:33:51+00:00,-75.46974,36.8685,0.0,243.8,130.0,ORION,IMO9825453,ORMB,90.0,36.8685,-75.46974,2025-01-01 12:32:21+00:00,90.0,0.0,0.0,False,False,False,True
205755000,2025-01-01 12:35:01+00:00,-75.46974,36.8685,0.0,90.7,130.0,ORION,IMO9825453,ORMB,90.0,36.8685,-75.46974,2025-01-01 12:33:51+00:00,70.0,0.0,0.0,False,False,False,True
205755000,2025-01-01 12:36:12+00:00,-75.46975,36.8685,0.0,282.3,130.0,ORION,IMO9825453,ORMB,90.0,36.8685,-75.46974,2025-01-01 12:35:01+00:00,71.0,0.891647221909378,0.0244115427582581,False,False,False,True
205755000,2025-01-01 12:37:21+00:00,-75.46974,36.8685,0.0,39.9,130.0,ORION,IMO9825453,ORMB,90.0,36.8685,-75.46975,2025-01-01 12:36:12+00:00,69.0,0.891647221909378,0.0251191237077728,False,False,False,True
205755000,2025-01-01 12:38:31+00:00,-75.46974,36.8685,0.0,295.1,130.0,ORION,IMO9825453,ORMB,90.0,36.8685,-75.46974,2025-01-01 12:37:21+00:00,70.0,0.0,0.0,False,False,False,True
205755000,2025-01-01 12:39:41+00:00,-75.46976,36.86849,0.1,213.3,130.0,ORION,IMO9825453,ORMB,90.0,36.8685,-75.46974,2025-01-01 12:38:31+00:00,70.0,2.100401991547838,0.0583263629607192,False,False,False,True
205755000,2025-01-01 12:40:51+00:00,-75.46983,36.86848,0.2,272.7,130.0,ORION,IMO9825453,ORMB,90.0,36.86849,-75.46976,2025-01-01 12:39:41+00:00,70.0,6.339421732667876,0.1760403077261303,False,False,False,True
205755000,2025-01-01 12:42:02+00:00,-75.46994,36.86849,0.3,270.5,131.0,ORION,IMO9825453,ORMB,90.0,36.86848,-75.46983,2025-01-01 12:40:51+00:00,71.0,9.870703801792018,0.2702404067334563,False,False,False,True
205755000,2025-01-01 12:43:12+00:00,-75.46998,36.86849,0.0,318.7,130.0,ORION,IMO9825453,ORMB,90.0,36.86849,-75.46994,2025-01-01 12:42:02+00:00,70.0,3.5665893524740566,0.0990411292416167,False,False,False,True
205755000,2025-01-01 12:44:20+00:00,-75.46998,36.8685,0.1,112.4,130.0,ORION,IMO9825453,ORMB,90.0,36.86849,-75.46998,2025-01-01 12:43:12+00:00,68.0,1.1097517928935947,0.0317232341926218,False,False,False,True
205755000,2025-01-01 12:45:21+00:00,-75.46999,36.86849,0.1,273.3,130.0,ORION,IMO9825453,ORMB,90.0,36.8685,-75.46998,2025-01-01 12:44:20+00:00,61.0,1.4235813688379335,0.0453641706229824,False,False,False,True
205755000,2025-01-01 12:46:32+00:00,-75.47003,36.8685,0.1,242.3,130.0,ORION,IMO9825453,ORMB,90.0,36.86849,-75.46999,2025-01-01 12:45:21+00:00,71.0,3.735251930788431,0.1022638325794899,False,False,False,True
205755000,2025-01-01 12:47:41+00:00,-75.47003,36.8685,0.0,351.4,130.0,ORION,IMO9825453,ORMB,90.0,36.8685,-75.47003,2025-01-01 12:46:32+00:00,69.0,0.0,0.0,False,False,False,True
205755000,2025-01-01 12:48:51+00:00,-75.47004,36.8685,0.1,185.9,130.0,ORION,IMO9825453,ORMB,90.0,36.8685,-75.47003,2025-01-01 12:47:41+00:00,70.0,0.891647221909378,0.024760279083376,False,False,False,True
205755000,2025-01-01 12:50:01+00:00,-75.47005,36.86848,0.1,0.8,130.0,ORION,IMO9825453,ORMB,90.0,36.8685,-75.47004,2025-01-01 12:48:51+00:00,70.0,2.391909516541488,0.0664212770662,False,False,False,True
205755000,2025-01-01 12:51:11+00:00,-75.47005,36.86848,0.0,344.7,130.0,ORION,IMO9825453,ORMB,90.0,36.86848,-75.47005,2025-01-01 12:50:01+00:00,70.0,0.0,0.0,False,False,False,True
205755000,2025-01-01 12:52:32+00:00,-75.47006,36.86848,0.0,299.1,130.0,ORION,IMO9825453,ORMB,90.0,36.86848,-75.47005,2025-01-01 12:51:11+00:00,81.0,0.8916474543276356,0.0213977776249411,False,False,False,True
205755000,2025-01-01 12:53:42+00:00,-75.47005,36.86848,0.0,106.8,130.0,ORION,IMO9825453,ORMB,90.0,36.86848,-75.47006,2025-01-01 12:52:32+00:00,70.0,0.8916474543276356,0.0247602855374318,False,False,False,True
205755000,2025-01-01 12:54:51+00:00,-75.47005,36.86848,0.0,40.7,130.0,ORION,IMO9825453,ORMB,90.0,36.86848,-75.47005,2025-01-01 12:53:42+00:00,69.0,0.0,0.0,False,False,False,True
205755000,2025-01-01 12:56:01+00:00,-75.47006,36.86848,0.0,285.9,130.0,ORION,IMO9825453,ORMB,90.0,36.86848,-75.47005,2025-01-01 12:54:51+00:00,70.0,0.8916474543276356,0.0247602855374318,False,False,False,True
205755000,2025-01-01 12:57:11+00:00,-75.47006,36.86848,0.0,358.1,130.0,ORION,IMO9825453,ORMB,90.0,36.86848,-75.47006,2025-01-01 12:56:01+00:00,70.0,0.0,0.0,False,False,False,True
205755000,2025-01-01 12:58:22+00:00,-75.47006,36.86848,0.0,271.4,130.0,ORION,IMO9825453,ORMB,90.0,36.86848,-75.47006,2025-01-01 12:57:11+00:00,71.0,0.0,0.0,False,False,False,True
205755000,2025-01-01 12:59:32+00:00,-75.47005,36.86848,0.0,76.4,130.0,ORION,IMO9825453,ORMB,90.0,36.86848,-75.47006,2025-01-01 12:58:22+00:00,70.0,0.8916474543276356,0.0247602855374318,False,False,False,True
205755000,2025-01-01 13:00:01+00:00,-75.47006,36.86848,0.0,82.5,130.0,ORION,IMO9825453,ORMB,90.0,36.86848,-75.47005,2025-01-01 12:59:32+00:00,29.0,0.8916474543276356,0.0597662064696631,False,False,False,True
205755000,2025-01-01 13:01:12+00:00,-75.47006,36.86848,0.0,290.6,130.0,ORION,IMO9825453,ORMB,90.0,36.86848,-75.47006,2025-01-01 13:00:01+00:00,71.0,0.0,0.0,False,False,False,True
205755000,2025-01-01 13:02:22+00:00,-75.47005,36.86848,0.0,286.1,130.0,ORION,IMO9825453,ORMB,90.0,36.86848,-75.47006,2025-01-01 13:01:12+00:00,70.0,0.8916474543276356,0.0247602855374318,False,False,False,True
205755000,2025-01-01 13:03:32+00:00,-75.47005,36.86849,0.0,322.1,130.0,ORION,IMO9825453,ORMB,90.0,36.86848,-75.47005,2025-01-01 13:02:22+00:00,70.0,1.109751790859103,0.0308168560163365,False,False,False,True
205755000,2025-01-01 13:05:02+00:00,-75.47006,36.86848,0.1,338.8,130.0,ORION,IMO9825453,ORMB,90.0,36.86849,-75.47005,2025-01-01 13:03:32+00:00,90.0,1.4235814394030302,0.0307468282796576,False,False,False,True
205755000,2025-01-01 13:06:11+00:00,-75.47005,36.86848,0.1,83.8,130.0,ORION,IMO9825453,ORMB,90.0,36.86848,-75.47006,2025-01-01 13:05:02+00:00,69.0,0.8916474543276356,0.0251191302553656,False,False,False,True
205755000,2025-01-01 13:07:31+00:00,-75.47007,36.86848,0.0,292.5,130.0,ORION,IMO9825453,ORMB,90.0,36.86848,-75.47005,2025-01-01 13:06:11+00:00,80.0,1.7832949086552692,0.0433304996905057,False,False,False,True
205755000,2025-01-01 13:08:41+00:00,-75.47006,36.86848,0.0,94.2,130.0,ORION,IMO9825453,ORMB,90.0,36.86848,-75.47007,2025-01-01 13:07:31+00:00,70.0,0.8916474543276356,0.0247602855374318,False,False,False,True
205755000,2025-01-01 13:10:00+00:00,-75.47006,36.86849,0.0,175.4,130.0,ORION,IMO9825453,ORMB,90.0,36.86848,-75.47006,2025-01-01 13:08:41+00:00,79.0,1.109751790859103,0.0273060749511842,False,False,False,True
205755000,2025-01-01 13:11:11+00:00,-75.47006,36.86849,0.0,100.5,130.0,ORION,IMO9825453,ORMB,90.0,36.86849,-75.47006,2025-01-01 13:10:00+00:00,71.0,0.0,0.0,False,False,False,True
205755000,2025-01-01 13:12:31+00:00,-75.47007,36.86849,0.0,342.7,130.0,ORION,IMO9825453,ORMB,90.0,36.86849,-75.47006,2025-01-01 13:11:11+00:00,80.0,0.8916473381185206,0.0216652470216038,False,False,False,True
205755000,2025-01-01 13:13:41+00:00,-75.47006,36.86849,0.0,169.0,130.0,ORION,IMO9825453,ORMB,90.0,36.86849,-75.47007,2025-01-01 13:12:31+00:00,70.0,0.8916473381185206,0.0247602823104043,False,False,False,True
205755000,2025-01-01 13:15:02+00:00,-75.47007,36.86849,0.1,167.8,130.0,ORION,IMO9825453,ORMB,90.0,36.86849,-75.47006,2025-01-01 13:13:41+00:00,81.0,0.8916473381185206,0.0213977748361519,False,False,False,True
205755000,2025-01-01 13:16:11+00:00,-75.47007,36.86849,0.0,268.1,130.0,ORION,IMO9825453,ORMB,90.0,36.86849,-75.47007,2025-01-01 13:15:02+00:00,69.0,0.0,0.0,False,False,False,True
205755000,2025-01-01 13:17:20+00:00,-75.47007,36.8685,0.0,182.3,130.0,ORION,IMO9825453,ORMB,90.0,36.86849,-75.47007,2025-01-01 13:16:11+00:00,69.0,1.1097517928935947,0.0312634771753374,False,False,False,True
205755000,2025-01-01 13:18:22+00:00,-75.47007,36.8685,0.0,302.6,130.0,ORION,IMO9825453,ORMB,90.0,36.8685,-75.47007,2025-01-01 13:17:20+00:00,62.0,0.0,0.0,False,False,False,True
205755000,2025-01-01 13:19:31+00:00,-75.4701,36.86852,0.1,287.1,130.0,ORION,IMO9825453,ORMB,90.0,36.8685,-75.47007,2025-01-01 13:18:22+00:00,69.0,3.4758462607489085,0.0979201303694805,False,False,False,True
205755000,2025-01-01 13:20:41+00:00,-75.4701,36.86852,0.0,271.4,130.0,ORION,IMO9825453,ORMB,90.0,36.86852,-75.4701,2025-01-01 13:19:31+00:00,70.0,0.0,0.0,False,False,False,True
205755000,2025-01-01 13:21:42+00:00,-75.47009,36.86852,0.0,55.0,130.0,ORION,IMO9825453,ORMB,90.0,36.86852,-75.4701,2025-01-01 13:20:41+00:00,61.0,0.891646989491011,0.0284134276074132,False,False,False,True
205755000,2025-01-01 13:23:01+00:00,-75.47009,36.86852,0.0,15.6,130.0,ORION,IMO9825453,ORMB,90.0,36.86852,-75.47009,2025-01-01 13:21:42+00:00,79.0,0.0,0.0,False,False,False,True
205755000,2025-01-01 13:24:11+00:00,-75.47012,36.86854,0.1,312.2,130.0,ORION,IMO9825453,ORMB,90.0,36.86852,-75.47009,2025-01-01 13:23:01+00:00,70.0,3.4758457308265305,0.096521256648712,False,False,False,True
205755000,2025-01-01 13:25:20+00:00,-75.47013,36.86855,0.0,11.3,130.0,ORION,IMO9825453,ORMB,90.0,36.86854,-75.47012,2025-01-01 13:24:11+00:00,69.0,1.4235810110625544,0.0401045465586063,False,False,False,True
205755000,2025-01-01 13:26:31+00:00,-75.47014,36.86855,0.0,301.5,130.0,ORION,IMO9825453,ORMB,90.0,36.86855,-75.47013,2025-01-01 13:25:20+00:00,71.0,0.891646640863256,0.024411526850361,False,False,False,True
205755000,2025-01-01 13:27:42+00:00,-75.47013,36.86855,0.1,305.9,130.0,ORION,IMO9825453,ORMB,90.0,36.86855,-75.47014,2025-01-01 13:26:31+00:00,71.0,0.891646640863256,0.024411526850361,False,False,False,True
205755000,2025-01-01 13:29:02+00:00,-75.47013,36.86855,0.0,177.5,130.0,ORION,IMO9825453,ORMB,90.0,36.86855,-75.47013,2025-01-01 13:27:42+00:00,80.0,0.0,0.0,False,False,False,True
205755000,2025-01-01 13:30:12+00:00,-75.47013,36.86856,0.1,158.1,130.0,ORION,IMO9825453,ORMB,90.0,36.86855,-75.47013,2025-01-01 13:29:02+00:00,70.0,1.1097518040574097,0.0308168563828422,False,False,False,True
205755000,2025-01-01 13:31:31+00:00,-75.47014,36.86855,0.0,142.2,130.0,ORION,IMO9825453,ORMB,90.0,36.86856,-75.47013,2025-01-01 13:30:12+00:00,79.0,1.423580941204429,0.035028019958871,False,False,False,True
205755000,2025-01-01 13:32:42+00:00,-75.47014,36.86855,0.0,109.4,130.0,ORION,IMO9825453,ORMB,90.0,36.86855,-75.47014,2025-01-01 13:31:31+00:00,71.0,0.0,0.0,False,False,False,True
205755000,2025-01-01 13:34:12+00:00,-75.47013,36.86855,0.0,168.4,130.0,ORION,IMO9825453,ORMB,90.0,36.86855,-75.47014,2025-01-01 13:32:42+00:00,90.0,0.891646640863256,0.0192579822930625,False,False,False,True
205755000,2025-01-01 13:35:20+00:00,-75.47014,36.86855,0.0,192.1,130.0,ORION,IMO9825453,ORMB,90.0,36.86855,-75.47013,2025-01-01 13:34:12+00:00,68.0,0.891646640863256,0.0254885059761122,False,False,False,True
205755000,2025-01-01 13:36:32+00:00,-75.47013,36.86855,0.0,113.8,130.0,ORION,IMO9825453,ORMB,90.0,36.86855,-75.47014,2025-01-01 13:35:20+00:00,72.0,0.891646640863256,0.0240724778663282,False,False,False,True
205755000,2025-01-01 13:37:40+00:00,-75.47013,36.86855,0.0,77.6,130.0,ORION,IMO9825453,ORMB,90.0,36.86855,-75.47013,2025-01-01 13:36:32+00:00,68.0,0.0,0.0,False,False,False,True
205755000,2025-01-01 13:39:02+00:00,-75.47014,36.86855,0.0,170.0,130.0,ORION,IMO9825453,ORMB,90.0,36.86855,-75.47013,2025-01-01 13:37:40+00:00,82.0,0.891646640863256,0.0211368098338491,False,False,False,True
205755000,2025-01-01 13:40:21+00:00,-75.47014,36.86855,0.0,130.1,130.0,ORION,IMO9825453,ORMB,90.0,36.86855,-75.47014,2025-01-01 13:39:02+00:00,79.0,0.0,0.0,False,False,False,True
205755000,2025-01-01 13:41:32+00:00,-75.47014,36.86855,0.0,123.3,130.0,ORION,IMO9825453,ORMB,90.0,36.86855,-75.47014,2025-01-01 13:40:21+00:00,71.0,0.0,0.0,False,False,False,True
205755000,2025-01-01 13:42:41+00:00,-75.47014,36.86854,0.0,335.9,130.0,ORION,IMO9825453,ORMB,90.0,36.86855,-75.47014,2025-01-01 13:41:32+00:00,69.0,1.1097518020215371,0.0312634774324861,False,False,False,True
205755000,2025-01-01 13:44:01+00:00,-75.47014,36.86854,0.0,271.4,130.0,ORION,IMO9825453,ORMB,90.0,36.86854,-75.47014,2025-01-01 13:42:41+00:00,80.0,0.0,0.0,False,False,False,True
205755000,2025-01-01 13:45:10+00:00,-75.47014,36.86854,0.0,235.0,130.0,ORION,IMO9825453,ORMB,90.0,36.86854,-75.47014,2025-01-01 13:44:01+00:00,69.0,0.0,0.0,False,False,False,True
205755000,2025-01-01 13:47:01+00:00,-75.47013,36.86855,0.1,112.0,130.0,ORION,IMO9825453,ORMB,90.0,36.86854,-75.47014,2025-01-01 13:45:10+00:00,111.0,1.4235810110625544,0.0249298532661606,False,False,False,True
205755000,2025-01-01 13:48:10+00:00,-75.47013,36.86855,0.0,351.8,130.0,ORION,IMO9825453,ORMB,90.0,36.86855,-75.47013,2025-01-01 13:47:01+00:00,69.0,0.0,0.0,False,False,False,True
205755000,2025-01-01 13:49:31+00:00,-75.47013,36.86855,0.0,181.7,130.0,ORION,IMO9825453,ORMB,90.0,36.86855,-75.47013,2025-01-01 13:48:10+00:00,81.0,0.0,0.0,False,False,False,True
205755000,2025-01-01 13:50:41+00:00,-75.47013,36.86855,0.0,294.6,130.0,ORION,IMO9825453,ORMB,90.0,36.86855,-75.47013,2025-01-01 13:49:31+00:00,70.0,0.0,0.0,False,False,False,True
205755000,2025-01-01 13:52:00+00:00,-75.47013,36.86855,0.0,40.1,130.0,ORION,IMO9825453,ORMB,90.0,36.86855,-75.47013,2025-01-01 13:50:41+00:00,79.0,0.0,0.0,False,False,False,True
205755000,2025-01-01 13:53:10+00:00,-75.47012,36.86855,0.0,43.7,130.0,ORION,IMO9825453,ORMB,90.0,36.86855,-75.47013,2025-01-01 13:52:00+00:00,70.0,0.891646640863256,0.0247602629482233,False,False,False,True
205755000,2025-01-01 13:54:41+00:00,-75.47013,36.86854,0.0,288.9,130.0,ORION,IMO9825453,ORMB,90.0,36.86855,-75.47012,2025-01-01 13:53:10+00:00,91.0,1.4235810110625544,0.0304089418960861,False,False,False,True
205755000,2025-01-01 13:56:01+00:00,-75.47013,36.86855,0.0,313.8,130.0,ORION,IMO9825453,ORMB,90.0,36.86854,-75.47013,2025-01-01 13:54:41+00:00,80.0,1.1097518020215371,0.0269647492855193,False,False,False,True
205755000,2025-01-01 13:57:12+00:00,-75.47014,36.86855,0.0,220.3,130.0,ORION,IMO9825453,ORMB,90.0,36.86855,-75.47013,2025-01-01 13:56:01+00:00,71.0,0.891646640863256,0.024411526850361,False,False,False,True
205755000,2025-01-01 13:58:20+00:00,-75.47014,36.86855,0.0,110.5,130.0,ORION,IMO9825453,ORMB,90.0,36.86855,-75.47014,2025-01-01 13:57:12+00:00,68.0,0.0,0.0,False,False,False,True
205755000,2025-01-01 13:59:32+00:00,-75.47013,36.86855,0.0,69.5,130.0,ORION,IMO9825453,ORMB,90.0,36.86855,-75.47014,2025-01-01 13:58:20+00:00,72.0,0.891646640863256,0.0240724778663282,False,False,False,True
205755000,2025-01-01 14:00:01+00:00,-75.47014,36.86855,0.1,232.4,130.0,ORION,IMO9825453,ORMB,90.0,36.86855,-75.47013,2025-01-01 13:59:32+00:00,29.0,0.891646640863256,0.0597661519439872,False,False,False,True
205755000,2025-01-01 14:01:02+00:00,-75.47014,36.86856,0.1,351.1,130.0,ORION,IMO9825453,ORMB,90.0,36.86855,-75.47014,2025-01-01 14:00:01+00:00,61.0,1.1097518040574097,0.0353636056852287,False,False,False,True
205755000,2025-01-01 14:02:12+00:00,-75.47014,36.86855,0.0,112.7,130.0,ORION,IMO9825453,ORMB,90.0,36.86856,-75.47014,2025-01-01 14:01:02+00:00,70.0,1.1097518040574097,0.0308168563828422,False,False,False,True
205755000,2025-01-01 14:04:02+00:00,-75.47015,36.86855,0.0,118.4,130.0,ORION,IMO9825453,ORMB,90.0,36.86855,-75.47014,2025-01-01 14:02:12+00:00,110.0,0.891646640863256,0.0157565309670511,False,False,False,True
205755000,2025-01-01 14:05:11+00:00,-75.47013,36.86855,0.0,66.1,130.0,ORION,IMO9825453,ORMB,90.0,36.86855,-75.47015,2025-01-01 14:04:02+00:00,69.0,1.7832932817265097,0.0502382146775544,False,False,False,True
205755000,2025-01-01 14:06:21+00:00,-75.47014,36.86855,0.0,281.2,130.0,ORION,IMO9825453,ORMB,90.0,36.86855,-75.47013,2025-01-01 14:05:11+00:00,70.0,0.891646640863256,0.0247602629482233,False,False,False,True
205755000,2025-01-01 14:07:42+00:00,-75.47014,36.86855,0.0,197.2,130.0,ORION,IMO9825453,ORMB,90.0,36.86855,-75.47014,2025-01-01 14:06:21+00:00,81.0,0.0,0.0,False,False,False,True
205755000,2025-01-01 14:09:00+00:00,-75.47013,36.86855,0.0,282.5,130.0,ORION,IMO9825453,ORMB,90.0,36.86855,-75.47014,2025-01-01 14:07:42+00:00,78.0,0.891646640863256,0.0222207487996875,False,False,False,True
205755000,2025-01-01 14:10:12+00:00,-75.47013,36.86855,0.0,94.0,130.0,ORION,IMO9825453,ORMB,90.0,36.86855,-75.47013,2025-01-01 14:09:00+00:00,72.0,0.0,0.0,False,False,False,True
205755000,2025-01-01 14:11:21+00:00,-75.47013,36.86854,0.0,346.5,130.0,ORION,IMO9825453,ORMB,90.0,36.86855,-75.47013,2025-01-01 14:10:12+00:00,69.0,1.1097518020215371,0.0312634774324861,False,False,False,True
205755000,2025-01-01 14:12:42+00:00,-75.47013,36.86854,0.0,171.2,130.0,ORION,IMO9825453,ORMB,90.0,36.86854,-75.47013,2025-01-01 14:11:21+00:00,81.0,0.0,0.0,False,False,False,True
205755000,2025-01-01 14:14:00+00:00,-75.47013,36.86855,0.0,100.0,130.0,ORION,IMO9825453,ORMB,90.0,36.86854,-75.47013,2025-01-01 14:12:42+00:00,78.0,1.1097518020215371,0.0276561531133531,False,False,False,True
205755000,2025-01-01 14:15:01+00:00,-75.47012,36.86854,0.0,107.7,130.0,ORION,IMO9825453,ORMB,90.0,36.86855,-75.47013,2025-01-01 14:14:00+00:00,61.0,1.4235810110625544,0.0453641592220301,False,False,False,True
205755000,2025-01-01 14:16:12+00:00,-75.47013,36.86855,0.0,92.0,130.0,ORION,IMO9825453,ORMB,90.0,36.86854,-75.47012,2025-01-01 14:15:01+00:00,71.0,1.4235810110625544,0.0389748410217441,False,False,False,True
205755000,2025-01-01 14:17:31+00:00,-75.47014,36.86855,0.0,353.0,130.0,ORION,IMO9825453,ORMB,90.0,36.86855,-75.47013,2025-01-01 14:16:12+00:00,79.0,0.891646640863256,0.0219394734984257,False,False,False,True
205755000,2025-01-01 14:18:41+00:00,-75.47014,36.86855,0.0,136.9,130.0,ORION,IMO9825453,ORMB,90.0,36.86855,-75.47014,2025-01-01 14:17:31+00:00,70.0,0.0,0.0,False,False,False,True
205755000,2025-01-01 14:20:01+00:00,-75.47013,36.86855,0.1,102.0,130.0,ORION,IMO9825453,ORMB,90.0,36.86855,-75.47014,2025-01-01 14:18:41+00:00,80.0,0.891646640863256,0.0216652300796953,False,False,False,True
205755000,2025-01-01 14:21:11+00:00,-75.47014,36.86855,0.0,137.5,130.0,ORION,IMO9825453,ORMB,90.0,36.86855,-75.47013,2025-01-01 14:20:01+00:00,70.0,0.891646640863256,0.0247602629482233,False,False,False,True
205755000,2025-01-01 14:22:31+00:00,-75.47014,36.86855,0.0,80.7,130.0,ORION,IMO9825453,ORMB,90.0,36.86855,-75.47014,2025-01-01 14:21:11+00:00,80.0,0.0,0.0,False,False,False,True
205755000,2025-01-01 14:23:41+00:00,-75.47014,36.86855,0.0,71.3,130.0,ORION,IMO9825453,ORMB,90.0,36.86855,-75.47014,2025-01-01 14:22:31+00:00,70.0,0.0,0.0,False,False,False,True
205755000,2025-01-01 14:25:01+00:00,-75.47014,36.86855,0.0,220.3,130.0,ORION,IMO9825453,ORMB,90.0,36.86855,-75.47014,2025-01-01 14:23:41+00:00,80.0,0.0,0.0,False,False,False,True
205755000,2025-01-01 14:26:12+00:00,-75.47014,36.86855,0.0,288.7,130.0,ORION,IMO9825453,ORMB,90.0,36.86855,-75.47014,2025-01-01 14:25:01+00:00,71.0,0.0,0.0,False,False,False,True
205755000,2025-01-01 14:27:21+00:00,-75.47014,36.86855,0.0,0.5,130.0,ORION,IMO9825453,ORMB,90.0,36.86855,-75.47014,2025-01-01 14:26:12+00:00,69.0,0.0,0.0,False,False,False,True
205755000,2025-01-01 14:28:31+00:00,-75.47015,36.86855,0.0,276.3,130.0,ORION,IMO9825453,ORMB,90.0,36.86855,-75.47014,2025-01-01 14:27:21+00:00,70.0,0.891646640863256,0.0247602629482233,False,False,False,True
205755000,2025-01-01 14:29:41+00:00,-75.47014,36.86855,0.0,34.3,130.0,ORION,IMO9825453,ORMB,90.0,36.86855,-75.47015,2025-01-01 14:28:31+00:00,70.0,0.891646640863256,0.0247602629482233,False,False,False,True
205755000,2025-01-01 14:31:02+00:00,-75.47015,36.86855,0.0,292.9,130.0,ORION,IMO9825453,ORMB,90.0,36.86855,-75.47014,2025-01-01 14:29:41+00:00,81.0,0.891646640863256,0.0213977581034028,False,False,False,True
205755000,2025-01-01 14:32:11+00:00,-75.47014,36.86855,0.0,220.3,130.0,ORION,IMO9825453,ORMB,90.0,36.86855,-75.47015,2025-01-01 14:31:02+00:00,69.0,0.891646640863256,0.0251191073387772,False,False,False,True
205755000,2025-01-01 14:33:20+00:00,-75.47015,36.86855,0.0,233.6,130.0,ORION,IMO9825453,ORMB,90.0,36.86855,-75.47014,2025-01-01 14:32:11+00:00,69.0,0.891646640863256,0.0251191073387772,False,False,False,True
205755000,2025-01-01 14:34:31+00:00,-75.47015,36.86856,0.1,57.1,130.0,ORION,IMO9825453,ORMB,90.0,36.86855,-75.47015,2025-01-01 14:33:20+00:00,71.0,1.1097518040574097,0.0303828161520979,False,False,False,True
205755000,2025-01-01 14:35:41+00:00,-75.47015,36.86856,0.0,311.7,130.0,ORION,IMO9825453,ORMB,90.0,36.86856,-75.47015,2025-01-01 14:34:31+00:00,70.0,0.0,0.0,False,False,False,True
205755000,2025-01-01 14:37:11+00:00,-75.47014,36.86856,0.0,280.7,130.0,ORION,IMO9825453,ORMB,90.0,36.86856,-75.47015,2025-01-01 14:35:41+00:00,90.0,0.8916465246539499,0.0192579797831481,False,False,False,True
205755000,2025-01-01 14:38:20+00:00,-75.47015,36.86856,0.0,240.7,130.0,ORION,IMO9825453,ORMB,90.0,36.86856,-75.47014,2025-01-01 14:37:11+00:00,69.0,0.8916465246539499,0.0251191040649758,False,False,False,True
205755000,2025-01-01 14:39:22+00:00,-75.47013,36.86856,0.0,50.1,130.0,ORION,IMO9825453,ORMB,90.0,36.86856,-75.47015,2025-01-01 14:38:20+00:00,62.0,1.7832930493078971,0.055910263886559,False,False,False,True
205755000,2025-01-01 14:40:30+00:00,-75.47013,36.86856,0.0,285.8,130.0,ORION,IMO9825453,ORMB,90.0,36.86856,-75.47013,2025-01-01 14:39:22+00:00,68.0,0.0,0.0,False,False,False,True
205755000,2025-01-01 14:41:31+00:00,-75.47013,36.86856,0.0,130.1,130.0,ORION,IMO9825453,ORMB,90.0,36.86856,-75.47013,2025-01-01 14:40:30+00:00,61.0,0.0,0.0,False,False,False,True
205755000,2025-01-01 14:42:41+00:00,-75.47013,36.86856,0.0,289.7,130.0,ORION,IMO9825453,ORMB,90.0,36.86856,-75.47013,2025-01-01 14:41:31+00:00,70.0,0.0,0.0,False,False,False,True
205755000,2025-01-01 14:44:01+00:00,-75.47014,36.86856,0.0,278.6,130.0,ORION,IMO9825453,ORMB,90.0,36.86856,-75.47013,2025-01-01 14:42:41+00:00,80.0,0.8916465246539499,0.0216652272560416,False,False,False,True
205755000,2025-01-01 14:45:11+00:00,-75.47013,36.86856,0.0,36.2,130.0,ORION,IMO9825453,ORMB,90.0,36.86856,-75.47014,2025-01-01 14:44:01+00:00,70.0,0.8916465246539499,0.0247602597211904,False,False,False,True
205755000,2025-01-01 14:46:31+00:00,-75.47013,36.86856,0.1,96.3,130.0,ORION,IMO9825453,ORMB,90.0,36.86856,-75.47013,2025-01-01 14:45:11+00:00,80.0,0.0,0.0,False,False,False,True
205755000,2025-01-01 14:47:41+00:00,-75.47014,36.86856,0.0,227.5,130.0,ORION,IMO9825453,ORMB,90.0,36.86856,-75.47013,2025-01-01 14:46:31+00:00,70.0,0.8916465246539499,0.0247602597211904,False,False,False,True
205755000,2025-01-01 14:49:11+00:00,-75.47015,36.86856,0.0,130.1,130.0,ORION,IMO9825453,ORMB,90.0,36.86856,-75.47014,2025-01-01 14:47:41+00:00,90.0,0.8916465246539499,0.0192579797831481,False,False,False,True
205755000,2025-01-01 14:50:31+00:00,-75.47014,36.86856,0.0,113.8,130.0,ORION,IMO9825453,ORMB,90.0,36.86856,-75.47015,2025-01-01 14:49:11+00:00,80.0,0.8916465246539499,0.0216652272560416,False,False,False,True
205755000,2025-01-01 14:51:41+00:00,-75.47015,36.86857,0.0,96.4,130.0,ORION,IMO9825453,ORMB,90.0,36.86856,-75.47014,2025-01-01 14:50:31+00:00,70.0,1.4235808688714844,0.0395316205163878,False,False,False,True
205755000,2025-01-01 14:53:12+00:00,-75.47014,36.86856,0.1,143.2,130.0,ORION,IMO9825453,ORMB,90.0,36.86857,-75.47015,2025-01-01 14:51:41+00:00,91.0,1.4235808688714844,0.0304089388587598,False,False,False,True
205755000,2025-01-01 14:54:22+00:00,-75.47015,36.86856,0.0,97.7,130.0,ORION,IMO9825453,ORMB,90.0,36.86856,-75.47014,2025-01-01 14:53:12+00:00,70.0,0.8916465246539499,0.0247602597211904,False,False,False,True
205755000,2025-01-01 14:55:31+00:00,-75.47016,36.86857,0.0,338.8,130.0,ORION,IMO9825453,ORMB,90.0,36.86856,-75.47015,2025-01-01 14:54:22+00:00,69.0,1.4235808688714844,0.0401045425528571,False,False,False,True
205755000,2025-01-01 14:56:41+00:00,-75.47015,36.86856,0.0,35.0,130.0,ORION,IMO9825453,ORMB,90.0,36.86857,-75.47016,2025-01-01 14:55:31+00:00,70.0,1.4235808688714844,0.0395316205163878,False,False,False,True
205755000,2025-01-01 14:58:01+00:00,-75.47015,36.86856,0.0,208.5,130.0,ORION,IMO9825453,ORMB,90.0,36.86856,-75.47015,2025-01-01 14:56:41+00:00,80.0,0.0,0.0,False,False,False,True
205755000,2025-01-01 14:59:11+00:00,-75.47015,36.86856,0.0,6.8,130.0,ORION,IMO9825453,ORMB,90.0,36.86856,-75.47015,2025-01-01 14:58:01+00:00,70.0,0.0,0.0,False,False,False,True
205755000,2025-01-01 15:00:01+00:00,-75.47015,36.86857,0.0,138.3,130.0,ORION,IMO9825453,ORMB,90.0,36.86856,-75.47015,2025-01-01 14:59:11+00:00,50.0,1.1097518057405078,0.0431435990014125,False,False,False,True
205755000,2025-01-01 15:01:11+00:00,-75.47015,36.86857,0.0,27.7,130.0,ORION,IMO9825453,ORMB,90.0,36.86857,-75.47015,2025-01-01 15:00:01+00:00,70.0,0.0,0.0,False,False,False,True
205755000,2025-01-01 15:03:01+00:00,-75.47014,36.86857,0.0,293.3,130.0,ORION,IMO9825453,ORMB,90.0,36.86857,-75.47015,2025-01-01 15:01:11+00:00,110.0,0.8916464084446162,0.015756526859918,False,False,False,True
205755000,2025-01-01 15:04:10+00:00,-75.47015,36.86858,0.0,297.7,130.0,ORION,IMO9825453,ORMB,90.0,36.86857,-75.47014,2025-01-01 15:03:01+00:00,69.0,1.423580798660044,0.0401045405748889,False,False,False,True
205755000,2025-01-01 15:05:21+00:00,-75.47014,36.86858,0.1,79.7,130.0,ORION,IMO9825453,ORMB,90.0,36.86858,-75.47015,2025-01-01 15:04:10+00:00,71.0,0.891646292235256,0.0244115173056138,False,False,False,True
205755000,2025-01-01 15:06:31+00:00,-75.47014,36.86858,0.1,356.5,130.0,ORION,IMO9825453,ORMB,90.0,36.86858,-75.47014,2025-01-01 15:05:21+00:00,70.0,0.0,0.0,False,False,False,True
205755000,2025-01-01 15:07:32+00:00,-75.47014,36.86858,0.0,83.3,130.0,ORION,IMO9825453,ORMB,90.0,36.86858,-75.47014,2025-01-01 15:06:31+00:00,61.0,0.0,0.0,False,False,False,True
205755000,2025-01-01 15:08:41+00:00,-75.47014,36.86858,0.0,60.7,130.0,ORION,IMO9825453,ORMB,90.0,36.86858,-75.47014,2025-01-01 15:07:32+00:00,69.0,0.0,0.0,False,False,False,True
205755000,2025-01-01 15:10:02+00:00,-75.47014,36.86858,0.1,68.8,130.0,ORION,IMO9825453,ORMB,90.0,36.86858,-75.47014,2025-01-01 15:08:41+00:00,81.0,0.0,0.0,False,False,False,True
205755000,2025-01-01 15:11:20+00:00,-75.47014,36.86858,0.0,283.3,130.0,ORION,IMO9825453,ORMB,90.0,36.86858,-75.47014,2025-01-01 15:10:02+00:00,78.0,0.0,0.0,False,False,False,True
205755000,2025-01-01 15:12:41+00:00,-75.47015,36.86858,0.1,256.1,130.0,ORION,IMO9825453,ORMB,90.0,36.86858,-75.47014,2025-01-01 15:11:20+00:00,81.0,0.891646292235256,0.0213977497370195,False,False,False,True
205755000,2025-01-01 15:14:02+00:00,-75.47014,36.86858,0.0,352.9,130.0,ORION,IMO9825453,ORMB,90.0,36.86858,-75.47015,2025-01-01 15:12:41+00:00,81.0,0.891646292235256,0.0213977497370195,False,False,False,True
205755000,2025-01-01 15:15:12+00:00,-75.47015,36.86858,0.1,119.2,130.0,ORION,IMO9825453,ORMB,90.0,36.86858,-75.47014,2025-01-01 15:14:02+00:00,70.0,0.891646292235256,0.0247602532671225,False,False,False,True
205755000,2025-01-01 15:16:20+00:00,-75.47014,36.86858,0.1,218.6,130.0,ORION,IMO9825453,ORMB,90.0,36.86858,-75.47015,2025-01-01 15:15:12+00:00,68.0,0.891646292235256,0.0254884960102732,False,False,False,True
205755000,2025-01-01 15:17:22+00:00,-75.47015,36.86858,0.0,270.2,130.0,ORION,IMO9825453,ORMB,90.0,36.86858,-75.47014,2025-01-01 15:16:20+00:00,62.0,0.891646292235256,0.0279551246564287,False,False,False,True
205755000,2025-01-01 15:18:31+00:00,-75.47014,36.86858,0.0,319.4,130.0,ORION,IMO9825453,ORMB,90.0,36.86858,-75.47015,2025-01-01 15:17:22+00:00,69.0,0.891646292235256,0.0251190975173707,False,False,False,True
205755000,2025-01-01 15:19:32+00:00,-75.47015,36.86858,0.0,341.5,130.0,ORION,IMO9825453,ORMB,90.0,36.86858,-75.47014,2025-01-01 15:18:31+00:00,61.0,0.891646292235256,0.0284134053885013,False,False,False,True
205755000,2025-01-01 15:21:01+00:00,-75.47015,36.86858,0.0,257.8,130.0,ORION,IMO9825453,ORMB,90.0,36.86858,-75.47015,2025-01-01 15:19:32+00:00,89.0,0.0,0.0,False,False,False,True
205755000,2025-01-01 15:22:11+00:00,-75.47015,36.86858,0.0,174.5,130.0,ORION,IMO9825453,ORMB,90.0,36.86858,-75.47015,2025-01-01 15:21:01+00:00,70.0,0.0,0.0,False,False,False,True
205755000,2025-01-01 15:23:12+00:00,-75.47016,36.86858,0.0,205.7,130.0,ORION,IMO9825453,ORMB,90.0,36.86858,-75.47015,2025-01-01 15:22:11+00:00,61.0,0.891646292235256,0.0284134053885013,False,False,False,True
205755000,2025-01-01 15:24:31+00:00,-75.47015,36.86858,0.0,182.8,130.0,ORION,IMO9825453,ORMB,90.0,36.86858,-75.47016,2025-01-01 15:23:12+00:00,79.0,0.891646292235256,0.0219394649202351,False,False,False,True
205755000,2025-01-01 15:25:41+00:00,-75.47015,36.86858,0.0,22.5,130.0,ORION,IMO9825453,ORMB,90.0,36.86858,-75.47015,2025-01-01 15:24:31+00:00,70.0,0.0,0.0,False,False,False,True
205755000,2025-01-01 15:27:01+00:00,-75.47015,36.86858,0.0,342.6,130.0,ORION,IMO9825453,ORMB,90.0,36.86858,-75.47015,2025-01-01 15:25:41+00:00,80.0,0.0,0.0,False,False,False,True
205755000,2025-01-01 15:28:11+00:00,-75.47015,36.86858,0.0,255.6,130.0,ORION,IMO9825453,ORMB,90.0,36.86858,-75.47015,2025-01-01 15:27:01+00:00,70.0,0.0,0.0,False,False,False,True
205755000,2025-01-01 15:29:22+00:00,-75.47016,36.86858,0.0,295.8,130.0,ORION,IMO9825453,ORMB,90.0,36.86858,-75.47015,2025-01-01 15:28:11+00:00,71.0,0.891646292235256,0.0244115173056138,False,False,False,True
205755000,2025-01-01 15:30:31+00:00,-75.47016,36.86858,0.0,132.8,130.0,ORION,IMO9825453,ORMB,90.0,36.86858,-75.47016,2025-01-01 15:29:22+00:00,69.0,0.0,0.0,False,False,False,True
205755000,2025-01-01 15:31:42+00:00,-75.47015,36.86858,0.0,91.6,130.0,ORION,IMO9825453,ORMB,90.0,36.86858,-75.47016,2025-01-01 15:30:31+00:00,71.0,0.891646292235256,0.0244115173056138,False,False,False,True
205755000,2025-01-01 15:33:00+00:00,-75.47015,36.86858,0.0,143.2,130.0,ORION,IMO9825453,ORMB,90.0,36.86858,-75.47015,2025-01-01 15:31:42+00:00,78.0,0.0,0.0,False,False,False,True
205755000,2025-01-01 15:34:11+00:00,-75.47016,36.86859,0.0,330.4,130.0,ORION,IMO9825453,ORMB,90.0,36.86858,-75.47015,2025-01-01 15:33:00+00:00,71.0,1.4235807273865868,0.0389748332552555,False,False,False,True
205755000,2025-01-01 15:35:22+00:00,-75.47015,36.86859,0.1,334.2,130.0,ORION,IMO9825453,ORMB,90.0,36.86859,-75.47016,2025-01-01 15:34:11+00:00,71.0,0.8916461760258675,0.0244115141240298,False,False,False,True
205755000,2025-01-01 15:36:31+00:00,-75.47015,36.86858,0.1,333.6,130.0,ORION,IMO9825453,ORMB,90.0,36.86859,-75.47015,2025-01-01 15:35:22+00:00,69.0,1.1097518098170849,0.0312634776520991,False,False,False,True
205755000,2025-01-01 15:37:42+00:00,-75.47016,36.86859,0.0,355.4,130.0,ORION,IMO9825453,ORMB,90.0,36.86858,-75.47015,2025-01-01 15:36:31+00:00,71.0,1.4235807273865868,0.0389748332552555,False,False,False,True
205755000,2025-01-01 15:39:01+00:00,-75.47016,36.86859,0.0,71.7,130.0,ORION,IMO9825453,ORMB,90.0,36.86859,-75.47016,2025-01-01 15:37:42+00:00,79.0,0.0,0.0,False,False,False,True
205755000,2025-01-01 15:40:11+00:00,-75.47016,36.86858,0.0,349.6,130.0,ORION,IMO9825453,ORMB,90.0,36.86859,-75.47016,2025-01-01 15:39:01+00:00,70.0,1.1097518098170849,0.0308168565427834,False,False,False,True
205755000,2025-01-01 15:41:20+00:00,-75.47016,36.86858,0.0,98.6,130.0,ORION,IMO9825453,ORMB,90.0,36.86858,-75.47016,2025-01-01 15:40:11+00:00,69.0,0.0,0.0,False,False,False,True
205755000,2025-01-01 15:42:32+00:00,-75.47017,36.86858,0.0,327.7,130.0,ORION,IMO9825453,ORMB,90.0,36.86858,-75.47016,2025-01-01 15:41:20+00:00,72.0,0.8916462909681505,0.0240724684199379,False,False,False,True
205755000,2025-01-01 15:43:41+00:00,-75.47016,36.86858,0.0,122.5,130.0,ORION,IMO9825453,ORMB,90.0,36.86858,-75.47017,2025-01-01 15:42:32+00:00,69.0,0.8916462909681505,0.0251190974816743,False,False,False,True
205755000,2025-01-01 15:45:00+00:00,-75.47016,36.86858,0.1,43.5,130.0,ORION,IMO9825453,ORMB,90.0,36.86858,-75.47016,2025-01-01 15:43:41+00:00,79.0,0.0,0.0,False,False,False,True
205755000,2025-01-01 15:46:10+00:00,-75.47016,36.86858,0.0,170.6,130.0,ORION,IMO9825453,ORMB,90.0,36.86858,-75.47016,2025-01-01 15:45:00+00:00,70.0,0.0,0.0,False,False,False,True
205755000,2025-01-01 15:47:22+00:00,-75.47017,36.86858,0.0,358.8,130.0,ORION,IMO9825453,ORMB,90.0,36.86858,-75.47016,2025-01-01 15:46:10+00:00,72.0,0.8916462909681505,0.0240724684199379,False,False,False,True
205755000,2025-01-01 15:48:30+00:00,-75.47017,36.86858,0.0,237.7,130.0,ORION,IMO9825453,ORMB,90.0,36.86858,-75.47017,2025-01-01 15:47:22+00:00,68.0,0.0,0.0,False,False,False,True
205755000,2025-01-01 15:49:41+00:00,-75.47017,36.86858,0.0,180.0,130.0,ORION,IMO9825453,ORMB,90.0,36.86858,-75.47017,2025-01-01 15:48:30+00:00,71.0,0.0,0.0,False,False,False,True
205755000,2025-01-01 15:51:10+00:00,-75.47017,36.86858,0.0,358.4,130.0,ORION,IMO9825453,ORMB,90.0,36.86858,-75.47017,2025-01-01 15:49:41+00:00,89.0,0.0,0.0,False,False,False,True
205755000,2025-01-01 15:52:22+00:00,-75.47017,36.86858,0.0,160.8,130.0,ORION,IMO9825453,ORMB,90.0,36.86858,-75.47017,2025-01-01 15:51:10+00:00,72.0,0.0,0.0,False,False,False,True
205755000,2025-01-01 15:53:31+00:00,-75.47017,36.86858,0.0,291.9,130.0,ORION,IMO9825453,ORMB,90.0,36.86858,-75.47017,2025-01-01 15:52:22+00:00,69.0,0.0,0.0,False,False,False,True
205755000,2025-01-01 15:54:40+00:00,-75.47016,36.86858,0.0,12.7,130.0,ORION,IMO9825453,ORMB,90.0,36.86858,-75.47017,2025-01-01 15:53:31+00:00,69.0,0.8916462909681505,0.0251190974816743,False,False,False,True
205755000,2025-01-01 15:56:01+00:00,-75.47017,36.86858,0.0,268.5,130.0,ORION,IMO9825453,ORMB,90.0,36.86858,-75.47016,2025-01-01 15:54:40+00:00,81.0,0.8916462909681505,0.0213977497066114,False,False,False,True
205755000,2025-01-01 15:57:10+00:00,-75.47016,36.86858,0.0,114.7,130.0,ORION,IMO9825453,ORMB,90.0,36.86858,-75.47017,2025-01-01 15:56:01+00:00,69.0,0.8916462909681505,0.0251190974816743,False,False,False,True
205755000,2025-01-01 15:58:11+00:00,-75.47017,36.86858,0.0,239.4,130.0,ORION,IMO9825453,ORMB,90.0,36.86858,-75.47016,2025-01-01 15:57:10+00:00,61.0,0.8916462909681505,0.0284134053481234,False,False,False,True
205755000,2025-01-01 15:59:32+00:00,-75.47016,36.86858,0.0,172.2,130.0,ORION,IMO9825453,ORMB,90.0,36.86858,-75.47017,2025-01-01 15:58:11+00:00,81.0,0.8916462909681505,0.0213977497066114,False,False,False,True
205755000,2025-01-01 16:00:01+00:00,-75.47017,36.86858,0.0,250.7,130.0,ORION,IMO9825453,ORMB,90.0,36.86858,-75.47016,2025-01-01 15:59:32+00:00,29.0,0.8916462909681505,0.0597661284908803,False,False,False,True
205755000,2025-01-01 16:01:12+00:00,-75.47017,36.86858,0.0,301.5,130.0,ORION,IMO9825453,ORMB,90.0,36.86858,-75.47017,2025-01-01 16:00:01+00:00,71.0,0.0,0.0,False,False,False,True
205755000,2025-01-01 16:02:22+00:00,-75.47016,36.86858,0.0,230.6,130.0,ORION,IMO9825453,ORMB,90.0,36.86858,-75.47017,2025-01-01 16:01:12+00:00,70.0,0.8916462909681505,0.0247602532319361,False,False,False,True
205755000,2025-01-01 16:04:01+00:00,-75.47017,36.86858,0.0,281.3,130.0,ORION,IMO9825453,ORMB,90.0,36.86858,-75.47016,2025-01-01 16:02:22+00:00,99.0,0.8916462909681505,0.0175072497599548,False,False,False,True
205755000,2025-01-01 16:05:22+00:00,-75.47017,36.86859,0.1,257.2,130.0,ORION,IMO9825453,ORMB,90.0,36.86858,-75.47017,2025-01-01 16:04:01+00:00,81.0,1.1097518098170849,0.0266318513332696,False,False,False,True
205755000,2025-01-01 16:06:31+00:00,-75.47016,36.86858,0.0,172.1,130.0,ORION,IMO9825453,ORMB,90.0,36.86859,-75.47017,2025-01-01 16:05:22+00:00,69.0,1.4235807256217403,0.0401045385172835,False,False,False,True
205755000,2025-01-01 16:07:42+00:00,-75.47017,36.86859,0.0,249.7,130.0,ORION,IMO9825453,ORMB,90.0,36.86858,-75.47016,2025-01-01 16:06:31+00:00,71.0,1.4235807256217403,0.0389748332069375,False,False,False,True
205755000,2025-01-01 16:09:31+00:00,-75.47016,36.86858,0.0,0.7,130.0,ORION,IMO9825453,ORMB,90.0,36.86859,-75.47017,2025-01-01 16:07:42+00:00,109.0,1.4235807256217403,0.0253872766760785,False,False,False,True
205755000,2025-01-01 16:10:41+00:00,-75.47017,36.86858,0.0,159.0,130.0,ORION,IMO9825453,ORMB,90.0,36.86858,-75.47016,2025-01-01 16:09:31+00:00,70.0,0.8916462909681505,0.0247602532319361,False,False,False,True
205755000,2025-01-01 16:12:01+00:00,-75.47017,36.86858,0.0,343.2,130.0,ORION,IMO9825453,ORMB,90.0,36.86858,-75.47017,2025-01-01 16:10:41+00:00,80.0,0.0,0.0,False,False,False,True
205755000,2025-01-01 16:13:11+00:00,-75.47017,36.86858,0.0,322.3,130.0,ORION,IMO9825453,ORMB,90.0,36.86858,-75.47017,2025-01-01 16:12:01+00:00,70.0,0.0,0.0,False,False,False,True
205755000,2025-01-01 16:14:22+00:00,-75.47017,36.86858,0.0,214.7,130.0,ORION,IMO9825453,ORMB,90.0,36.86858,-75.47017,2025-01-01 16:13:11+00:00,71.0,0.0,0.0,False,False,False,True
205755000,2025-01-01 16:15:31+00:00,-75.47017,36.86858,0.0,280.8,130.0,ORION,IMO9825453,ORMB,90.0,36.86858,-75.47017,2025-01-01 16:14:22+00:00,69.0,0.0,0.0,False,False,False,True
205755000,2025-01-01 16:16:41+00:00,-75.47017,36.86858,0.1,179.5,130.0,ORION,IMO9825453,ORMB,90.0,36.86858,-75.47017,2025-01-01 16:15:31+00:00,70.0,0.0,0.0,False,False,False,True
205755000,2025-01-01 16:18:01+00:00,-75.47017,36.86858,0.0,350.7,130.0,ORION,IMO9825453,ORMB,90.0,36.86858,-75.47017,2025-01-01 16:16:41+00:00,80.0,0.0,0.0,False,False,False,True
205755000,2025-01-01 16:19:21+00:00,-75.47017,36.86858,0.0,225.8,130.0,ORION,IMO9825453,ORMB,90.0,36.86858,-75.47017,2025-01-01 16:18:01+00:00,80.0,0.0,0.0,False,False,False,True
205755000,2025-01-01 16:20:30+00:00,-75.47017,36.86858,0.0,266.8,130.0,ORION,IMO9825453,ORMB,90.0,36.86858,-75.47017,2025-01-01 16:19:21+00:00,69.0,0.0,0.0,False,False,False,True
205755000,2025-01-01 16:22:00+00:00,-75.47017,36.86858,0.0,276.9,130.0,ORION,IMO9825453,ORMB,90.0,36.86858,-75.47017,2025-01-01 16:20:30+00:00,90.0,0.0,0.0,False,False,False,True
205755000,2025-01-01 16:23:12+00:00,-75.47017,36.86858,0.0,108.8,130.0,ORION,IMO9825453,ORMB,90.0,36.86858,-75.47017,2025-01-01 16:22:00+00:00,72.0,0.0,0.0,False,False,False,True
205755000,2025-01-01 16:24:20+00:00,-75.47017,36.86858,0.0,224.5,130.0,ORION,IMO9825453,ORMB,90.0,36.86858,-75.47017,2025-01-01 16:23:12+00:00,68.0,0.0,0.0,False,False,False,True
205755000,2025-01-01 16:25:31+00:00,-75.47018,36.86858,0.0,288.5,130.0,ORION,IMO9825453,ORMB,90.0,36.86858,-75.47017,2025-01-01 16:24:20+00:00,71.0,0.891646292235256,0.0244115173056138,False,False,False,True
205755000,2025-01-01 16:27:01+00:00,-75.47017,36.86858,0.0,105.1,130.0,ORION,IMO9825453,ORMB,90.0,36.86858,-75.47018,2025-01-01 16:25:31+00:00,90.0,0.891646292235256,0.0192579747633175,False,False,False,True
205755000,2025-01-01 16:28:02+00:00,-75.47016,36.86858,0.0,220.1,130.0,ORION,IMO9825453,ORMB,90.0,36.86858,-75.47017,2025-01-01 16:27:01+00:00,61.0,0.8916462909681505,0.0284134053481234,False,False,False,True
205755000,2025-01-01 16:29:21+00:00,-75.47017,36.86858,0.0,52.1,130.0,ORION,IMO9825453,ORMB,90.0,36.86858,-75.47016,2025-01-01 16:28:02+00:00,79.0,0.8916462909681505,0.0219394648890573,False,False,False,True
205755000,2025-01-01 16:30:31+00:00,-75.47017,36.86858,0.0,75.3,130.0,ORION,IMO9825453,ORMB,90.0,36.86858,-75.47017,2025-01-01 16:29:21+00:00,70.0,0.0,0.0,False,False,False,True
205755000,2025-01-01 16:31:42+00:00,-75.47017,36.86858,0.0,17.1,130.0,ORION,IMO9825453,ORMB,90.0,36.86858,-75.47017,2025-01-01 16:30:31+00:00,71.0,0.0,0.0,False,False,False,True
205755000,2025-01-01 16:33:01+00:00,-75.47017,36.86858,0.0,222.3,130.0,ORION,IMO9825453,ORMB,90.0,36.86858,-75.47017,2025-01-01 16:31:42+00:00,79.0,0.0,0.0,False,False,False,True
205755000,2025-01-01 16:34:12+00:00,-75.47017,36.86858,0.0,80.4,130.0,ORION,IMO9825453,ORMB,90.0,36.86858,-75.47017,2025-01-01 16:33:01+00:00,71.0,0.0,0.0,False,False,False,True
205755000,2025-01-01 16:35:41+00:00,-75.47017,36.86858,0.0,111.7,130.0,ORION,IMO9825453,ORMB,90.0,36.86858,-75.47017,2025-01-01 16:34:12+00:00,89.0,0.0,0.0,False,False,False,True
205755000,2025-01-01 16:37:01+00:00,-75.47016,36.86858,0.0,199.9,130.0,ORION,IMO9825453,ORMB,90.0,36.86858,-75.47017,2025-01-01 16:35:41+00:00,80.0,0.8916462909681505,0.0216652215779441,False,False,False,True
205755000,2025-01-01 16:38:12+00:00,-75.47016,36.86858,0.0,197.9,130.0,ORION,IMO9825453,ORMB,90.0,36.86858,-75.47016,2025-01-01 16:37:01+00:00,71.0,0.0,0.0,False,False,False,True
205755000,2025-01-01 16:39:21+00:00,-75.47017,36.86858,0.0,167.5,130.0,ORION,IMO9825453,ORMB,90.0,36.86858,-75.47016,2025-01-01 16:38:12+00:00,69.0,0.8916462909681505,0.0251190974816743,False,False,False,True
205755000,2025-01-01 16:40:32+00:00,-75.47017,36.86858,0.0,169.2,130.0,ORION,IMO9825453,ORMB,90.0,36.86858,-75.47017,2025-01-01 16:39:21+00:00,71.0,0.0,0.0,False,False,False,True
205755000,2025-01-01 16:41:41+00:00,-75.47017,36.86858,0.0,17.4,130.0,ORION,IMO9825453,ORMB,90.0,36.86858,-75.47017,2025-01-01 16:40:32+00:00,69.0,0.0,0.0,False,False,False,True
205755000,2025-01-01 16:42:42+00:00,-75.47017,36.86858,0.1,306.7,130.0,ORION,IMO9825453,ORMB,90.0,36.86858,-75.47017,2025-01-01 16:41:41+00:00,61.0,0.0,0.0,False,False,False,True
205755000,2025-01-01 16:44:02+00:00,-75.47017,36.86858,0.0,309.7,130.0,ORION,IMO9825453,ORMB,90.0,36.86858,-75.47017,2025-01-01 16:42:42+00:00,80.0,0.0,0.0,False,False,False,True
205755000,2025-01-01 16:45:11+00:00,-75.47017,36.86858,0.1,218.9,130.0,ORION,IMO9825453,ORMB,90.0,36.86858,-75.47017,2025-01-01 16:44:02+00:00,69.0,0.0,0.0,False,False,False,True
205755000,2025-01-01 16:46:22+00:00,-75.47017,36.86858,0.0,130.2,130.0,ORION,IMO9825453,ORMB,90.0,36.86858,-75.47017,2025-01-01 16:45:11+00:00,71.0,0.0,0.0,False,False,False,True
205755000,2025-01-01 16:47:42+00:00,-75.47017,36.86858,0.0,115.3,130.0,ORION,IMO9825453,ORMB,90.0,36.86858,-75.47017,2025-01-01 16:46:22+00:00,80.0,0.0,0.0,False,False,False,True
205755000,2025-01-01 16:49:02+00:00,-75.47017,36.86858,0.0,131.0,130.0,ORION,IMO9825453,ORMB,90.0,36.86858,-75.47017,2025-01-01 16:47:42+00:00,80.0,0.0,0.0,False,False,False,True
205755000,2025-01-01 16:50:11+00:00,-75.47017,36.86857,0.0,206.4,130.0,ORION,IMO9825453,ORMB,90.0,36.86858,-75.47017,2025-01-01 16:49:02+00:00,69.0,1.1097518077784512,0.0312634775946676,False,False,False,True
205755000,2025-01-01 16:51:22+00:00,-75.47017,36.86857,0.0,85.1,130.0,ORION,IMO9825453,ORMB,90.0,36.86857,-75.47017,2025-01-01 16:50:11+00:00,71.0,0.0,0.0,False,False,False,True
205755000,2025-01-01 16:52:31+00:00,-75.47018,36.86858,0.0,296.4,130.0,ORION,IMO9825453,ORMB,90.0,36.86857,-75.47017,2025-01-01 16:51:22+00:00,69.0,1.423580798660044,0.0401045405748889,False,False,False,True
205755000,2025-01-01 16:53:41+00:00,-75.47018,36.86857,0.1,253.3,130.0,ORION,IMO9825453,ORMB,90.0,36.86858,-75.47018,2025-01-01 16:52:31+00:00,70.0,1.1097518077784512,0.0308168564861723,False,False,False,True
205755000,2025-01-01 16:55:01+00:00,-75.47018,36.86857,0.0,97.2,130.0,ORION,IMO9825453,ORMB,90.0,36.86857,-75.47018,2025-01-01 16:53:41+00:00,80.0,0.0,0.0,False,False,False,True
205755000,2025-01-01 16:56:11+00:00,-75.47018,36.86857,0.0,66.5,130.0,ORION,IMO9825453,ORMB,90.0,36.86857,-75.47018,2025-01-01 16:55:01+00:00,70.0,0.0,0.0,False,False,False,True
205755000,2025-01-01 16:57:22+00:00,-75.47018,36.86857,0.1,273.3,130.0,ORION,IMO9825453,ORMB,90.0,36.86857,-75.47018,2025-01-01 16:56:11+00:00,71.0,0.0,0.0,False,False,False,True
205755000,2025-01-01 16:58:32+00:00,-75.47018,36.86857,0.0,298.6,130.0,ORION,IMO9825453,ORMB,90.0,36.86857,-75.47018,2025-01-01 16:57:22+00:00,70.0,0.0,0.0,False,False,False,True
205755000,2025-01-01 16:59:41+00:00,-75.47019,36.86857,0.0,280.7,130.0,ORION,IMO9825453,ORMB,90.0,36.86857,-75.47018,2025-01-01 16:58:32+00:00,69.0,0.8916464084446162,0.0251191007911736,False,False,False,True
205755000,2025-01-01 17:00:00+00:00,-75.47019,36.86857,0.1,186.7,130.0,ORION,IMO9825453,ORMB,90.0,36.86857,-75.47019,2025-01-01 16:59:41+00:00,19.0,0.0,0.0,False,False,False,True
205755000,2025-01-01 17:01:11+00:00,-75.47019,36.86857,0.0,148.8,130.0,ORION,IMO9825453,ORMB,90.0,36.86857,-75.47019,2025-01-01 17:00:00+00:00,71.0,0.0,0.0,False,False,False,True
205755000,2025-01-01 17:02:21+00:00,-75.47019,36.86857,0.0,259.9,130.0,ORION,IMO9825453,ORMB,90.0,36.86857,-75.47019,2025-01-01 17:01:11+00:00,70.0,0.0,0.0,False,False,False,True
205755000,2025-01-01 17:03:31+00:00,-75.47019,36.86857,0.0,157.7,130.0,ORION,IMO9825453,ORMB,90.0,36.86857,-75.47019,2025-01-01 17:02:21+00:00,70.0,0.0,0.0,False,False,False,True
205755000,2025-01-01 17:04:41+00:00,-75.4702,36.86857,0.0,239.2,130.0,ORION,IMO9825453,ORMB,90.0,36.86857,-75.47019,2025-01-01 17:03:31+00:00,70.0,0.8916464084446162,0.0247602564941568,False,False,False,True
205755000,2025-01-01 17:06:10+00:00,-75.47019,36.86857,0.0,253.0,130.0,ORION,IMO9825453,ORMB,90.0,36.86857,-75.4702,2025-01-01 17:04:41+00:00,89.0,0.8916464084446162,0.0194743590403481,False,False,False,True
205755000,2025-01-01 17:07:22+00:00,-75.47019,36.86856,0.0,17.3,130.0,ORION,IMO9825453,ORMB,90.0,36.86857,-75.47019,2025-01-01 17:06:10+00:00,72.0,1.1097518057405078,0.0299608326398698,False,False,False,True
205755000,2025-01-01 17:08:31+00:00,-75.47019,36.86856,0.0,60.4,130.0,ORION,IMO9825453,ORMB,90.0,36.86856,-75.47019,2025-01-01 17:07:22+00:00,69.0,0.0,0.0,False,False,False,True
205755000,2025-01-01 17:09:41+00:00,-75.47019,36.86856,0.0,307.3,130.0,ORION,IMO9825453,ORMB,90.0,36.86856,-75.47019,2025-01-01 17:08:31+00:00,70.0,0.0,0.0,False,False,False,True
205755000,2025-01-01 17:11:02+00:00,-75.47019,36.86856,0.1,121.5,130.0,ORION,IMO9825453,ORMB,90.0,36.86856,-75.47019,2025-01-01 17:09:41+00:00,81.0,0.0,0.0,False,False,False,True
205755000,2025-01-01 17:12:11+00:00,-75.47019,36.86856,0.0,117.7,130.0,ORION,IMO9825453,ORMB,90.0,36.86856,-75.47019,2025-01-01 17:11:02+00:00,69.0,0.0,0.0,False,False,False,True
205755000,2025-01-01 17:13:22+00:00,-75.4702,36.86856,0.0,346.4,130.0,ORION,IMO9825453,ORMB,90.0,36.86856,-75.47019,2025-01-01 17:12:11+00:00,71.0,0.8916465246539499,0.0244115236687793,False,False,False,True
205755000,2025-01-01 17:14:31+00:00,-75.4702,36.86856,0.0,23.5,130.0,ORION,IMO9825453,ORMB,90.0,36.86856,-75.4702,2025-01-01 17:13:22+00:00,69.0,0.0,0.0,False,False,False,True
205755000,2025-01-01 17:16:11+00:00,-75.47021,36.86856,0.0,250.4,130.0,ORION,IMO9825453,ORMB,90.0,36.86856,-75.4702,2025-01-01 17:14:31+00:00,100.0,0.8916465233868439,0.0173321817802028,False,False,False,True
205755000,2025-01-01 17:17:22+00:00,-75.4702,36.86856,0.0,90.6,130.0,ORION,IMO9825453,ORMB,90.0,36.86856,-75.47021,2025-01-01 17:16:11+00:00,71.0,0.8916465233868439,0.0244115236340884,False,False,False,True
205755000,2025-01-01 17:18:31+00:00,-75.47021,36.86856,0.0,223.7,130.0,ORION,IMO9825453,ORMB,90.0,36.86856,-75.4702,2025-01-01 17:17:22+00:00,69.0,0.8916465233868439,0.0251191040292794,False,False,False,True
205755000,2025-01-01 17:19:40+00:00,-75.4702,36.86856,0.1,172.2,130.0,ORION,IMO9825453,ORMB,90.0,36.86856,-75.47021,2025-01-01 17:18:31+00:00,69.0,0.8916465233868439,0.0251191040292794,False,False,False,True
205755000,2025-01-01 17:21:02+00:00,-75.4702,36.86856,0.1,82.3,130.0,ORION,IMO9825453,ORMB,90.0,36.86856,-75.4702,2025-01-01 17:19:40+00:00,82.0,0.0,0.0,False,False,False,True
205755000,2025-01-01 17:22:11+00:00,-75.4702,36.86856,0.0,147.4,130.0,ORION,IMO9825453,ORMB,90.0,36.86856,-75.4702,2025-01-01 17:21:02+00:00,69.0,0.0,0.0,False,False,False,True
205755000,2025-01-01 17:23:12+00:00,-75.4702,36.86856,0.1,316.6,130.0,ORION,IMO9825453,ORMB,90.0,36.86856,-75.4702,2025-01-01 17:22:11+00:00,61.0,0.0,0.0,False,False,False,True
205755000,2025-01-01 17:24:21+00:00,-75.4702,36.86856,0.0,349.1,130.0,ORION,IMO9825453,ORMB,90.0,36.86856,-75.4702,2025-01-01 17:23:12+00:00,69.0,0.0,0.0,False,False,False,True
205755000,2025-01-01 17:25:32+00:00,-75.4702,36.86856,0.0,336.1,130.0,ORION,IMO9825453,ORMB,90.0,36.86856,-75.4702,2025-01-01 17:24:21+00:00,71.0,0.0,0.0,False,False,False,True
205755000,2025-01-01 17:26:41+00:00,-75.4702,36.86856,0.0,282.7,130.0,ORION,IMO9825453,ORMB,90.0,36.86856,-75.4702,2025-01-01 17:25:32+00:00,69.0,0.0,0.0,False,False,False,True
205755000,2025-01-01 17:28:00+00:00,-75.47019,36.86856,0.0,48.6,130.0,ORION,IMO9825453,ORMB,90.0,36.86856,-75.4702,2025-01-01 17:26:41+00:00,79.0,0.8916465246539499,0.0219394706390295,False,False,False,True
205755000,2025-01-01 17:29:12+00:00,-75.4702,36.86855,0.0,296.0,130.0,ORION,IMO9825453,ORMB,90.0,36.86856,-75.47019,2025-01-01 17:28:00+00:00,72.0,1.423580941204429,0.0384335218993169,False,False,False,True
205755000,2025-01-01 17:30:22+00:00,-75.4702,36.86856,0.0,290.3,130.0,ORION,IMO9825453,ORMB,90.0,36.86855,-75.4702,2025-01-01 17:29:12+00:00,70.0,1.1097518040574097,0.0308168563828422,False,False,False,True
205755000,2025-01-01 17:31:31+00:00,-75.47019,36.86856,0.0,159.1,130.0,ORION,IMO9825453,ORMB,90.0,36.86856,-75.4702,2025-01-01 17:30:22+00:00,69.0,0.8916465246539499,0.0251191040649758,False,False,False,True
205755000,2025-01-01 17:32:32+00:00,-75.47019,36.86856,0.0,137.8,130.0,ORION,IMO9825453,ORMB,90.0,36.86856,-75.47019,2025-01-01 17:31:31+00:00,61.0,0.0,0.0,False,False,False,True
205755000,2025-01-01 17:34:00+00:00,-75.47019,36.86856,0.0,19.9,130.0,ORION,IMO9825453,ORMB,90.0,36.86856,-75.47019,2025-01-01 17:32:32+00:00,88.0,0.0,0.0,False,False,False,True
205755000,2025-01-01 17:35:10+00:00,-75.47019,36.86856,0.0,329.5,130.0,ORION,IMO9825453,ORMB,90.0,36.86856,-75.47019,2025-01-01 17:34:00+00:00,70.0,0.0,0.0,False,False,False,True
205755000,2025-01-01 17:36:32+00:00,-75.47019,36.86856,0.0,317.7,130.0,ORION,IMO9825453,ORMB,90.0,36.86856,-75.47019,2025-01-01 17:35:10+00:00,82.0,0.0,0.0,False,False,False,True
205755000,2025-01-01 17:37:42+00:00,-75.47019,36.86856,0.0,286.7,130.0,ORION,IMO9825453,ORMB,90.0,36.86856,-75.47019,2025-01-01 17:36:32+00:00,70.0,0.0,0.0,False,False,False,True
205755000,2025-01-01 17:39:02+00:00,-75.47019,36.86856,0.0,60.8,130.0,ORION,IMO9825453,ORMB,90.0,36.86856,-75.47019,2025-01-01 17:37:42+00:00,80.0,0.0,0.0,False,False,False,True
205755000,2025-01-01 17:40:21+00:00,-75.47019,36.86856,0.0,284.8,130.0,ORION,IMO9825453,ORMB,90.0,36.86856,-75.47019,2025-01-01 17:39:02+00:00,79.0,0.0,0.0,False,False,False,True
205755000,2025-01-01 17:41:32+00:00,-75.47019,36.86856,0.0,336.9,130.0,ORION,IMO9825453,ORMB,90.0,36.86856,-75.47019,2025-01-01 17:40:21+00:00,71.0,0.0,0.0,False,False,False,True
205755000,2025-01-01 17:42:41+00:00,-75.4702,36.86856,0.0,301.9,130.0,ORION,IMO9825453,ORMB,90.0,36.86856,-75.47019,2025-01-01 17:41:32+00:00,69.0,0.8916465246539499,0.0251191040649758,False,False,False,True
205755000,2025-01-01 17:44:02+00:00,-75.47019,36.86856,0.0,283.2,130.0,ORION,IMO9825453,ORMB,90.0,36.86856,-75.4702,2025-01-01 17:42:41+00:00,81.0,0.8916465246539499,0.021397755314609,False,False,False,True
205755000,2025-01-01 17:45:10+00:00,-75.4702,36.86856,0.0,286.7,130.0,ORION,IMO9825453,ORMB,90.0,36.86856,-75.47019,2025-01-01 17:44:02+00:00,68.0,0.8916465246539499,0.0254885026541666,False,False,False,True
205755000,2025-01-01 17:46:32+00:00,-75.47019,36.86856,0.0,165.6,130.0,ORION,IMO9825453,ORMB,90.0,36.86856,-75.4702,2025-01-01 17:45:10+00:00,82.0,0.8916465246539499,0.021136807079065,False,False,False,True
205755000,2025-01-01 17:47:41+00:00,-75.4702,36.86857,0.0,106.5,130.0,ORION,IMO9825453,ORMB,90.0,36.86856,-75.47019,2025-01-01 17:46:32+00:00,69.0,1.4235808688714844,0.0401045425528571,False,False,False,True
205755000,2025-01-01 17:49:02+00:00,-75.4702,36.86856,0.0,279.5,130.0,ORION,IMO9825453,ORMB,90.0,36.86857,-75.4702,2025-01-01 17:47:41+00:00,81.0,1.1097518057405078,0.0266318512354398,False,False,False,True
205755000,2025-01-01 17:50:11+00:00,-75.4702,36.86857,0.0,226.7,130.0,ORION,IMO9825453,ORMB,90.0,36.86856,-75.4702,2025-01-01 17:49:02+00:00,69.0,1.1097518057405078,0.0312634775372554,False,False,False,True
205755000,2025-01-01 17:51:22+00:00,-75.4702,36.86857,0.0,180.3,130.0,ORION,IMO9825453,ORMB,90.0,36.86857,-75.4702,2025-01-01 17:50:11+00:00,71.0,0.0,0.0,False,False,False,True
205755000,2025-01-01 17:52:32+00:00,-75.4702,36.86857,0.0,273.7,130.0,ORION,IMO9825453,ORMB,90.0,36.86857,-75.4702,2025-01-01 17:51:22+00:00,70.0,0.0,0.0,False,False,False,True
205755000,2025-01-01 17:53:41+00:00,-75.47019,36.86856,0.0,304.1,130.0,ORION,IMO9825453,ORMB,90.0,36.86857,-75.4702,2025-01-01 17:52:32+00:00,69.0,1.4235808688714844,0.0401045425528571,False,False,False,True
205755000,2025-01-01 17:55:12+00:00,-75.47019,36.86856,0.0,303.5,130.0,ORION,IMO9825453,ORMB,90.0,36.86856,-75.47019,2025-01-01 17:53:41+00:00,91.0,0.0,0.0,False,False,False,True
205755000,2025-01-01 17:56:22+00:00,-75.47019,36.86856,0.0,299.1,130.0,ORION,IMO9825453,ORMB,90.0,36.86856,-75.47019,2025-01-01 17:55:12+00:00,70.0,0.0,0.0,False,False,False,True
205755000,2025-01-01 17:57:41+00:00,-75.47018,36.86856,0.0,224.0,130.0,ORION,IMO9825453,ORMB,90.0,36.86856,-75.47019,2025-01-01 17:56:22+00:00,79.0,0.8916465246539499,0.0219394706390295,False,False,False,True
205755000,2025-01-01 17:59:02+00:00,-75.47017,36.86855,0.0,164.5,130.0,ORION,IMO9825453,ORMB,90.0,36.86856,-75.47018,2025-01-01 17:57:41+00:00,81.0,1.423580941204429,0.0341631305771705,False,False,False,True
205755000,2025-01-01 18:00:11+00:00,-75.47017,36.86855,0.0,137.0,130.0,ORION,IMO9825453,ORMB,90.0,36.86855,-75.47017,2025-01-01 17:59:02+00:00,69.0,0.0,0.0,False,False,False,True
205755000,2025-01-01 18:01:12+00:00,-75.47018,36.86855,0.0,84.5,130.0,ORION,IMO9825453,ORMB,90.0,36.86855,-75.47017,2025-01-01 18:00:11+00:00,61.0,0.891646640863256,0.0284134164979611,False,False,False,True
205755000,2025-01-01 18:02:21+00:00,-75.47018,36.86855,0.0,119.3,130.0,ORION,IMO9825453,ORMB,90.0,36.86855,-75.47018,2025-01-01 18:01:12+00:00,69.0,0.0,0.0,False,False,False,True
205755000,2025-01-01 18:03:31+00:00,-75.47016,36.86854,0.0,236.2,130.0,ORION,IMO9825453,ORMB,90.0,36.86855,-75.47018,2025-01-01 18:02:21+00:00,70.0,2.1004010099881025,0.0583263357036467,False,False,False,True
205755000,2025-01-01 18:04:41+00:00,-75.47016,36.86854,0.0,131.8,130.0,ORION,IMO9825453,ORMB,90.0,36.86854,-75.47016,2025-01-01 18:03:31+00:00,70.0,0.0,0.0,False,False,False,True
205755000,2025-01-01 18:06:01+00:00,-75.47016,36.86854,0.0,130.1,130.0,ORION,IMO9825453,ORMB,90.0,36.86854,-75.47016,2025-01-01 18:04:41+00:00,80.0,0.0,0.0,False,False,False,True
205755000,2025-01-01 18:07:12+00:00,-75.47016,36.86854,0.1,242.2,130.0,ORION,IMO9825453,ORMB,90.0,36.86854,-75.47016,2025-01-01 18:06:01+00:00,71.0,0.0,0.0,False,False,False,True
205755000,2025-01-01 18:08:21+00:00,-75.47016,36.86854,0.0,314.8,130.0,ORION,IMO9825453,ORMB,90.0,36.86854,-75.47016,2025-01-01 18:07:12+00:00,69.0,0.0,0.0,False,False,False,True
205755000,2025-01-01 18:09:41+00:00,-75.47016,36.86854,0.0,288.9,130.0,ORION,IMO9825453,ORMB,90.0,36.86854,-75.47016,2025-01-01 18:08:21+00:00,80.0,0.0,0.0,False,False,False,True
205755000,2025-01-01 18:11:01+00:00,-75.47016,36.86853,0.0,316.2,130.0,ORION,IMO9825453,ORMB,90.0,36.86854,-75.47016,2025-01-01 18:09:41+00:00,80.0,1.109751800689142,0.0269647492531447,False,False,False,True
205755000,2025-01-01 18:12:11+00:00,-75.47016,36.86853,0.0,251.6,130.0,ORION,IMO9825453,ORMB,90.0,36.86853,-75.47016,2025-01-01 18:11:01+00:00,70.0,0.0,0.0,False,False,False,True
205755000,2025-01-01 18:13:41+00:00,-75.47016,36.86854,0.0,146.3,130.0,ORION,IMO9825453,ORMB,90.0,36.86853,-75.47016,2025-01-01 18:12:11+00:00,90.0,1.109751800689142,0.0239686660027953,False,False,False,True
205755000,2025-01-01 18:15:01+00:00,-75.47016,36.86854,0.1,339.4,130.0,ORION,IMO9825453,ORMB,90.0,36.86854,-75.47016,2025-01-01 18:13:41+00:00,80.0,0.0,0.0,False,False,False,True
205755000,2025-01-01 18:16:11+00:00,-75.47016,36.86853,0.0,142.2,130.0,ORION,IMO9825453,ORMB,90.0,36.86854,-75.47016,2025-01-01 18:15:01+00:00,70.0,1.109751800689142,0.0308168562893083,False,False,False,True
205755000,2025-01-01 18:17:22+00:00,-75.47017,36.86854,0.0,294.2,130.0,ORION,IMO9825453,ORMB,90.0,36.86853,-75.47016,2025-01-01 18:16:11+00:00,71.0,1.4235810833953908,0.0389748430020746,False,False,False,True
205755000,2025-01-01 18:18:41+00:00,-75.47017,36.86854,0.0,220.2,130.0,ORION,IMO9825453,ORMB,90.0,36.86854,-75.47017,2025-01-01 18:17:22+00:00,79.0,0.0,0.0,False,False,False,True
205755000,2025-01-01 18:20:02+00:00,-75.47017,36.86854,0.0,116.4,130.0,ORION,IMO9825453,ORMB,90.0,36.86854,-75.47017,2025-01-01 18:18:41+00:00,81.0,0.0,0.0,False,False,False,True
205755000,2025-01-01 18:21:31+00:00,-75.47017,36.86854,0.0,224.8,130.0,ORION,IMO9825453,ORMB,90.0,36.86854,-75.47017,2025-01-01 18:20:02+00:00,89.0,0.0,0.0,False,False,False,True
205755000,2025-01-01 18:22:32+00:00,-75.47017,36.86854,0.0,22.0,130.0,ORION,IMO9825453,ORMB,90.0,36.86854,-75.47017,2025-01-01 18:21:31+00:00,61.0,0.0,0.0,False,False,False,True
205755000,2025-01-01 18:23:42+00:00,-75.47017,36.86854,0.0,277.3,130.0,ORION,IMO9825453,ORMB,90.0,36.86854,-75.47017,2025-01-01 18:22:32+00:00,70.0,0.0,0.0,False,False,False,True
205755000,2025-01-01 18:25:01+00:00,-75.47017,36.86854,0.0,180.8,130.0,ORION,IMO9825453,ORMB,90.0,36.86854,-75.47017,2025-01-01 18:23:42+00:00,79.0,0.0,0.0,False,False,False,True
205755000,2025-01-01 18:26:11+00:00,-75.47017,36.86854,0.0,152.4,130.0,ORION,IMO9825453,ORMB,90.0,36.86854,-75.47017,2025-01-01 18:25:01+00:00,70.0,0.0,0.0,False,False,False,True
205755000,2025-01-01 18:27:22+00:00,-75.47017,36.86854,0.0,237.2,130.0,ORION,IMO9825453,ORMB,90.0,36.86854,-75.47017,2025-01-01 18:26:11+00:00,71.0,0.0,0.0,False,False,False,True
205755000,2025-01-01 18:28:41+00:00,-75.47017,36.86854,0.0,208.4,130.0,ORION,IMO9825453,ORMB,90.0,36.86854,-75.47017,2025-01-01 18:27:22+00:00,79.0,0.0,0.0,False,False,False,True
205755000,2025-01-01 18:30:01+00:00,-75.47017,36.86854,0.0,284.1,130.0,ORION,IMO9825453,ORMB,90.0,36.86854,-75.47017,2025-01-01 18:28:41+00:00,80.0,0.0,0.0,False,False,False,True
205755000,2025-01-01 18:31:12+00:00,-75.47017,36.86854,0.0,354.1,130.0,ORION,IMO9825453,ORMB,90.0,36.86854,-75.47017,2025-01-01 18:30:01+00:00,71.0,0.0,0.0,False,False,False,True
205755000,2025-01-01 18:32:22+00:00,-75.47017,36.86854,0.0,210.3,130.0,ORION,IMO9825453,ORMB,90.0,36.86854,-75.47017,2025-01-01 18:31:12+00:00,70.0,0.0,0.0,False,False,False,True
205755000,2025-01-01 18:33:32+00:00,-75.47017,36.86854,0.0,216.8,130.0,ORION,IMO9825453,ORMB,90.0,36.86854,-75.47017,2025-01-01 18:32:22+00:00,70.0,0.0,0.0,False,False,False,True
205755000,2025-01-01 18:34:42+00:00,-75.47019,36.86855,0.0,40.1,130.0,ORION,IMO9825453,ORMB,90.0,36.86854,-75.47017,2025-01-01 18:33:32+00:00,70.0,2.1004010096346093,0.0583263356938305,False,False,False,True
205755000,2025-01-01 18:36:00+00:00,-75.47019,36.86856,0.0,39.9,130.0,ORION,IMO9825453,ORMB,90.0,36.86855,-75.47019,2025-01-01 18:34:42+00:00,78.0,1.1097518040574097,0.0276561531640891,False,False,False,True
205755000,2025-01-01 18:37:11+00:00,-75.47018,36.86855,0.0,155.5,130.0,ORION,IMO9825453,ORMB,90.0,36.86856,-75.47019,2025-01-01 18:36:00+00:00,71.0,1.423580941204429,0.0389748391091664,False,False,False,True
205755000,2025-01-01 18:38:21+00:00,-75.47019,36.86855,0.0,243.6,130.0,ORION,IMO9825453,ORMB,90.0,36.86855,-75.47018,2025-01-01 18:37:11+00:00,70.0,0.891646640863256,0.0247602629482233,False,False,False,True
205755000,2025-01-01 18:39:32+00:00,-75.47018,36.86856,0.0,346.2,130.0,ORION,IMO9825453,ORMB,90.0,36.86855,-75.47019,2025-01-01 18:38:21+00:00,71.0,1.423580941204429,0.0389748391091664,False,False,False,True
205755000,2025-01-01 18:40:41+00:00,-75.47019,36.86855,0.0,301.2,130.0,ORION,IMO9825453,ORMB,90.0,36.86856,-75.47018,2025-01-01 18:39:32+00:00,69.0,1.423580941204429,0.0401045445905915,False,False,False,True
205755000,2025-01-01 18:42:01+00:00,-75.47019,36.86856,0.0,173.6,130.0,ORION,IMO9825453,ORMB,90.0,36.86855,-75.47019,2025-01-01 18:40:41+00:00,80.0,1.1097518040574097,0.0269647493349869,False,False,False,True
205755000,2025-01-01 18:43:11+00:00,-75.47019,36.86856,0.0,198.6,130.0,ORION,IMO9825453,ORMB,90.0,36.86856,-75.47019,2025-01-01 18:42:01+00:00,70.0,0.0,0.0,False,False,False,True
205755000,2025-01-01 18:44:21+00:00,-75.47019,36.86856,0.0,230.2,130.0,ORION,IMO9825453,ORMB,90.0,36.86856,-75.47019,2025-01-01 18:43:11+00:00,70.0,0.0,0.0,False,False,False,True
205755000,2025-01-01 18:45:41+00:00,-75.47019,36.86856,0.0,277.5,130.0,ORION,IMO9825453,ORMB,90.0,36.86856,-75.47019,2025-01-01 18:44:21+00:00,80.0,0.0,0.0,False,False,False,True
205755000,2025-01-01 18:47:02+00:00,-75.47018,36.86855,0.0,120.8,130.0,ORION,IMO9825453,ORMB,90.0,36.86856,-75.47019,2025-01-01 18:45:41+00:00,81.0,1.423580941204429,0.0341631305771705,False,False,False,True
205755000,2025-01-01 18:48:11+00:00,-75.47018,36.86855,0.1,22.0,130.0,ORION,IMO9825453,ORMB,90.0,36.86855,-75.47018,2025-01-01 18:47:02+00:00,69.0,0.0,0.0,False,False,False,True
205755000,2025-01-01 18:49:21+00:00,-75.47019,36.86856,0.0,298.6,130.0,ORION,IMO9825453,ORMB,90.0,36.86855,-75.47018,2025-01-01 18:48:11+00:00,70.0,1.423580941204429,0.0395316225250116,False,False,False,True
205755000,2025-01-01 18:50:31+00:00,-75.47018,36.86856,0.0,62.0,130.0,ORION,IMO9825453,ORMB,90.0,36.86856,-75.47019,2025-01-01 18:49:21+00:00,70.0,0.8916465246539499,0.0247602597211904,False,False,False,True
205755000,2025-01-01 18:51:32+00:00,-75.47019,36.86856,0.0,285.9,130.0,ORION,IMO9825453,ORMB,90.0,36.86856,-75.47018,2025-01-01 18:50:31+00:00,61.0,0.8916465246539499,0.0284134127948087,False,False,False,True
205755000,2025-01-01 18:52:41+00:00,-75.47019,36.86856,0.0,242.1,130.0,ORION,IMO9825453,ORMB,90.0,36.86856,-75.47019,2025-01-01 18:51:32+00:00,69.0,0.0,0.0,False,False,False,True
205755000,2025-01-01 18:54:02+00:00,-75.47019,36.86856,0.0,75.6,130.0,ORION,IMO9825453,ORMB,90.0,36.86856,-75.47019,2025-01-01 18:52:41+00:00,81.0,0.0,0.0,False,False,False,True
205755000,2025-01-01 18:55:10+00:00,-75.47019,36.86856,0.0,273.9,130.0,ORION,IMO9825453,ORMB,90.0,36.86856,-75.47019,2025-01-01 18:54:02+00:00,68.0,0.0,0.0,False,False,False,True
205755000,2025-01-01 18:56:21+00:00,-75.47019,36.86856,0.0,355.4,130.0,ORION,IMO9825453,ORMB,90.0,36.86856,-75.47019,2025-01-01 18:55:10+00:00,71.0,0.0,0.0,False,False,False,True
205755000,2025-01-01 18:57:32+00:00,-75.47019,36.86856,0.1,243.2,130.0,ORION,IMO9825453,ORMB,90.0,36.86856,-75.47019,2025-01-01 18:56:21+00:00,71.0,0.0,0.0,False,False,False,True
205755000,2025-01-01 18:58:42+00:00,-75.4702,36.86856,0.0,221.4,130.0,ORION,IMO9825453,ORMB,90.0,36.86856,-75.47019,2025-01-01 18:57:32+00:00,70.0,0.8916465246539499,0.0247602597211904,False,False,False,True
205755000,2025-01-01 19:00:01+00:00,-75.4702,36.86856,0.0,298.7,130.0,ORION,IMO9825453,ORMB,90.0,36.86856,-75.4702,2025-01-01 18:58:42+00:00,79.0,0.0,0.0,False,False,False,True
205755000,2025-01-01 19:01:11+00:00,-75.47021,36.86857,0.0,286.6,130.0,ORION,IMO9825453,ORMB,90.0,36.86856,-75.4702,2025-01-01 19:00:01+00:00,70.0,1.4235808685185185,0.0395316205065862,False,False,False,True
205755000,2025-01-01 19:02:12+00:00,-75.47021,36.86857,0.0,307.0,130.0,ORION,IMO9825453,ORMB,90.0,36.86857,-75.47021,2025-01-01 19:01:11+00:00,61.0,0.0,0.0,False,False,False,True
205755000,2025-01-01 19:03:31+00:00,-75.47021,36.86858,0.0,118.9,130.0,ORION,IMO9825453,ORMB,90.0,36.86857,-75.47021,2025-01-01 19:02:12+00:00,79.0,1.1097518077784512,0.0273060753674944,False,False,False,True
205755000,2025-01-01 19:04:41+00:00,-75.47021,36.86858,0.0,315.7,130.0,ORION,IMO9825453,ORMB,90.0,36.86858,-75.47021,2025-01-01 19:03:31+00:00,70.0,0.0,0.0,False,False,False,True
205755000,2025-01-01 19:06:12+00:00,-75.47021,36.86858,0.1,203.0,130.0,ORION,IMO9825453,ORMB,90.0,36.86858,-75.47021,2025-01-01 19:04:41+00:00,91.0,0.0,0.0,False,False,False,True
205755000,2025-01-01 19:07:21+00:00,-75.47021,36.86858,0.0,51.5,130.0,ORION,IMO9825453,ORMB,90.0,36.86858,-75.47021,2025-01-01 19:06:12+00:00,69.0,0.0,0.0,False,False,False,True
205755000,2025-01-01 19:08:41+00:00,-75.47022,36.86858,0.0,43.0,130.0,ORION,IMO9825453,ORMB,90.0,36.86858,-75.47021,2025-01-01 19:07:21+00:00,80.0,0.891646292235256,0.0216652216087322,False,False,False,True
205755000,2025-01-01 19:10:01+00:00,-75.47021,36.86858,0.0,59.8,130.0,ORION,IMO9825453,ORMB,90.0,36.86858,-75.47022,2025-01-01 19:08:41+00:00,80.0,0.891646292235256,0.0216652216087322,False,False,False,True
205755000,2025-01-01 19:11:12+00:00,-75.47021,36.86858,0.0,344.9,130.0,ORION,IMO9825453,ORMB,90.0,36.86858,-75.47021,2025-01-01 19:10:01+00:00,71.0,0.0,0.0,False,False,False,True
205755000,2025-01-01 19:12:22+00:00,-75.47022,36.86858,0.0,249.1,130.0,ORION,IMO9825453,ORMB,90.0,36.86858,-75.47021,2025-01-01 19:11:12+00:00,70.0,0.891646292235256,0.0247602532671225,False,False,False,True
205755000,2025-01-01 19:13:41+00:00,-75.47021,36.86859,0.1,82.8,130.0,ORION,IMO9825453,ORMB,90.0,36.86858,-75.47022,2025-01-01 19:12:22+00:00,79.0,1.4235807273865868,0.0350280146977613,False,False,False,True
205755000,2025-01-01 19:15:01+00:00,-75.47021,36.86858,0.0,80.5,130.0,ORION,IMO9825453,ORMB,90.0,36.86859,-75.47021,2025-01-01 19:13:41+00:00,80.0,1.1097518098170849,0.0269647494749355,False,False,False,True
205755000,2025-01-01 19:16:11+00:00,-75.47022,36.86859,0.0,339.0,130.0,ORION,IMO9825453,ORMB,90.0,36.86858,-75.47021,2025-01-01 19:15:01+00:00,70.0,1.4235807273865868,0.0395316165874734,False,False,False,True
205755000,2025-01-01 19:17:22+00:00,-75.47021,36.86859,0.0,173.6,130.0,ORION,IMO9825453,ORMB,90.0,36.86859,-75.47022,2025-01-01 19:16:11+00:00,71.0,0.8916461760258675,0.0244115141240298,False,False,False,True
205755000,2025-01-01 19:18:32+00:00,-75.47022,36.86859,0.0,280.4,130.0,ORION,IMO9825453,ORMB,90.0,36.86859,-75.47021,2025-01-01 19:17:22+00:00,70.0,0.8916461760258675,0.0247602500400874,False,False,False,True
205755000,2025-01-01 19:19:41+00:00,-75.47022,36.86859,0.0,93.2,130.0,ORION,IMO9825453,ORMB,90.0,36.86859,-75.47022,2025-01-01 19:18:32+00:00,69.0,0.0,0.0,False,False,False,True
205755000,2025-01-01 19:21:02+00:00,-75.47022,36.86859,0.0,281.6,130.0,ORION,IMO9825453,ORMB,90.0,36.86859,-75.47022,2025-01-01 19:19:41+00:00,81.0,0.0,0.0,False,False,False,True
205755000,2025-01-01 19:22:11+00:00,-75.47022,36.86859,0.0,188.2,130.0,ORION,IMO9825453,ORMB,90.0,36.86859,-75.47022,2025-01-01 19:21:02+00:00,69.0,0.0,0.0,False,False,False,True
205755000,2025-01-01 19:23:21+00:00,-75.47022,36.86859,0.0,89.2,130.0,ORION,IMO9825453,ORMB,90.0,36.86859,-75.47022,2025-01-01 19:22:11+00:00,70.0,0.0,0.0,False,False,False,True
205755000,2025-01-01 19:24:32+00:00,-75.47022,36.86859,0.0,209.5,130.0,ORION,IMO9825453,ORMB,90.0,36.86859,-75.47022,2025-01-01 19:23:21+00:00,71.0,0.0,0.0,False,False,False,True
205755000,2025-01-01 19:26:02+00:00,-75.47022,36.86859,0.0,317.6,130.0,ORION,IMO9825453,ORMB,90.0,36.86859,-75.47022,2025-01-01 19:24:32+00:00,90.0,0.0,0.0,False,False,False,True
205755000,2025-01-01 19:27:11+00:00,-75.47022,36.86859,0.0,297.8,130.0,ORION,IMO9825453,ORMB,90.0,36.86859,-75.47022,2025-01-01 19:26:02+00:00,69.0,0.0,0.0,False,False,False,True
205755000,2025-01-01 19:28:22+00:00,-75.47022,36.86859,0.0,296.4,130.0,ORION,IMO9825453,ORMB,90.0,36.86859,-75.47022,2025-01-01 19:27:11+00:00,71.0,0.0,0.0,False,False,False,True
205755000,2025-01-01 19:29:32+00:00,-75.47022,36.86859,0.0,278.6,130.0,ORION,IMO9825453,ORMB,90.0,36.86859,-75.47022,2025-01-01 19:28:22+00:00,70.0,0.0,0.0,False,False,False,True
205755000,2025-01-01 19:30:42+00:00,-75.47022,36.86859,0.0,300.1,130.0,ORION,IMO9825453,ORMB,90.0,36.86859,-75.47022,2025-01-01 19:29:32+00:00,70.0,0.0,0.0,False,False,False,True
205755000,2025-01-01 19:32:11+00:00,-75.47022,36.86859,0.0,300.7,130.0,ORION,IMO9825453,ORMB,90.0,36.86859,-75.47022,2025-01-01 19:30:42+00:00,89.0,0.0,0.0,False,False,False,True
205755000,2025-01-01 19:33:22+00:00,-75.47022,36.86859,0.0,320.3,130.0,ORION,IMO9825453,ORMB,90.0,36.86859,-75.47022,2025-01-01 19:32:11+00:00,71.0,0.0,0.0,False,False,False,True
205755000,2025-01-01 19:34:31+00:00,-75.47022,36.8686,0.0,321.1,130.0,ORION,IMO9825453,ORMB,90.0,36.86859,-75.47022,2025-01-01 19:33:22+00:00,69.0,1.1097518111467188,0.031263477689557,False,False,False,True
205755000,2025-01-01 19:35:41+00:00,-75.47022,36.86859,0.0,0.5,130.0,ORION,IMO9825453,ORMB,90.0,36.8686,-75.47022,2025-01-01 19:34:31+00:00,70.0,1.1097518111467188,0.0308168565797062,False,False,False,True
205755000,2025-01-01 19:37:11+00:00,-75.47022,36.86859,0.0,310.5,130.0,ORION,IMO9825453,ORMB,90.0,36.86859,-75.47022,2025-01-01 19:35:41+00:00,90.0,0.0,0.0,False,False,False,True
205755000,2025-01-01 19:38:21+00:00,-75.47022,36.86859,0.0,257.3,130.0,ORION,IMO9825453,ORMB,90.0,36.86859,-75.47022,2025-01-01 19:37:11+00:00,70.0,0.0,0.0,False,False,False,True
205755000,2025-01-01 19:39:31+00:00,-75.47022,36.86859,0.0,164.0,130.0,ORION,IMO9825453,ORMB,90.0,36.86859,-75.47022,2025-01-01 19:38:21+00:00,70.0,0.0,0.0,False,False,False,True
205755000,2025-01-01 19:40:41+00:00,-75.47022,36.86859,0.0,301.2,130.0,ORION,IMO9825453,ORMB,90.0,36.86859,-75.47022,2025-01-01 19:39:31+00:00,70.0,0.0,0.0,False,False,False,True
205755000,2025-01-01 19:42:02+00:00,-75.47022,36.86859,0.0,242.1,130.0,ORION,IMO9825453,ORMB,90.0,36.86859,-75.47022,2025-01-01 19:40:41+00:00,81.0,0.0,0.0,False,False,False,True
205755000,2025-01-01 19:43:12+00:00,-75.47022,36.86859,0.0,288.4,130.0,ORION,IMO9825453,ORMB,90.0,36.86859,-75.47022,2025-01-01 19:42:02+00:00,70.0,0.0,0.0,False,False,False,True
205755000,2025-01-01 19:44:21+00:00,-75.47022,36.86859,0.0,327.4,130.0,ORION,IMO9825453,ORMB,90.0,36.86859,-75.47022,2025-01-01 19:43:12+00:00,69.0,0.0,0.0,False,False,False,True
205755000,2025-01-01 19:45:31+00:00,-75.47021,36.86859,0.0,219.3,130.0,ORION,IMO9825453,ORMB,90.0,36.86859,-75.47022,2025-01-01 19:44:21+00:00,70.0,0.8916461760258675,0.0247602500400874,False,False,False,True
205755000,2025-01-01 19:46:32+00:00,-75.47022,36.86859,0.0,260.3,130.0,ORION,IMO9825453,ORMB,90.0,36.86859,-75.47021,2025-01-01 19:45:31+00:00,61.0,0.8916461760258675,0.0284134016853462,False,False,False,True
205755000,2025-01-01 19:47:41+00:00,-75.47021,36.8686,0.0,67.5,130.0,ORION,IMO9825453,ORMB,90.0,36.86859,-75.47022,2025-01-01 19:46:32+00:00,69.0,1.4235806547014749,0.0401045365193465,False,False,False,True
205755000,2025-01-01 19:49:02+00:00,-75.47022,36.8686,0.0,343.0,130.0,ORION,IMO9825453,ORMB,90.0,36.8686,-75.47021,2025-01-01 19:47:41+00:00,81.0,0.8916460598164527,0.0213977441594273,False,False,False,True
205755000,2025-01-01 19:50:10+00:00,-75.47022,36.8686,0.0,276.8,130.0,ORION,IMO9825453,ORMB,90.0,36.8686,-75.47022,2025-01-01 19:49:02+00:00,68.0,0.0,0.0,False,False,False,True
205755000,2025-01-01 19:51:32+00:00,-75.47022,36.8686,0.0,310.6,130.0,ORION,IMO9825453,ORMB,90.0,36.8686,-75.47022,2025-01-01 19:50:10+00:00,82.0,0.0,0.0,False,False,False,True
205755000,2025-01-01 19:52:41+00:00,-75.47021,36.8686,0.0,68.3,130.0,ORION,IMO9825453,ORMB,90.0,36.8686,-75.47022,2025-01-01 19:51:32+00:00,69.0,0.8916460598164527,0.0251190909697625,False,False,False,True
205755000,2025-01-01 19:54:02+00:00,-75.47021,36.8686,0.0,180.0,130.0,ORION,IMO9825453,ORMB,90.0,36.8686,-75.47021,2025-01-01 19:52:41+00:00,81.0,0.0,0.0,False,False,False,True
205755000,2025-01-01 19:55:11+00:00,-75.47021,36.8686,0.0,96.9,130.0,ORION,IMO9825453,ORMB,90.0,36.8686,-75.47021,2025-01-01 19:54:02+00:00,69.0,0.0,0.0,False,False,False,True
205755000,2025-01-01 19:56:22+00:00,-75.47021,36.8686,0.0,2.9,130.0,ORION,IMO9825453,ORMB,90.0,36.8686,-75.47021,2025-01-01 19:55:11+00:00,71.0,0.0,0.0,False,False,False,True
205755000,2025-01-01 19:57:31+00:00,-75.47021,36.86859,0.0,282.9,130.0,ORION,IMO9825453,ORMB,90.0,36.8686,-75.47021,2025-01-01 19:56:22+00:00,69.0,1.1097518111467188,0.031263477689557,False,False,False,True
205755000,2025-01-01 19:58:41+00:00,-75.47021,36.8686,0.0,327.4,130.0,ORION,IMO9825453,ORMB,90.0,36.86859,-75.47021,2025-01-01 19:57:31+00:00,70.0,1.1097518111467188,0.0308168565797062,False,False,False,True
205755000,2025-01-01 20:00:01+00:00,-75.47021,36.8686,0.0,322.5,130.0,ORION,IMO9825453,ORMB,90.0,36.8686,-75.47021,2025-01-01 19:58:41+00:00,80.0,0.0,0.0,False,False,False,True
205755000,2025-01-01 20:01:11+00:00,-75.47021,36.8686,0.0,320.5,130.0,ORION,IMO9825453,ORMB,90.0,36.8686,-75.47021,2025-01-01 20:00:01+00:00,70.0,0.0,0.0,False,False,False,True
205755000,2025-01-01 20:02:31+00:00,-75.47021,36.8686,0.0,340.6,130.0,ORION,IMO9825453,ORMB,90.0,36.8686,-75.47021,2025-01-01 20:01:11+00:00,80.0,0.0,0.0,False,False,False,True
205755000,2025-01-01 20:03:41+00:00,-75.47021,36.8686,0.0,304.6,130.0,ORION,IMO9825453,ORMB,90.0,36.8686,-75.47021,2025-01-01 20:02:31+00:00,70.0,0.0,0.0,False,False,False,True
205755000,2025-01-01 20:05:12+00:00,-75.47021,36.86859,0.0,118.7,130.0,ORION,IMO9825453,ORMB,90.0,36.8686,-75.47021,2025-01-01 20:03:41+00:00,91.0,1.1097518111467188,0.0237052742920817,False,False,False,True
205755000,2025-01-01 20:06:21+00:00,-75.4702,36.8686,0.1,335.7,130.0,ORION,IMO9825453,ORMB,90.0,36.86859,-75.47021,2025-01-01 20:05:12+00:00,69.0,1.4235806539951934,0.0401045364994495,False,False,False,True
205755000,2025-01-01 20:07:31+00:00,-75.47021,36.86859,0.0,232.4,130.0,ORION,IMO9825453,ORMB,90.0,36.8686,-75.4702,2025-01-01 20:06:21+00:00,70.0,1.4235806539951934,0.0395316145494573,False,False,False,True
205755000,2025-01-01 20:08:40+00:00,-75.4702,36.86859,0.0,169.2,130.0,ORION,IMO9825453,ORMB,90.0,36.86859,-75.47021,2025-01-01 20:07:31+00:00,69.0,0.8916461747587622,0.0251190942078706,False,False,False,True
205755000,2025-01-01 20:09:41+00:00,-75.4702,36.86859,0.0,115.7,130.0,ORION,IMO9825453,ORMB,90.0,36.86859,-75.4702,2025-01-01 20:08:40+00:00,61.0,0.0,0.0,False,False,False,True
205755000,2025-01-01 20:11:02+00:00,-75.4702,36.86859,0.0,305.5,130.0,ORION,IMO9825453,ORMB,90.0,36.86859,-75.4702,2025-01-01 20:09:41+00:00,81.0,0.0,0.0,False,False,False,True
205755000,2025-01-01 20:12:11+00:00,-75.4702,36.86859,0.0,290.8,130.0,ORION,IMO9825453,ORMB,90.0,36.86859,-75.4702,2025-01-01 20:11:02+00:00,69.0,0.0,0.0,False,False,False,True
205755000,2025-01-01 20:13:32+00:00,-75.4702,36.86859,0.0,260.4,130.0,ORION,IMO9825453,ORMB,90.0,36.86859,-75.4702,2025-01-01 20:12:11+00:00,81.0,0.0,0.0,False,False,False,True
205755000,2025-01-01 20:14:42+00:00,-75.4702,36.86859,0.0,130.1,130.0,ORION,IMO9825453,ORMB,90.0,36.86859,-75.4702,2025-01-01 20:13:32+00:00,70.0,0.0,0.0,False,False,False,True
205755000,2025-01-01 20:16:01+00:00,-75.4702,36.86859,0.0,50.1,130.0,ORION,IMO9825453,ORMB,90.0,36.86859,-75.4702,2025-01-01 20:14:42+00:00,79.0,0.0,0.0,False,False,False,True
205755000,2025-01-01 20:17:12+00:00,-75.4702,36.86859,0.0,272.2,130.0,ORION,IMO9825453,ORMB,90.0,36.86859,-75.4702,2025-01-01 20:16:01+00:00,71.0,0.0,0.0,False,False,False,True
205755000,2025-01-01 20:18:21+00:00,-75.4702,36.86859,0.0,313.0,130.0,ORION,IMO9825453,ORMB,90.0,36.86859,-75.4702,2025-01-01 20:17:12+00:00,69.0,0.0,0.0,False,False,False,True
205755000,2025-01-01 20:19:31+00:00,-75.4702,36.86859,0.0,236.6,130.0,ORION,IMO9825453,ORMB,90.0,36.86859,-75.4702,2025-01-01 20:18:21+00:00,70.0,0.0,0.0,False,False,False,True
205755000,2025-01-01 20:20:41+00:00,-75.4702,36.86859,0.0,303.7,130.0,ORION,IMO9825453,ORMB,90.0,36.86859,-75.4702,2025-01-01 20:19:31+00:00,70.0,0.0,0.0,False,False,False,True
205755000,2025-01-01 20:22:01+00:00,-75.4702,36.86859,0.0,317.1,130.0,ORION,IMO9825453,ORMB,90.0,36.86859,-75.4702,2025-01-01 20:20:41+00:00,80.0,0.0,0.0,False,False,False,True
205755000,2025-01-01 20:23:31+00:00,-75.4702,36.86859,0.0,293.4,130.0,ORION,IMO9825453,ORMB,90.0,36.86859,-75.4702,2025-01-01 20:22:01+00:00,90.0,0.0,0.0,False,False,False,True
205755000,2025-01-01 20:24:42+00:00,-75.4702,36.86859,0.0,268.1,130.0,ORION,IMO9825453,ORMB,90.0,36.86859,-75.4702,2025-01-01 20:23:31+00:00,71.0,0.0,0.0,False,False,False,True
205755000,2025-01-01 20:26:01+00:00,-75.4702,36.86858,0.0,220.4,130.0,ORION,IMO9825453,ORMB,90.0,36.86859,-75.4702,2025-01-01 20:24:42+00:00,79.0,1.1097518098170849,0.0273060754176562,False,False,False,True
205755000,2025-01-01 20:27:21+00:00,-75.4702,36.86859,0.0,304.0,130.0,ORION,IMO9825453,ORMB,90.0,36.86858,-75.4702,2025-01-01 20:26:01+00:00,80.0,1.1097518098170849,0.0269647494749355,False,False,False,True
205755000,2025-01-01 20:28:31+00:00,-75.4702,36.86858,0.0,241.2,130.0,ORION,IMO9825453,ORMB,90.0,36.86859,-75.4702,2025-01-01 20:27:21+00:00,70.0,1.1097518098170849,0.0308168565427834,False,False,False,True
205755000,2025-01-01 20:29:42+00:00,-75.4702,36.86858,0.0,189.1,130.0,ORION,IMO9825453,ORMB,90.0,36.86858,-75.4702,2025-01-01 20:28:31+00:00,71.0,0.0,0.0,False,False,False,True
205755000,2025-01-01 20:31:02+00:00,-75.47019,36.86858,0.0,109.9,130.0,ORION,IMO9825453,ORMB,90.0,36.86858,-75.4702,2025-01-01 20:29:42+00:00,80.0,0.891646292235256,0.0216652216087322,False,False,False,True
205755000,2025-01-01 20:32:11+00:00,-75.4702,36.86858,0.0,294.2,130.0,ORION,IMO9825453,ORMB,90.0,36.86858,-75.47019,2025-01-01 20:31:02+00:00,69.0,0.891646292235256,0.0251190975173707,False,False,False,True
205755000,2025-01-01 20:33:22+00:00,-75.4702,36.86858,0.1,339.1,130.0,ORION,IMO9825453,ORMB,90.0,36.86858,-75.4702,2025-01-01 20:32:11+00:00,71.0,0.0,0.0,False,False,False,True
205755000,2025-01-01 20:34:31+00:00,-75.4702,36.86858,0.0,344.2,130.0,ORION,IMO9825453,ORMB,90.0,36.86858,-75.4702,2025-01-01 20:33:22+00:00,69.0,0.0,0.0,False,False,False,True
205755000,2025-01-01 20:35:42+00:00,-75.47019,36.86858,0.1,124.0,130.0,ORION,IMO9825453,ORMB,90.0,36.86858,-75.4702,2025-01-01 20:34:31+00:00,71.0,0.891646292235256,0.0244115173056138,False,False,False,True
205755000,2025-01-01 20:37:01+00:00,-75.47019,36.86858,0.1,244.8,130.0,ORION,IMO9825453,ORMB,90.0,36.86858,-75.47019,2025-01-01 20:35:42+00:00,79.0,0.0,0.0,False,False,False,True
205755000,2025-01-01 20:38:12+00:00,-75.47019,36.86858,0.0,291.0,130.0,ORION,IMO9825453,ORMB,90.0,36.86858,-75.47019,2025-01-01 20:37:01+00:00,71.0,0.0,0.0,False,False,False,True
205755000,2025-01-01 20:39:21+00:00,-75.47019,36.86858,0.0,201.3,130.0,ORION,IMO9825453,ORMB,90.0,36.86858,-75.47019,2025-01-01 20:38:12+00:00,69.0,0.0,0.0,False,False,False,True
205755000,2025-01-01 20:40:31+00:00,-75.47019,36.86858,0.0,22.2,130.0,ORION,IMO9825453,ORMB,90.0,36.86858,-75.47019,2025-01-01 20:39:21+00:00,70.0,0.0,0.0,False,False,False,True
205755000,2025-01-01 20:41:41+00:00,-75.47019,36.86858,0.0,282.3,130.0,ORION,IMO9825453,ORMB,90.0,36.86858,-75.47019,2025-01-01 20:40:31+00:00,70.0,0.0,0.0,False,False,False,True
205755000,2025-01-01 20:42:42+00:00,-75.47019,36.86858,0.0,321.5,130.0,ORION,IMO9825453,ORMB,90.0,36.86858,-75.47019,2025-01-01 20:41:41+00:00,61.0,0.0,0.0,False,False,False,True
205755000,2025-01-01 20:44:01+00:00,-75.47019,36.86858,0.1,225.8,130.0,ORION,IMO9825453,ORMB,90.0,36.86858,-75.47019,2025-01-01 20:42:42+00:00,79.0,0.0,0.0,False,False,False,True
205755000,2025-01-01 20:45:10+00:00,-75.47019,36.86858,0.0,219.9,130.0,ORION,IMO9825453,ORMB,90.0,36.86858,-75.47019,2025-01-01 20:44:01+00:00,69.0,0.0,0.0,False,False,False,True
205755000,2025-01-01 20:46:21+00:00,-75.47018,36.86858,0.0,152.7,130.0,ORION,IMO9825453,ORMB,90.0,36.86858,-75.47019,2025-01-01 20:45:10+00:00,71.0,0.891646292235256,0.0244115173056138,False,False,False,True
205755000,2025-01-01 20:47:31+00:00,-75.47018,36.86858,0.1,112.8,130.0,ORION,IMO9825453,ORMB,90.0,36.86858,-75.47018,2025-01-01 20:46:21+00:00,70.0,0.0,0.0,False,False,False,True
205755000,2025-01-01 20:48:42+00:00,-75.47018,36.86858,0.0,121.4,130.0,ORION,IMO9825453,ORMB,90.0,36.86858,-75.47018,2025-01-01 20:47:31+00:00,71.0,0.0,0.0,False,False,False,True
205755000,2025-01-01 20:50:02+00:00,-75.47018,36.86858,0.0,274.7,130.0,ORION,IMO9825453,ORMB,90.0,36.86858,-75.47018,2025-01-01 20:48:42+00:00,80.0,0.0,0.0,False,False,False,True
205755000,2025-01-01 20:51:12+00:00,-75.47018,36.86858,0.0,19.1,130.0,ORION,IMO9825453,ORMB,90.0,36.86858,-75.47018,2025-01-01 20:50:02+00:00,70.0,0.0,0.0,False,False,False,True
205755000,2025-01-01 20:52:22+00:00,-75.47018,36.86857,0.0,347.2,130.0,ORION,IMO9825453,ORMB,90.0,36.86858,-75.47018,2025-01-01 20:51:12+00:00,70.0,1.1097518077784512,0.0308168564861723,False,False,False,True
205755000,2025-01-01 20:53:31+00:00,-75.47018,36.86857,0.0,73.6,130.0,ORION,IMO9825453,ORMB,90.0,36.86857,-75.47018,2025-01-01 20:52:22+00:00,69.0,0.0,0.0,False,False,False,True
205755000,2025-01-01 20:55:02+00:00,-75.47018,36.86857,0.0,76.3,130.0,ORION,IMO9825453,ORMB,90.0,36.86857,-75.47018,2025-01-01 20:53:31+00:00,91.0,0.0,0.0,False,False,False,True
205755000,2025-01-01 20:56:11+00:00,-75.47018,36.86857,0.0,76.9,130.0,ORION,IMO9825453,ORMB,90.0,36.86857,-75.47018,2025-01-01 20:55:02+00:00,69.0,0.0,0.0,False,False,False,True
205755000,2025-01-01 20:57:22+00:00,-75.47018,36.86857,0.1,197.0,130.0,ORION,IMO9825453,ORMB,90.0,36.86857,-75.47018,2025-01-01 20:56:11+00:00,71.0,0.0,0.0,False,False,False,True
205755000,2025-01-01 20:58:31+00:00,-75.47018,36.86856,0.0,198.0,130.0,ORION,IMO9825453,ORMB,90.0,36.86857,-75.47018,2025-01-01 20:57:22+00:00,69.0,1.1097518057405078,0.0312634775372554,False,False,False,True
205755000,2025-01-01 20:59:41+00:00,-75.47017,36.86856,0.1,10.4,130.0,ORION,IMO9825453,ORMB,90.0,36.86856,-75.47018,2025-01-01 20:58:31+00:00,70.0,0.8916465246539499,0.0247602597211904,False,False,False,True
205755000,2025-01-01 21:00:02+00:00,-75.47017,36.86856,0.0,265.3,130.0,ORION,IMO9825453,ORMB,90.0,36.86856,-75.47017,2025-01-01 20:59:41+00:00,21.0,0.0,0.0,False,False,False,True
205755000,2025-01-01 21:01:11+00:00,-75.47017,36.86856,0.0,344.8,130.0,ORION,IMO9825453,ORMB,90.0,36.86856,-75.47017,2025-01-01 21:00:02+00:00,69.0,0.0,0.0,False,False,False,True
205755000,2025-01-01 21:02:21+00:00,-75.47017,36.86856,0.0,231.5,130.0,ORION,IMO9825453,ORMB,90.0,36.86856,-75.47017,2025-01-01 21:01:11+00:00,70.0,0.0,0.0,False,False,False,True
205755000,2025-01-01 21:03:32+00:00,-75.47017,36.86856,0.0,242.2,130.0,ORION,IMO9825453,ORMB,90.0,36.86856,-75.47017,2025-01-01 21:02:21+00:00,71.0,0.0,0.0,False,False,False,True
205755000,2025-01-01 21:04:42+00:00,-75.47017,36.86856,0.0,130.2,130.0,ORION,IMO9825453,ORMB,90.0,36.86856,-75.47017,2025-01-01 21:03:32+00:00,70.0,0.0,0.0,False,False,False,True
205755000,2025-01-01 21:06:02+00:00,-75.47017,36.86856,0.0,284.3,130.0,ORION,IMO9825453,ORMB,90.0,36.86856,-75.47017,2025-01-01 21:04:42+00:00,80.0,0.0,0.0,False,False,False,True
205755000,2025-01-01 21:07:11+00:00,-75.47017,36.86856,0.0,49.9,130.0,ORION,IMO9825453,ORMB,90.0,36.86856,-75.47017,2025-01-01 21:06:02+00:00,69.0,0.0,0.0,False,False,False,True
205755000,2025-01-01 21:08:21+00:00,-75.47017,36.86856,0.0,283.8,130.0,ORION,IMO9825453,ORMB,90.0,36.86856,-75.47017,2025-01-01 21:07:11+00:00,70.0,0.0,0.0,False,False,False,True
205755000,2025-01-01 21:09:22+00:00,-75.47017,36.86856,0.0,11.9,130.0,ORION,IMO9825453,ORMB,90.0,36.86856,-75.47017,2025-01-01 21:08:21+00:00,61.0,0.0,0.0,False,False,False,True
205755000,2025-01-01 21:10:32+00:00,-75.47017,36.86856,0.0,161.6,130.0,ORION,IMO9825453,ORMB,90.0,36.86856,-75.47017,2025-01-01 21:09:22+00:00,70.0,0.0,0.0,False,False,False,True
205755000,2025-01-01 21:11:42+00:00,-75.47017,36.86856,0.0,49.2,130.0,ORION,IMO9825453,ORMB,90.0,36.86856,-75.47017,2025-01-01 21:10:32+00:00,70.0,0.0,0.0,False,False,False,True
205755000,2025-01-01 21:13:01+00:00,-75.47017,36.86855,0.0,115.2,130.0,ORION,IMO9825453,ORMB,90.0,36.86856,-75.47017,2025-01-01 21:11:42+00:00,79.0,1.1097518040574097,0.0273060752759361,False,False,False,True
205755000,2025-01-01 21:14:10+00:00,-75.47016,36.86854,0.1,138.5,130.0,ORION,IMO9825453,ORMB,90.0,36.86855,-75.47017,2025-01-01 21:13:01+00:00,69.0,1.4235810103548934,0.0401045465386703,False,False,False,True
205755000,2025-01-01 21:15:22+00:00,-75.47014,36.86853,0.1,122.1,130.0,ORION,IMO9825453,ORMB,90.0,36.86854,-75.47016,2025-01-01 21:14:10+00:00,72.0,2.1004012080667764,0.0567061650595628,False,False,False,True
205755000,2025-01-01 21:16:32+00:00,-75.47011,36.86851,0.1,127.0,130.0,ORION,IMO9825453,ORMB,90.0,36.86853,-75.47014,2025-01-01 21:15:22+00:00,70.0,3.4758459956111003,0.0965212640015525,False,False,False,True
205755000,2025-01-01 21:18:02+00:00,-75.47008,36.86849,0.1,119.6,130.0,ORION,IMO9825453,ORMB,90.0,36.86851,-75.47011,2025-01-01 21:16:32+00:00,90.0,3.4758465290679443,0.0750721057451492,False,False,False,True
205755000,2025-01-01 21:19:12+00:00,-75.47006,36.86847,0.1,146.7,130.0,ORION,IMO9825453,ORMB,90.0,36.86849,-75.47008,2025-01-01 21:18:02+00:00,70.0,2.847162949723172,0.079063274688427,False,False,False,True
205755000,2025-01-01 21:20:31+00:00,-75.47002,36.86845,0.1,120.6,130.0,ORION,IMO9825453,ORMB,90.0,36.86847,-75.47006,2025-01-01 21:19:12+00:00,79.0,4.200805358693654,0.1033632087144692,False,False,False,True
205755000,2025-01-01 21:21:41+00:00,-75.47002,36.86845,0.1,47.3,130.0,ORION,IMO9825453,ORMB,90.0,36.86845,-75.47002,2025-01-01 21:20:31+00:00,70.0,0.0,0.0,False,False,False,True
205755000,2025-01-01 21:23:11+00:00,-75.47003,36.86845,0.0,305.5,130.0,ORION,IMO9825453,ORMB,90.0,36.86845,-75.47002,2025-01-01 21:21:41+00:00,90.0,0.8916478016877107,0.0192580073648071,False,False,False,True
205755000,2025-01-01 21:24:21+00:00,-75.47003,36.86843,0.0,59.5,130.0,ORION,IMO9825453,ORMB,90.0,36.86845,-75.47003,2025-01-01 21:23:11+00:00,70.0,2.2195035658558333,0.0616337115921886,False,False,False,True
205755000,2025-01-01 21:25:31+00:00,-75.47002,36.86843,0.0,40.2,130.0,ORION,IMO9825453,ORMB,90.0,36.86843,-75.47003,2025-01-01 21:24:21+00:00,70.0,0.8916480341056966,0.0247603016373716,False,False,False,True
205755000,2025-01-01 21:26:41+00:00,-75.47002,36.86843,0.0,191.5,130.0,ORION,IMO9825453,ORMB,90.0,36.86843,-75.47002,2025-01-01 21:25:31+00:00,70.0,0.0,0.0,False,False,False,True
205755000,2025-01-01 21:28:01+00:00,-75.47002,36.86843,0.1,35.8,130.0,ORION,IMO9825453,ORMB,90.0,36.86843,-75.47002,2025-01-01 21:26:41+00:00,80.0,0.0,0.0,False,False,False,True
205755000,2025-01-01 21:29:11+00:00,-75.47003,36.86843,0.0,24.0,130.0,ORION,IMO9825453,ORMB,90.0,36.86843,-75.47002,2025-01-01 21:28:01+00:00,70.0,0.8916480341056966,0.0247603016373716,False,False,False,True
205755000,2025-01-01 21:30:12+00:00,-75.47002,36.86843,0.0,10.4,130.0,ORION,IMO9825453,ORMB,90.0,36.86843,-75.47003,2025-01-01 21:29:11+00:00,61.0,0.8916480341056966,0.0284134608953445,False,False,False,True
205755000,2025-01-01 21:31:21+00:00,-75.47003,36.86843,0.0,265.7,130.0,ORION,IMO9825453,ORMB,90.0,36.86843,-75.47002,2025-01-01 21:30:12+00:00,69.0,0.8916480341056966,0.0251191465886379,False,False,False,True
205755000,2025-01-01 21:32:31+00:00,-75.47003,36.86843,0.0,261.2,130.0,ORION,IMO9825453,ORMB,90.0,36.86843,-75.47003,2025-01-01 21:31:21+00:00,70.0,0.0,0.0,False,False,False,True
205755000,2025-01-01 21:33:40+00:00,-75.47003,36.86844,0.0,289.2,130.0,ORION,IMO9825453,ORMB,90.0,36.86843,-75.47003,2025-01-01 21:32:31+00:00,69.0,1.1097517813797666,0.0312634768509745,False,False,False,True
205755000,2025-01-01 21:35:00+00:00,-75.47003,36.86844,0.0,321.2,130.0,ORION,IMO9825453,ORMB,90.0,36.86844,-75.47003,2025-01-01 21:33:40+00:00,80.0,0.0,0.0,False,False,False,True
205755000,2025-01-01 21:36:11+00:00,-75.47003,36.86844,0.0,130.2,130.0,ORION,IMO9825453,ORMB,90.0,36.86844,-75.47003,2025-01-01 21:35:00+00:00,71.0,0.0,0.0,False,False,False,True
205755000,2025-01-01 21:37:21+00:00,-75.47003,36.86844,0.0,274.0,130.0,ORION,IMO9825453,ORMB,90.0,36.86844,-75.47003,2025-01-01 21:36:11+00:00,70.0,0.0,0.0,False,False,False,True
205755000,2025-01-01 21:38:22+00:00,-75.47003,36.86844,0.0,6.6,130.0,ORION,IMO9825453,ORMB,90.0,36.86844,-75.47003,2025-01-01 21:37:21+00:00,61.0,0.0,0.0,False,False,False,True
205755000,2025-01-01 21:39:32+00:00,-75.47003,36.86844,0.0,353.4,130.0,ORION,IMO9825453,ORMB,90.0,36.86844,-75.47003,2025-01-01 21:38:22+00:00,70.0,0.0,0.0,False,False,False,True
205755000,2025-01-01 21:40:40+00:00,-75.47002,36.86844,0.0,221.7,130.0,ORION,IMO9825453,ORMB,90.0,36.86844,-75.47003,2025-01-01 21:39:32+00:00,68.0,0.8916479178967175,0.0254885424812405,False,False,False,True
205755000,2025-01-01 21:42:11+00:00,-75.47003,36.86844,0.0,137.9,130.0,ORION,IMO9825453,ORMB,90.0,36.86844,-75.47002,2025-01-01 21:40:40+00:00,91.0,0.8916479178967175,0.0190463833925753,False,False,False,True
205755000,2025-01-01 21:43:22+00:00,-75.47003,36.86844,0.0,286.4,130.0,ORION,IMO9825453,ORMB,90.0,36.86844,-75.47003,2025-01-01 21:42:11+00:00,71.0,0.0,0.0,False,False,False,True
205755000,2025-01-01 21:44:31+00:00,-75.47003,36.86844,0.0,283.5,130.0,ORION,IMO9825453,ORMB,90.0,36.86844,-75.47003,2025-01-01 21:43:22+00:00,69.0,0.0,0.0,False,False,False,True
205755000,2025-01-01 21:45:41+00:00,-75.47003,36.86844,0.0,59.0,130.0,ORION,IMO9825453,ORMB,90.0,36.86844,-75.47003,2025-01-01 21:44:31+00:00,70.0,0.0,0.0,False,False,False,True
205755000,2025-01-01 21:47:01+00:00,-75.47003,36.86844,0.0,355.4,130.0,ORION,IMO9825453,ORMB,90.0,36.86844,-75.47003,2025-01-01 21:45:41+00:00,80.0,0.0,0.0,False,False,False,True
205755000,2025-01-01 21:48:10+00:00,-75.47003,36.86844,0.1,244.4,130.0,ORION,IMO9825453,ORMB,90.0,36.86844,-75.47003,2025-01-01 21:47:01+00:00,69.0,0.0,0.0,False,False,False,True
205755000,2025-01-01 21:49:30+00:00,-75.47003,36.86844,0.0,310.5,130.0,ORION,IMO9825453,ORMB,90.0,36.86844,-75.47003,2025-01-01 21:48:10+00:00,80.0,0.0,0.0,False,False,False,True
205755000,2025-01-01 21:51:01+00:00,-75.47003,36.86843,0.0,171.5,130.0,ORION,IMO9825453,ORMB,90.0,36.86844,-75.47003,2025-01-01 21:49:30+00:00,91.0,1.1097517813797666,0.0237052736562334,False,False,False,True
205755000,2025-01-01 21:52:11+00:00,-75.47003,36.86843,0.0,137.5,130.0,ORION,IMO9825453,ORMB,90.0,36.86843,-75.47003,2025-01-01 21:51:01+00:00,70.0,0.0,0.0,False,False,False,True
205755000,2025-01-01 21:53:21+00:00,-75.47003,36.86843,0.0,306.7,130.0,ORION,IMO9825453,ORMB,90.0,36.86843,-75.47003,2025-01-01 21:52:11+00:00,70.0,0.0,0.0,False,False,False,True
205755000,2025-01-01 21:54:30+00:00,-75.47003,36.86843,0.0,248.2,130.0,ORION,IMO9825453,ORMB,90.0,36.86843,-75.47003,2025-01-01 21:53:21+00:00,69.0,0.0,0.0,False,False,False,True
205755000,2025-01-01 21:55:41+00:00,-75.47003,36.86843,0.0,112.4,130.0,ORION,IMO9825453,ORMB,90.0,36.86843,-75.47003,2025-01-01 21:54:30+00:00,71.0,0.0,0.0,False,False,False,True
205755000,2025-01-01 21:57:22+00:00,-75.47003,36.86843,0.0,284.3,130.0,ORION,IMO9825453,ORMB,90.0,36.86843,-75.47003,2025-01-01 21:55:41+00:00,101.0,0.0,0.0,False,False,False,True
205755000,2025-01-01 21:58:30+00:00,-75.47003,36.86843,0.0,265.4,130.0,ORION,IMO9825453,ORMB,90.0,36.86843,-75.47003,2025-01-01 21:57:22+00:00,68.0,0.0,0.0,False,False,False,True
205755000,2025-01-01 21:59:41+00:00,-75.47003,36.86843,0.0,242.4,130.0,ORION,IMO9825453,ORMB,90.0,36.86843,-75.47003,2025-01-01 21:58:30+00:00,71.0,0.0,0.0,False,False,False,True
205755000,2025-01-01 22:00:01+00:00,-75.47003,36.86843,0.0,264.7,130.0,ORION,IMO9825453,ORMB,90.0,36.86843,-75.47003,2025-01-01 21:59:41+00:00,20.0,0.0,0.0,False,False,False,True
205755000,2025-01-01 22:01:11+00:00,-75.47003,36.86843,0.0,230.2,130.0,ORION,IMO9825453,ORMB,90.0,36.86843,-75.47003,2025-01-01 22:00:01+00:00,70.0,0.0,0.0,False,False,False,True
205755000,2025-01-01 22:02:21+00:00,-75.47003,36.86843,0.0,37.2,130.0,ORION,IMO9825453,ORMB,90.0,36.86843,-75.47003,2025-01-01 22:01:11+00:00,70.0,0.0,0.0,False,False,False,True
205755000,2025-01-01 22:03:31+00:00,-75.47002,36.86843,0.0,126.1,130.0,ORION,IMO9825453,ORMB,90.0,36.86843,-75.47003,2025-01-01 22:02:21+00:00,70.0,0.8916480341056966,0.0247603016373716,False,False,False,True
205755000,2025-01-01 22:05:01+00:00,-75.47003,36.86843,0.0,197.1,130.0,ORION,IMO9825453,ORMB,90.0,36.86843,-75.47002,2025-01-01 22:03:31+00:00,90.0,0.8916480341056966,0.0192580123846224,False,False,False,True
205755000,2025-01-01 22:06:12+00:00,-75.47002,36.86843,0.0,116.8,130.0,ORION,IMO9825453,ORMB,90.0,36.86843,-75.47003,2025-01-01 22:05:01+00:00,71.0,0.8916480341056966,0.0244115649945917,False,False,False,True
205755000,2025-01-01 22:07:22+00:00,-75.47002,36.86843,0.1,163.1,130.0,ORION,IMO9825453,ORMB,90.0,36.86843,-75.47002,2025-01-01 22:06:12+00:00,70.0,0.0,0.0,False,False,False,True
205755000,2025-01-01 22:08:31+00:00,-75.47002,36.86844,0.0,97.8,130.0,ORION,IMO9825453,ORMB,90.0,36.86843,-75.47002,2025-01-01 22:07:22+00:00,69.0,1.1097517813797666,0.0312634768509745,False,False,False,True
205755000,2025-01-01 22:09:41+00:00,-75.47002,36.86844,0.0,156.5,130.0,ORION,IMO9825453,ORMB,90.0,36.86844,-75.47002,2025-01-01 22:08:31+00:00,70.0,0.0,0.0,False,False,False,True
205755000,2025-01-01 22:11:01+00:00,-75.47002,36.86844,0.0,245.7,130.0,ORION,IMO9825453,ORMB,90.0,36.86844,-75.47002,2025-01-01 22:09:41+00:00,80.0,0.0,0.0,False,False,False,True
205755000,2025-01-01 22:12:11+00:00,-75.47002,36.86844,0.0,148.4,130.0,ORION,IMO9825453,ORMB,90.0,36.86844,-75.47002,2025-01-01 22:11:01+00:00,70.0,0.0,0.0,False,False,False,True
205755000,2025-01-01 22:13:30+00:00,-75.47002,36.86843,0.0,270.6,130.0,ORION,IMO9825453,ORMB,90.0,36.86844,-75.47002,2025-01-01 22:12:11+00:00,79.0,1.1097517813797666,0.0273060747179398,False,False,False,True
205755000,2025-01-01 22:15:01+00:00,-75.47002,36.86843,0.1,271.7,130.0,ORION,IMO9825453,ORMB,90.0,36.86843,-75.47002,2025-01-01 22:13:30+00:00,91.0,0.0,0.0,False,False,False,True
205755000,2025-01-01 22:16:11+00:00,-75.47002,36.86843,0.0,350.4,130.0,ORION,IMO9825453,ORMB,90.0,36.86843,-75.47002,2025-01-01 22:15:01+00:00,70.0,0.0,0.0,False,False,False,True
205755000,2025-01-01 22:17:22+00:00,-75.47002,36.86843,0.0,352.3,130.0,ORION,IMO9825453,ORMB,90.0,36.86843,-75.47002,2025-01-01 22:16:11+00:00,71.0,0.0,0.0,False,False,False,True
205755000,2025-01-01 22:18:30+00:00,-75.47002,36.86843,0.0,222.9,130.0,ORION,IMO9825453,ORMB,90.0,36.86843,-75.47002,2025-01-01 22:17:22+00:00,68.0,0.0,0.0,False,False,False,True
205755000,2025-01-01 22:19:32+00:00,-75.47002,36.86843,0.0,276.0,130.0,ORION,IMO9825453,ORMB,90.0,36.86843,-75.47002,2025-01-01 22:18:30+00:00,62.0,0.0,0.0,False,False,False,True
205755000,2025-01-01 22:20:41+00:00,-75.47002,36.86843,0.0,238.6,130.0,ORION,IMO9825453,ORMB,90.0,36.86843,-75.47002,2025-01-01 22:19:32+00:00,69.0,0.0,0.0,False,False,False,True
205755000,2025-01-01 22:22:02+00:00,-75.47002,36.86843,0.0,164.7,130.0,ORION,IMO9825453,ORMB,90.0,36.86843,-75.47002,2025-01-01 22:20:41+00:00,81.0,0.0,0.0,False,False,False,True
205755000,2025-01-01 22:23:11+00:00,-75.47002,36.86843,0.0,77.4,130.0,ORION,IMO9825453,ORMB,90.0,36.86843,-75.47002,2025-01-01 22:22:02+00:00,69.0,0.0,0.0,False,False,False,True
205755000,2025-01-01 22:24:21+00:00,-75.47002,36.86843,0.0,269.3,130.0,ORION,IMO9825453,ORMB,90.0,36.86843,-75.47002,2025-01-01 22:23:11+00:00,70.0,0.0,0.0,False,False,False,True
205755000,2025-01-01 22:25:22+00:00,-75.47002,36.86843,0.0,312.3,130.0,ORION,IMO9825453,ORMB,90.0,36.86843,-75.47002,2025-01-01 22:24:21+00:00,61.0,0.0,0.0,False,False,False,True
205755000,2025-01-01 22:27:10+00:00,-75.47003,36.86843,0.0,339.1,130.0,ORION,IMO9825453,ORMB,90.0,36.86843,-75.47002,2025-01-01 22:25:22+00:00,108.0,0.8916480341056966,0.016048343653852,False,False,False,True
205755000,2025-01-01 22:28:22+00:00,-75.47002,36.86843,0.1,102.8,130.0,ORION,IMO9825453,ORMB,90.0,36.86843,-75.47003,2025-01-01 22:27:10+00:00,72.0,0.8916480341056966,0.024072515480778,False,False,False,True
205755000,2025-01-01 22:29:30+00:00,-75.47003,36.86843,0.0,14.1,130.0,ORION,IMO9825453,ORMB,90.0,36.86843,-75.47002,2025-01-01 22:28:22+00:00,68.0,0.8916480341056966,0.0254885458031767,False,False,False,True
205755000,2025-01-01 22:30:31+00:00,-75.47003,36.86843,0.0,311.2,130.0,ORION,IMO9825453,ORMB,90.0,36.86843,-75.47003,2025-01-01 22:29:30+00:00,61.0,0.0,0.0,False,False,False,True
205755000,2025-01-01 22:32:11+00:00,-75.47002,36.86843,0.0,5.5,130.0,ORION,IMO9825453,ORMB,90.0,36.86843,-75.47003,2025-01-01 22:30:31+00:00,100.0,0.8916480341056966,0.0173322111461601,False,False,False,True
205755000,2025-01-01 22:33:22+00:00,-75.47002,36.86843,0.0,95.6,130.0,ORION,IMO9825453,ORMB,90.0,36.86843,-75.47002,2025-01-01 22:32:11+00:00,71.0,0.0,0.0,False,False,False,True
205755000,2025-01-01 22:34:32+00:00,-75.47002,36.86843,0.1,278.2,130.0,ORION,IMO9825453,ORMB,90.0,36.86843,-75.47002,2025-01-01 22:33:22+00:00,70.0,0.0,0.0,False,False,False,True
205755000,2025-01-01 22:35:41+00:00,-75.47002,36.86843,0.0,151.5,130.0,ORION,IMO9825453,ORMB,90.0,36.86843,-75.47002,2025-01-01 22:34:32+00:00,69.0,0.0,0.0,False,False,False,True
205755000,2025-01-01 22:37:01+00:00,-75.47002,36.86843,0.0,81.5,130.0,ORION,IMO9825453,ORMB,90.0,36.86843,-75.47002,2025-01-01 22:35:41+00:00,80.0,0.0,0.0,False,False,False,True
205755000,2025-01-01 22:38:11+00:00,-75.47002,36.86843,0.0,280.1,130.0,ORION,IMO9825453,ORMB,90.0,36.86843,-75.47002,2025-01-01 22:37:01+00:00,70.0,0.0,0.0,False,False,False,True
205755000,2025-01-01 22:39:21+00:00,-75.47002,36.86843,0.0,277.9,130.0,ORION,IMO9825453,ORMB,90.0,36.86843,-75.47002,2025-01-01 22:38:11+00:00,70.0,0.0,0.0,False,False,False,True
205755000,2025-01-01 22:40:32+00:00,-75.47002,36.86843,0.0,262.1,130.0,ORION,IMO9825453,ORMB,90.0,36.86843,-75.47002,2025-01-01 22:39:21+00:00,71.0,0.0,0.0,False,False,False,True
205755000,2025-01-01 22:41:41+00:00,-75.47002,36.86843,0.1,275.5,130.0,ORION,IMO9825453,ORMB,90.0,36.86843,-75.47002,2025-01-01 22:40:32+00:00,69.0,0.0,0.0,False,False,False,True
205755000,2025-01-01 22:43:02+00:00,-75.47002,36.86843,0.1,0.4,130.0,ORION,IMO9825453,ORMB,90.0,36.86843,-75.47002,2025-01-01 22:41:41+00:00,81.0,0.0,0.0,False,False,False,True
205755000,2025-01-01 22:44:10+00:00,-75.47002,36.86843,0.0,209.2,130.0,ORION,IMO9825453,ORMB,90.0,36.86843,-75.47002,2025-01-01 22:43:02+00:00,68.0,0.0,0.0,False,False,False,True
205755000,2025-01-01 22:45:41+00:00,-75.47002,36.86843,0.0,234.2,130.0,ORION,IMO9825453,ORMB,90.0,36.86843,-75.47002,2025-01-01 22:44:10+00:00,91.0,0.0,0.0,False,False,False,True
205755000,2025-01-01 22:47:11+00:00,-75.47002,36.86843,0.0,135.1,130.0,ORION,IMO9825453,ORMB,90.0,36.86843,-75.47002,2025-01-01 22:45:41+00:00,90.0,0.0,0.0,False,False,False,True
205755000,2025-01-01 22:48:32+00:00,-75.47002,36.86843,0.1,359.2,130.0,ORION,IMO9825453,ORMB,90.0,36.86843,-75.47002,2025-01-01 22:47:11+00:00,81.0,0.0,0.0,False,False,False,True
205755000,2025-01-01 22:49:41+00:00,-75.47002,36.86843,0.0,276.9,130.0,ORION,IMO9825453,ORMB,90.0,36.86843,-75.47002,2025-01-01 22:48:32+00:00,69.0,0.0,0.0,False,False,False,True
205755000,2025-01-01 22:50:42+00:00,-75.47002,36.86843,0.1,253.6,130.0,ORION,IMO9825453,ORMB,90.0,36.86843,-75.47002,2025-01-01 22:49:41+00:00,61.0,0.0,0.0,False,False,False,True
205755000,2025-01-01 22:52:00+00:00,-75.47002,36.86843,0.0,6.5,130.0,ORION,IMO9825453,ORMB,90.0,36.86843,-75.47002,2025-01-01 22:50:42+00:00,78.0,0.0,0.0,False,False,False,True
205755000,2025-01-01 22:53:11+00:00,-75.47002,36.86843,0.0,248.2,130.0,ORION,IMO9825453,ORMB,90.0,36.86843,-75.47002,2025-01-01 22:52:00+00:00,71.0,0.0,0.0,False,False,False,True
205755000,2025-01-01 22:54:21+00:00,-75.47002,36.86843,0.0,1.1,130.0,ORION,IMO9825453,ORMB,90.0,36.86843,-75.47002,2025-01-01 22:53:11+00:00,70.0,0.0,0.0,False,False,False,True
205755000,2025-01-01 22:55:31+00:00,-75.47002,36.86843,0.1,151.9,130.0,ORION,IMO9825453,ORMB,90.0,36.86843,-75.47002,2025-01-01 22:54:21+00:00,70.0,0.0,0.0,False,False,False,True
205755000,2025-01-01 22:56:42+00:00,-75.47001,36.86843,0.1,72.6,130.0,ORION,IMO9825453,ORMB,90.0,36.86843,-75.47002,2025-01-01 22:55:31+00:00,71.0,0.8916480353728046,0.0244115650292827,False,False,False,True
205755000,2025-01-01 22:58:11+00:00,-75.47002,36.86843,0.0,314.0,130.0,ORION,IMO9825453,ORMB,90.0,36.86843,-75.47001,2025-01-01 22:56:42+00:00,89.0,0.8916480353728046,0.0194743945739221,False,False,False,True
205755000,2025-01-01 22:59:31+00:00,-75.47002,36.86843,0.0,116.5,130.0,ORION,IMO9825453,ORMB,90.0,36.86843,-75.47002,2025-01-01 22:58:11+00:00,80.0,0.0,0.0,False,False,False,True
205755000,2025-01-01 23:00:01+00:00,-75.47002,36.86843,0.1,359.2,130.0,ORION,IMO9825453,ORMB,90.0,36.86843,-75.47002,2025-01-01 22:59:31+00:00,30.0,0.0,0.0,False,False,False,True
205755000,2025-01-01 23:01:12+00:00,-75.47002,36.86843,0.0,273.7,130.0,ORION,IMO9825453,ORMB,90.0,36.86843,-75.47002,2025-01-01 23:00:01+00:00,71.0,0.0,0.0,False,False,False,True
205755000,2025-01-01 23:03:01+00:00,-75.47002,36.86843,0.1,261.8,130.0,ORION,IMO9825453,ORMB,90.0,36.86843,-75.47002,2025-01-01 23:01:12+00:00,109.0,0.0,0.0,False,False,False,True
205755000,2025-01-01 23:04:21+00:00,-75.47001,36.86843,0.0,269.3,130.0,ORION,IMO9825453,ORMB,90.0,36.86843,-75.47002,2025-01-01 23:03:01+00:00,80.0,0.8916480353728046,0.0216652639634884,False,False,False,True
205755000,2025-01-01 23:05:22+00:00,-75.47001,36.86843,0.1,289.1,130.0,ORION,IMO9825453,ORMB,90.0,36.86843,-75.47001,2025-01-01 23:04:21+00:00,61.0,0.0,0.0,False,False,False,True
205755000,2025-01-01 23:06:32+00:00,-75.47001,36.86843,0.0,204.5,130.0,ORION,IMO9825453,ORMB,90.0,36.86843,-75.47001,2025-01-01 23:05:22+00:00,70.0,0.0,0.0,False,False,False,True
205755000,2025-01-01 23:07:42+00:00,-75.47001,36.86843,0.0,276.6,130.0,ORION,IMO9825453,ORMB,90.0,36.86843,-75.47001,2025-01-01 23:06:32+00:00,70.0,0.0,0.0,False,False,False,True
205755000,2025-01-01 23:09:00+00:00,-75.47001,36.86843,0.0,339.9,130.0,ORION,IMO9825453,ORMB,90.0,36.86843,-75.47001,2025-01-01 23:07:42+00:00,78.0,0.0,0.0,False,False,False,True
205755000,2025-01-01 23:10:10+00:00,-75.47001,36.86843,0.0,314.3,130.0,ORION,IMO9825453,ORMB,90.0,36.86843,-75.47001,2025-01-01 23:09:00+00:00,70.0,0.0,0.0,False,False,False,True
205755000,2025-01-01 23:11:22+00:00,-75.47001,36.86843,0.0,315.0,130.0,ORION,IMO9825453,ORMB,90.0,36.86843,-75.47001,2025-01-01 23:10:10+00:00,72.0,0.0,0.0,False,False,False,True
205755000,2025-01-01 23:12:31+00:00,-75.47001,36.86843,0.0,262.8,130.0,ORION,IMO9825453,ORMB,90.0,36.86843,-75.47001,2025-01-01 23:11:22+00:00,69.0,0.0,0.0,False,False,False,True
205755000,2025-01-01 23:13:41+00:00,-75.47001,36.86843,0.0,295.0,130.0,ORION,IMO9825453,ORMB,90.0,36.86843,-75.47001,2025-01-01 23:12:31+00:00,70.0,0.0,0.0,False,False,False,True
205755000,2025-01-01 23:15:02+00:00,-75.47,36.86843,0.0,102.8,130.0,ORION,IMO9825453,ORMB,90.0,36.86843,-75.47001,2025-01-01 23:13:41+00:00,81.0,0.8916480353728046,0.0213977915688774,False,False,False,True
205755000,2025-01-01 23:16:11+00:00,-75.47,36.86843,0.1,51.5,130.0,ORION,IMO9825453,ORMB,90.0,36.86843,-75.47,2025-01-01 23:15:02+00:00,69.0,0.0,0.0,False,False,False,True
205755000,2025-01-01 23:17:20+00:00,-75.47001,36.86843,0.0,182.8,130.0,ORION,IMO9825453,ORMB,90.0,36.86843,-75.47,2025-01-01 23:16:11+00:00,69.0,0.8916480353728046,0.0251191466243343,False,False,False,True
205755000,2025-01-01 23:18:32+00:00,-75.47001,36.86843,0.1,43.6,130.0,ORION,IMO9825453,ORMB,90.0,36.86843,-75.47001,2025-01-01 23:17:20+00:00,72.0,0.0,0.0,False,False,False,True
205755000,2025-01-01 23:19:42+00:00,-75.47001,36.86843,0.0,129.2,130.0,ORION,IMO9825453,ORMB,90.0,36.86843,-75.47001,2025-01-01 23:18:32+00:00,70.0,0.0,0.0,False,False,False,True
205755000,2025-01-01 23:21:01+00:00,-75.47001,36.86843,0.1,304.1,130.0,ORION,IMO9825453,ORMB,90.0,36.86843,-75.47001,2025-01-01 23:19:42+00:00,79.0,0.0,0.0,False,False,False,True
205755000,2025-01-01 23:22:11+00:00,-75.47001,36.86843,0.0,323.7,130.0,ORION,IMO9825453,ORMB,90.0,36.86843,-75.47001,2025-01-01 23:21:01+00:00,70.0,0.0,0.0,False,False,False,True
205755000,2025-01-01 23:23:22+00:00,-75.47001,36.86843,0.0,130.2,130.0,ORION,IMO9825453,ORMB,90.0,36.86843,-75.47001,2025-01-01 23:22:11+00:00,71.0,0.0,0.0,False,False,False,True
205755000,2025-01-01 23:24:31+00:00,-75.47,36.86843,0.0,359.5,130.0,ORION,IMO9825453,ORMB,90.0,36.86843,-75.47001,2025-01-01 23:23:22+00:00,69.0,0.8916480353728046,0.0251191466243343,False,False,False,True
205755000,2025-01-01 23:26:01+00:00,-75.47,36.86843,0.0,194.6,130.0,ORION,IMO9825453,ORMB,90.0,36.86843,-75.47,2025-01-01 23:24:31+00:00,90.0,0.0,0.0,False,False,False,True
205755000,2025-01-01 23:27:11+00:00,-75.47,36.86843,0.1,261.9,130.0,ORION,IMO9825453,ORMB,90.0,36.86843,-75.47,2025-01-01 23:26:01+00:00,70.0,0.0,0.0,False,False,False,True
205755000,2025-01-01 23:28:20+00:00,-75.47,36.86843,0.0,112.2,130.0,ORION,IMO9825453,ORMB,90.0,36.86843,-75.47,2025-01-01 23:27:11+00:00,69.0,0.0,0.0,False,False,False,True
205755000,2025-01-01 23:29:42+00:00,-75.47,36.86843,0.0,14.1,130.0,ORION,IMO9825453,ORMB,90.0,36.86843,-75.47,2025-01-01 23:28:20+00:00,82.0,0.0,0.0,False,False,False,True
205755000,2025-01-01 23:31:01+00:00,-75.47,36.86843,0.0,126.6,130.0,ORION,IMO9825453,ORMB,90.0,36.86843,-75.47,2025-01-01 23:29:42+00:00,79.0,0.0,0.0,False,False,False,True
205755000,2025-01-01 23:32:20+00:00,-75.47,36.86843,0.0,299.4,130.0,ORION,IMO9825453,ORMB,90.0,36.86843,-75.47,2025-01-01 23:31:01+00:00,79.0,0.0,0.0,False,False,False,True
205755000,2025-01-01 23:33:21+00:00,-75.47001,36.86843,0.1,199.2,130.0,ORION,IMO9825453,ORMB,90.0,36.86843,-75.47,2025-01-01 23:32:20+00:00,61.0,0.8916480353728046,0.0284134609357224,False,False,False,True
205755000,2025-01-01 23:34:30+00:00,-75.47,36.86843,0.0,107.6,130.0,ORION,IMO9825453,ORMB,90.0,36.86843,-75.47001,2025-01-01 23:33:21+00:00,69.0,0.8916480353728046,0.0251191466243343,False,False,False,True
205755000,2025-01-01 23:35:41+00:00,-75.47,36.86843,0.0,271.4,130.0,ORION,IMO9825453,ORMB,90.0,36.86843,-75.47,2025-01-01 23:34:30+00:00,71.0,0.0,0.0,False,False,False,True
205755000,2025-01-01 23:37:01+00:00,-75.47,36.86843,0.0,108.3,130.0,ORION,IMO9825453,ORMB,90.0,36.86843,-75.47,2025-01-01 23:35:41+00:00,80.0,0.0,0.0,False,False,False,True
205755000,2025-01-01 23:38:02+00:00,-75.47,36.86843,0.0,269.3,130.0,ORION,IMO9825453,ORMB,90.0,36.86843,-75.47,2025-01-01 23:37:01+00:00,61.0,0.0,0.0,False,False,False,True
205755000,2025-01-01 23:39:11+00:00,-75.47,36.86843,0.0,318.1,130.0,ORION,IMO9825453,ORMB,90.0,36.86843,-75.47,2025-01-01 23:38:02+00:00,69.0,0.0,0.0,False,False,False,True
205755000,2025-01-01 23:40:41+00:00,-75.47,36.86843,0.1,92.3,130.0,ORION,IMO9825453,ORMB,90.0,36.86843,-75.47,2025-01-01 23:39:11+00:00,90.0,0.0,0.0,False,False,False,True
205755000,2025-01-01 23:42:02+00:00,-75.47,36.86843,0.0,259.0,130.0,ORION,IMO9825453,ORMB,90.0,36.86843,-75.47,2025-01-01 23:40:41+00:00,81.0,0.0,0.0,False,False,False,True
205755000,2025-01-01 23:43:10+00:00,-75.47,36.86843,0.0,289.2,130.0,ORION,IMO9825453,ORMB,90.0,36.86843,-75.47,2025-01-01 23:42:02+00:00,68.0,0.0,0.0,False,False,False,True
205755000,2025-01-01 23:44:31+00:00,-75.47,36.86843,0.1,0.3,130.0,ORION,IMO9825453,ORMB,90.0,36.86843,-75.47,2025-01-01 23:43:10+00:00,81.0,0.0,0.0,False,False,False,True
205755000,2025-01-01 23:45:41+00:00,-75.47,36.86843,0.0,144.1,130.0,ORION,IMO9825453,ORMB,90.0,36.86843,-75.47,2025-01-01 23:44:31+00:00,70.0,0.0,0.0,False,False,False,True
205755000,2025-01-01 23:46:42+00:00,-75.47,36.86843,0.0,130.3,130.0,ORION,IMO9825453,ORMB,90.0,36.86843,-75.47,2025-01-01 23:45:41+00:00,61.0,0.0,0.0,False,False,False,True
205755000,2025-01-01 23:48:00+00:00,-75.47,36.86843,0.0,226.6,130.0,ORION,IMO9825453,ORMB,90.0,36.86843,-75.47,2025-01-01 23:46:42+00:00,78.0,0.0,0.0,False,False,False,True
205755000,2025-01-01 23:49:02+00:00,-75.47,36.86843,0.0,7.0,130.0,ORION,IMO9825453,ORMB,90.0,36.86843,-75.47,2025-01-01 23:48:00+00:00,62.0,0.0,0.0,False,False,False,True
205755000,2025-01-01 23:50:12+00:00,-75.47,36.86843,0.0,162.9,130.0,ORION,IMO9825453,ORMB,90.0,36.86843,-75.47,2025-01-01 23:49:02+00:00,70.0,0.0,0.0,False,False,False,True
205755000,2025-01-01 23:51:22+00:00,-75.47,36.86843,0.0,99.0,130.0,ORION,IMO9825453,ORMB,90.0,36.86843,-75.47,2025-01-01 23:50:12+00:00,70.0,0.0,0.0,False,False,False,True
205755000,2025-01-01 23:52:32+00:00,-75.47,36.86842,0.1,192.8,130.0,ORION,IMO9825453,ORMB,90.0,36.86843,-75.47,2025-01-01 23:51:22+00:00,70.0,1.1097517793411331,0.0308168556964924,False,False,False,True
205755000,2025-01-01 23:53:41+00:00,-75.47,36.86843,0.0,359.6,130.0,ORION,IMO9825453,ORMB,90.0,36.86842,-75.47,2025-01-01 23:52:32+00:00,69.0,1.1097517793411331,0.031263476793543,False,False,False,True
205755000,2025-01-01 23:55:02+00:00,-75.47,36.86843,0.0,253.1,130.0,ORION,IMO9825453,ORMB,90.0,36.86843,-75.47,2025-01-01 23:53:41+00:00,81.0,0.0,0.0,False,False,False,True
205755000,2025-01-01 23:56:11+00:00,-75.47,36.86843,0.0,77.3,130.0,ORION,IMO9825453,ORMB,90.0,36.86843,-75.47,2025-01-01 23:55:02+00:00,69.0,0.0,0.0,False,False,False,True
205755000,2025-01-01 23:57:22+00:00,-75.47,36.86843,0.0,108.0,130.0,ORION,IMO9825453,ORMB,90.0,36.86843,-75.47,2025-01-01 23:56:11+00:00,71.0,0.0,0.0,False,False,False,True
205755000,2025-01-01 23:58:31+00:00,-75.47,36.86843,0.1,161.8,130.0,ORION,IMO9825453,ORMB,90.0,36.86843,-75.47,2025-01-01 23:57:22+00:00,69.0,0.0,0.0,False,False,False,True
205755000,2025-01-01 23:59:40+00:00,-75.47,36.86843,0.0,204.9,130.0,ORION,IMO9825453,ORMB,90.0,36.86843,-75.47,2025-01-01 23:58:31+00:00,69.0,0.0,0.0,False,False,False,True
205789000,2025-01-01 00:08:45+00:00,-123.61719,48.93169,0.1,207.0,0.0,LA SELVA,IMO9846081,ONKJ,70.0,,,,,,,False,False,False,False
205789000,2025-01-01 00:14:45+00:00,-123.61723,48.93172,0.1,214.8,359.0,LA SELVA,IMO9846081,ONKJ,70.0,48.93169,-123.61719,2025-01-01 00:08:45+00:00,360.0,4.440786794871703,0.0239782750092872,False,False,False,True
205789000,2025-01-01 00:20:45+00:00,-123.61735,48.93166,0.1,245.9,0.0,LA SELVA,IMO9846081,ONKJ,70.0,48.93172,-123.61723,2025-01-01 00:14:45+00:00,360.0,11.037772902897332,0.0595990679987998,False,False,False,True
205789000,2025-01-01 00:32:45+00:00,-123.61774,48.93169,0.1,295.1,5.0,LA SELVA,IMO9846081,ONKJ,70.0,48.93166,-123.61735,2025-01-01 00:20:45+00:00,720.0,28.770107781634167,0.0776728976531274,False,False,True,True
205789000,2025-01-01 00:35:45+00:00,-123.61786,48.93175,0.1,267.7,6.0,LA SELVA,IMO9846081,ONKJ,70.0,48.93169,-123.61774,2025-01-01 00:32:45+00:00,180.0,11.037768727333184,0.1191980909052185,False,False,False,True
205789000,2025-01-01 00:38:45+00:00,-123.618,48.93175,0.1,266.3,8.0,LA SELVA,IMO9846081,ONKJ,70.0,48.93175,-123.61786,2025-01-01 00:35:45+00:00,180.0,10.25804060006115,0.1107777202223492,False,False,False,True
205789000,2025-01-01 00:47:45+00:00,-123.61831,48.93185,0.1,304.4,17.0,LA SELVA,IMO9846081,ONKJ,70.0,48.93175,-123.618,2025-01-01 00:38:45+00:00,540.0,25.29048157264521,0.0910382401855012,False,False,False,True
205789000,2025-01-01 00:50:45+00:00,-123.6184,48.93188,0.1,304.2,19.0,LA SELVA,IMO9846081,ONKJ,70.0,48.93185,-123.61831,2025-01-01 00:47:45+00:00,180.0,7.390345974140448,0.0798091673242953,False,False,False,True
205789000,2025-01-01 00:56:45+00:00,-123.6185,48.93191,0.0,289.0,21.0,LA SELVA,IMO9846081,ONKJ,70.0,48.93188,-123.6184,2025-01-01 00:50:45+00:00,360.0,8.050945133809282,0.0434715255247328,False,False,False,True
205789000,2025-01-01 01:02:44+00:00,-123.61856,48.93191,0.0,262.8,24.0,LA SELVA,IMO9846081,ONKJ,70.0,48.93191,-123.6185,2025-01-01 00:56:45+00:00,359.0,4.396289066548262,0.0238041296354294,False,False,False,True
205789000,2025-01-01 01:08:45+00:00,-123.61862,48.93193,0.0,262.8,26.0,LA SELVA,IMO9846081,ONKJ,70.0,48.93191,-123.61856,2025-01-01 01:02:44+00:00,361.0,4.926893016949667,0.0265293399503253,False,False,False,True
205789000,2025-01-01 01:11:45+00:00,-123.61864,48.93193,0.0,262.8,27.0,LA SELVA,IMO9846081,ONKJ,70.0,48.93193,-123.61862,2025-01-01 01:08:45+00:00,180.0,1.4654291028185744,0.0158253317067936,False,False,False,True
205789000,2025-01-01 01:14:45+00:00,-123.61871,48.93192,0.0,262.8,28.0,LA SELVA,IMO9846081,ONKJ,70.0,48.93193,-123.61864,2025-01-01 01:11:45+00:00,180.0,5.248180312610864,0.0566756823270305,False,False,False,True
205789000,2025-01-01 01:23:45+00:00,-123.6188,48.93196,0.0,262.8,30.0,LA SELVA,IMO9846081,ONKJ,70.0,48.93192,-123.61871,2025-01-01 01:14:45+00:00,540.0,7.954508304010546,0.0286338730030886,False,False,False,True
205789000,2025-01-01 01:26:45+00:00,-123.61882,48.93198,0.0,262.8,31.0,LA SELVA,IMO9846081,ONKJ,70.0,48.93196,-123.6188,2025-01-01 01:23:45+00:00,180.0,2.663532256698361,0.0287637807881141,False,False,False,True
205789000,2025-01-01 01:32:45+00:00,-123.61883,48.93201,0.1,44.0,33.0,LA SELVA,IMO9846081,ONKJ,70.0,48.93198,-123.61882,2025-01-01 01:26:45+00:00,360.0,3.415765019521812,0.0184436129876313,False,False,False,True
205789000,2025-01-01 01:35:45+00:00,-123.61885,48.93207,0.0,43.5,34.0,LA SELVA,IMO9846081,ONKJ,70.0,48.93201,-123.61883,2025-01-01 01:32:45+00:00,180.0,6.8315298111907445,0.0737744494899167,False,False,False,True
205789000,2025-01-01 01:38:45+00:00,-123.6189,48.9321,0.0,43.5,36.0,LA SELVA,IMO9846081,ONKJ,70.0,48.93207,-123.61885,2025-01-01 01:35:45+00:00,180.0,4.955024122805339,0.0535098560604107,False,False,False,True
205789000,2025-01-01 01:41:45+00:00,-123.61893,48.93214,0.0,43.5,38.0,LA SELVA,IMO9846081,ONKJ,70.0,48.9321,-123.6189,2025-01-01 01:38:45+00:00,180.0,4.96180411620609,0.053583073962478,False,False,False,True
205789000,2025-01-01 01:44:45+00:00,-123.61896,48.93217,0.0,43.5,41.0,LA SELVA,IMO9846081,ONKJ,70.0,48.93214,-123.61893,2025-01-01 01:41:45+00:00,180.0,3.995294003913631,0.0431456238698192,False,False,False,True
205789000,2025-01-01 01:50:45+00:00,-123.619,48.93224,0.1,225.6,46.0,LA SELVA,IMO9846081,ONKJ,70.0,48.93217,-123.61896,2025-01-01 01:44:45+00:00,360.0,8.318032958102377,0.0449136810702159,False,False,False,True
205789000,2025-01-01 01:53:45+00:00,-123.61905,48.93225,0.0,222.6,49.0,LA SELVA,IMO9846081,ONKJ,70.0,48.93224,-123.619,2025-01-01 01:50:45+00:00,180.0,3.8286195767231934,0.0413456882112089,False,False,False,True
205789000,2025-01-01 02:02:45+00:00,-123.61913,48.93222,0.0,222.6,50.0,LA SELVA,IMO9846081,ONKJ,70.0,48.93225,-123.61905,2025-01-01 01:53:45+00:00,540.0,6.744618825105045,0.0242786293648003,False,False,False,True
205789000,2025-01-01 02:08:45+00:00,-123.61915,48.93212,0.0,222.6,48.0,LA SELVA,IMO9846081,ONKJ,70.0,48.93222,-123.61913,2025-01-01 02:02:45+00:00,360.0,11.21697805635985,0.0605666961807625,False,False,False,True
205789000,2025-01-01 02:11:45+00:00,-123.61911,48.93214,0.0,78.0,46.0,LA SELVA,IMO9846081,ONKJ,70.0,48.93212,-123.61915,2025-01-01 02:08:45+00:00,180.0,3.6792372216125706,0.0397324915603298,False,False,False,True
205789000,2025-01-01 02:17:45+00:00,-123.61906,48.93208,0.1,142.8,43.0,LA SELVA,IMO9846081,ONKJ,70.0,48.93214,-123.61911,2025-01-01 02:11:45+00:00,360.0,7.612095405454897,0.0411019320359429,False,False,False,True
205789000,2025-01-01 02:20:45+00:00,-123.61899,48.93212,0.1,39.2,42.0,LA SELVA,IMO9846081,ONKJ,70.0,48.93208,-123.61906,2025-01-01 02:17:45+00:00,180.0,6.789269663733192,0.0733180774619507,False,False,False,True
205789000,2025-01-01 02:23:45+00:00,-123.61903,48.93212,0.0,194.1,42.0,LA SELVA,IMO9846081,ONKJ,70.0,48.93212,-123.61899,2025-01-01 02:20:45+00:00,180.0,2.9308470852628647,0.0316505433234298,False,False,False,True
205789000,2025-01-01 02:26:45+00:00,-123.61901,48.93207,0.0,199.2,42.0,LA SELVA,IMO9846081,ONKJ,70.0,48.93212,-123.61903,2025-01-01 02:23:45+00:00,180.0,5.750282704890808,0.0620979418504163,False,False,False,True
205789000,2025-01-01 02:29:45+00:00,-123.61894,48.93206,0.0,199.2,41.0,LA SELVA,IMO9846081,ONKJ,70.0,48.93207,-123.61901,2025-01-01 02:26:45+00:00,180.0,5.248166304750098,0.0566755310545857,False,False,False,True
205789000,2025-01-01 02:32:45+00:00,-123.61894,48.93206,0.0,199.2,41.0,LA SELVA,IMO9846081,ONKJ,70.0,48.93206,-123.61894,2025-01-01 02:29:45+00:00,180.0,0.0,0.0,False,False,False,True
205789000,2025-01-01 02:35:45+00:00,-123.61891,48.93206,0.0,199.2,40.0,LA SELVA,IMO9846081,ONKJ,70.0,48.93206,-123.61894,2025-01-01 02:32:45+00:00,180.0,2.198137947708944,0.0237379359348586,False,False,False,True
205789000,2025-01-01 02:38:45+00:00,-123.61887,48.93207,0.0,199.2,40.0,LA SELVA,IMO9846081,ONKJ,70.0,48.93206,-123.61891,2025-01-01 02:35:45+00:00,180.0,3.1347431810949997,0.0338524399174427,False,False,False,True
205789000,2025-01-01 02:44:45+00:00,-123.6189,48.93203,0.0,199.2,39.0,LA SELVA,IMO9846081,ONKJ,70.0,48.93207,-123.61887,2025-01-01 02:38:45+00:00,360.0,4.961805429242806,0.0267915440710537,False,False,False,True
205789000,2025-01-01 02:47:45+00:00,-123.61886,48.93206,0.0,199.2,38.0,LA SELVA,IMO9846081,ONKJ,70.0,48.93203,-123.6189,2025-01-01 02:44:45+00:00,180.0,4.440773809234996,0.0479564097852408,False,False,False,True
205789000,2025-01-01 02:50:45+00:00,-123.61887,48.93202,0.0,199.2,37.0,LA SELVA,IMO9846081,ONKJ,70.0,48.93206,-123.61886,2025-01-01 02:47:45+00:00,180.0,4.508277823975101,0.0486853931408653,False,False,False,True
205789000,2025-01-01 02:53:45+00:00,-123.61885,48.93204,0.0,199.2,36.0,LA SELVA,IMO9846081,ONKJ,70.0,48.93202,-123.61887,2025-01-01 02:50:45+00:00,180.0,2.663531308585521,0.0287637705493382,False,False,False,True
205789000,2025-01-01 02:59:45+00:00,-123.61879,48.93203,0.1,38.4,35.0,LA SELVA,IMO9846081,ONKJ,70.0,48.93204,-123.61885,2025-01-01 02:53:45+00:00,360.0,4.5347538351493055,0.0244856552636572,False,False,False,True
205789000,2025-01-01 03:20:45+00:00,-123.61851,48.9319,0.1,77.8,29.0,LA SELVA,IMO9846081,ONKJ,70.0,48.93203,-123.61879,2025-01-01 02:59:45+00:00,1260.0,25.098078733436456,0.0387195629882564,False,False,True,True
205789000,2025-01-01 03:26:45+00:00,-123.61835,48.93187,0.1,91.1,26.0,LA SELVA,IMO9846081,ONKJ,70.0,48.9319,-123.61851,2025-01-01 03:20:45+00:00,360.0,12.188917314782866,0.0658147362032431,False,False,False,True
205789000,2025-01-01 03:32:45+00:00,-123.61815,48.93183,0.1,92.9,22.0,LA SELVA,IMO9846081,ONKJ,70.0,48.93187,-123.61835,2025-01-01 03:26:45+00:00,360.0,15.314588839601331,0.0826919732499184,False,False,False,True
205789000,2025-01-01 03:44:45+00:00,-123.61768,48.93171,0.1,107.4,9.0,LA SELVA,IMO9846081,ONKJ,70.0,48.93183,-123.61815,2025-01-01 03:32:45+00:00,720.0,36.93296705397006,0.0997108037197071,False,False,True,True
205789000,2025-01-01 03:47:45+00:00,-123.61752,48.93167,0.1,100.1,5.0,LA SELVA,IMO9846081,ONKJ,70.0,48.93171,-123.61768,2025-01-01 03:44:45+00:00,180.0,12.539054711711978,0.1354106450600789,False,False,False,True
205789000,2025-01-01 03:53:45+00:00,-123.61714,48.93167,0.2,78.1,358.0,LA SELVA,IMO9846081,ONKJ,70.0,48.93167,-123.61752,2025-01-01 03:47:45+00:00,360.0,27.8432975418379,0.1503414319270171,False,False,False,True
205789000,2025-01-01 03:56:45+00:00,-123.61694,48.9317,0.1,75.9,354.0,LA SELVA,IMO9846081,ONKJ,70.0,48.93167,-123.61714,2025-01-01 03:53:45+00:00,180.0,15.029335564483,0.1623034646870257,False,False,False,True
205789000,2025-01-01 04:02:45+00:00,-123.61665,48.93178,0.1,54.2,346.0,LA SELVA,IMO9846081,ONKJ,70.0,48.9317,-123.61694,2025-01-01 03:56:45+00:00,360.0,23.03611094841024,0.1243847608498826,False,False,False,True
205789000,2025-01-01 04:05:45+00:00,-123.61651,48.93187,0.1,51.6,342.0,LA SELVA,IMO9846081,ONKJ,70.0,48.93178,-123.61665,2025-01-01 04:02:45+00:00,180.0,14.33186341197227,0.1547713854151565,False,False,False,True
205789000,2025-01-01 04:08:45+00:00,-123.61637,48.93192,0.1,51.7,338.0,LA SELVA,IMO9846081,ONKJ,70.0,48.93187,-123.61651,2025-01-01 04:05:45+00:00,180.0,11.668121881539877,0.1260053446567359,False,False,False,True
205789000,2025-01-01 04:11:45+00:00,-123.61624,48.93199,0.1,59.7,334.0,LA SELVA,IMO9846081,ONKJ,70.0,48.93192,-123.61637,2025-01-01 04:08:45+00:00,180.0,12.301661461686331,0.1328470089760242,False,False,False,True
205789000,2025-01-01 04:17:45+00:00,-123.61598,48.93206,0.1,63.5,326.0,LA SELVA,IMO9846081,ONKJ,70.0,48.93199,-123.61624,2025-01-01 04:11:45+00:00,360.0,20.579674223316204,0.1111210942840304,False,False,False,True
205789000,2025-01-01 04:20:45+00:00,-123.61586,48.93214,0.1,45.6,322.0,LA SELVA,IMO9846081,ONKJ,70.0,48.93206,-123.61598,2025-01-01 04:17:45+00:00,180.0,12.50838310220379,0.1350794189410434,False,False,False,True
205789000,2025-01-01 04:23:45+00:00,-123.61578,48.93219,0.1,42.8,319.0,LA SELVA,IMO9846081,ONKJ,70.0,48.93214,-123.61586,2025-01-01 04:20:45+00:00,180.0,8.079460405081365,0.0872509906322964,False,False,False,True
205789000,2025-01-01 04:26:45+00:00,-123.61568,48.93224,0.1,41.7,316.0,LA SELVA,IMO9846081,ONKJ,70.0,48.93219,-123.61578,2025-01-01 04:23:45+00:00,180.0,9.198083194742695,0.0993311224292702,False,False,False,True
205789000,2025-01-01 04:29:45+00:00,-123.61559,48.93228,0.1,57.2,313.0,LA SELVA,IMO9846081,ONKJ,70.0,48.93224,-123.61568,2025-01-01 04:26:45+00:00,180.0,7.954473505828636,0.0859012432198329,False,False,False,True
205789000,2025-01-01 04:32:45+00:00,-123.61552,48.93233,0.1,31.6,310.0,LA SELVA,IMO9846081,ONKJ,70.0,48.93228,-123.61559,2025-01-01 04:29:45+00:00,180.0,7.564691085998471,0.0816919395589292,False,False,False,True
205789000,2025-01-01 04:38:45+00:00,-123.61542,48.93245,0.1,35.0,304.0,LA SELVA,IMO9846081,ONKJ,70.0,48.93233,-123.61552,2025-01-01 04:32:45+00:00,360.0,15.224171662065114,0.0822037606766351,False,False,False,True
205789000,2025-01-01 04:44:45+00:00,-123.61538,48.93257,0.1,6.3,299.0,LA SELVA,IMO9846081,ONKJ,70.0,48.93245,-123.61542,2025-01-01 04:38:45+00:00,360.0,13.663054785250925,0.0737744233715615,False,False,False,True
205789000,2025-01-01 04:50:45+00:00,-123.61531,48.93267,0.1,18.2,295.0,LA SELVA,IMO9846081,ONKJ,70.0,48.93257,-123.61538,2025-01-01 04:44:45+00:00,360.0,12.246595008180243,0.0661261701130585,False,False,False,True
205789000,2025-01-01 04:53:45+00:00,-123.61525,48.93272,0.1,20.1,293.0,LA SELVA,IMO9846081,ONKJ,70.0,48.93267,-123.61531,2025-01-01 04:50:45+00:00,180.0,7.08837364206983,0.0765481345577834,False,False,False,True
205789000,2025-01-01 05:05:45+00:00,-123.61506,48.93308,0.2,14.7,279.0,LA SELVA,IMO9846081,ONKJ,70.0,48.93272,-123.61525,2025-01-01 04:53:45+00:00,720.0,42.38640133041372,0.1144338643918213,False,False,True,True
205789000,2025-01-01 05:08:45+00:00,-123.61502,48.93322,0.2,9.8,274.0,LA SELVA,IMO9846081,ONKJ,70.0,48.93308,-123.61506,2025-01-01 05:05:45+00:00,180.0,15.84263040981648,0.1710863260878759,False,False,False,True
205789000,2025-01-01 05:11:45+00:00,-123.61502,48.93335,0.2,3.9,269.0,LA SELVA,IMO9846081,ONKJ,70.0,48.93322,-123.61502,2025-01-01 05:08:45+00:00,180.0,14.457097879417832,0.156123806344042,False,False,False,True
205789000,2025-01-01 05:14:45+00:00,-123.61502,48.93348,0.2,353.2,264.0,LA SELVA,IMO9846081,ONKJ,70.0,48.93335,-123.61502,2025-01-01 05:11:45+00:00,180.0,14.457098206733493,0.1561238098787601,False,False,False,True
205789000,2025-01-01 05:17:44+00:00,-123.61505,48.93362,0.2,347.1,259.0,LA SELVA,IMO9846081,ONKJ,70.0,48.93348,-123.61502,2025-01-01 05:14:45+00:00,179.0,15.72358049845167,0.1707493000900016,False,False,False,True
205789000,2025-01-01 05:20:45+00:00,-123.61509,48.93376,0.2,353.0,253.0,LA SELVA,IMO9846081,ONKJ,70.0,48.93362,-123.61505,2025-01-01 05:17:44+00:00,181.0,15.842626002422367,0.1701410504339707,False,False,False,True
205789000,2025-01-01 05:23:45+00:00,-123.61517,48.9339,0.2,337.6,247.0,LA SELVA,IMO9846081,ONKJ,70.0,48.93376,-123.61509,2025-01-01 05:20:45+00:00,180.0,16.636003012932647,0.1796540449814388,False,False,False,True
205789000,2025-01-01 05:29:45+00:00,-123.61539,48.93413,0.2,327.6,237.0,LA SELVA,IMO9846081,ONKJ,70.0,48.9339,-123.61517,2025-01-01 05:23:45+00:00,360.0,30.233343201706628,0.1632466162477928,False,False,False,True
205789000,2025-01-01 05:32:45+00:00,-123.61552,48.93417,0.1,310.5,233.0,LA SELVA,IMO9846081,ONKJ,70.0,48.93413,-123.61539,2025-01-01 05:29:45+00:00,180.0,10.512411885030485,0.1135247039922092,False,False,False,True
205789000,2025-01-01 05:35:45+00:00,-123.61563,48.93428,0.1,316.7,229.0,LA SELVA,IMO9846081,ONKJ,70.0,48.93417,-123.61552,2025-01-01 05:32:45+00:00,180.0,14.64923171020808,0.1581986809309493,False,False,False,True
205789000,2025-01-01 05:41:45+00:00,-123.61587,48.93439,0.1,298.0,223.0,LA SELVA,IMO9846081,ONKJ,70.0,48.93428,-123.61563,2025-01-01 05:35:45+00:00,360.0,21.420839708596063,0.1156630140532149,False,False,False,True
205789000,2025-01-01 05:44:45+00:00,-123.61598,48.93436,0.1,276.4,219.0,LA SELVA,IMO9846081,ONKJ,70.0,48.93439,-123.61587,2025-01-01 05:41:45+00:00,180.0,8.722705479272232,0.0941974656601585,False,False,False,True
205789000,2025-01-01 05:47:45+00:00,-123.61612,48.93438,0.1,285.6,215.0,LA SELVA,IMO9846081,ONKJ,70.0,48.93436,-123.61598,2025-01-01 05:44:45+00:00,180.0,10.495871290591964,0.1133460802750238,False,False,False,True
205789000,2025-01-01 05:56:45+00:00,-123.61644,48.93443,0.1,323.1,208.0,LA SELVA,IMO9846081,ONKJ,70.0,48.93438,-123.61612,2025-01-01 05:47:45+00:00,540.0,24.096046746797583,0.0867386287190648,False,False,False,True
205789000,2025-01-01 05:59:45+00:00,-123.61645,48.93448,0.1,339.9,207.0,LA SELVA,IMO9846081,ONKJ,70.0,48.93443,-123.61644,2025-01-01 05:56:45+00:00,180.0,5.608486855188773,0.0605666727143896,False,False,False,True
205789000,2025-01-01 06:02:45+00:00,-123.61653,48.93453,0.1,335.2,206.0,LA SELVA,IMO9846081,ONKJ,70.0,48.93448,-123.61645,2025-01-01 05:59:45+00:00,180.0,8.079263221031201,0.0872488612198293,False,False,False,True
205789000,2025-01-01 06:05:45+00:00,-123.6166,48.93459,0.1,313.5,204.0,LA SELVA,IMO9846081,ONKJ,70.0,48.93453,-123.61653,2025-01-01 06:02:45+00:00,180.0,8.415834018550544,0.090883526658996,False,False,False,True
205789000,2025-01-01 06:08:45+00:00,-123.61669,48.93462,0.1,304.6,201.0,LA SELVA,IMO9846081,ONKJ,70.0,48.93459,-123.6166,2025-01-01 06:05:45+00:00,180.0,7.390024691121448,0.079805697753275,False,False,False,True
205789000,2025-01-01 06:14:45+00:00,-123.61696,48.93467,0.1,287.7,196.0,LA SELVA,IMO9846081,ONKJ,70.0,48.93462,-123.61669,2025-01-01 06:08:45+00:00,360.0,20.548833183981912,0.1109545663787539,False,False,False,True
205789000,2025-01-01 06:17:45+00:00,-123.61717,48.93467,0.2,278.9,190.0,LA SELVA,IMO9846081,ONKJ,70.0,48.93467,-123.61696,2025-01-01 06:14:45+00:00,180.0,15.386163560581624,0.1661568898644499,False,False,False,True
205789000,2025-01-01 06:20:45+00:00,-123.61743,48.93466,0.2,275.2,184.0,LA SELVA,IMO9846081,ONKJ,70.0,48.93467,-123.61717,2025-01-01 06:17:45+00:00,180.0,19.08197108562204,0.2060683259726418,False,False,False,True
205789000,2025-01-01 06:23:45+00:00,-123.61769,48.93465,0.2,269.6,177.0,LA SELVA,IMO9846081,ONKJ,70.0,48.93466,-123.61743,2025-01-01 06:20:45+00:00,180.0,19.081974883973533,0.2060683669914617,False,False,False,True
205789000,2025-01-01 06:38:45+00:00,-123.61902,48.93446,0.3,241.9,144.0,LA SELVA,IMO9846081,ONKJ,70.0,48.93465,-123.61769,2025-01-01 06:23:45+00:00,900.0,99.71042551188368,0.2153567928077999,False,False,True,True
205789000,2025-01-01 06:44:45+00:00,-123.61951,48.93422,0.2,222.0,129.0,LA SELVA,IMO9846081,ONKJ,70.0,48.93446,-123.61902,2025-01-01 06:38:45+00:00,360.0,44.73544518205579,0.2415515215630203,False,False,False,True
205789000,2025-01-01 06:50:45+00:00,-123.61978,48.93382,0.3,196.1,113.0,LA SELVA,IMO9846081,ONKJ,70.0,48.93422,-123.61951,2025-01-01 06:44:45+00:00,360.0,48.68385192817736,0.2628711631446341,False,False,False,True
205789000,2025-01-01 06:56:45+00:00,-123.61992,48.93338,0.4,187.7,96.0,LA SELVA,IMO9846081,ONKJ,70.0,48.93382,-123.61978,2025-01-01 06:50:45+00:00,360.0,49.99532682938408,0.2699525447334165,False,False,False,True
205789000,2025-01-01 07:02:45+00:00,-123.61999,48.93289,0.2,176.8,78.0,LA SELVA,IMO9846081,ONKJ,70.0,48.93338,-123.61992,2025-01-01 06:56:45+00:00,360.0,54.732973241580325,0.2955337297386486,False,False,False,True
205789000,2025-01-01 07:08:45+00:00,-123.61995,48.93257,0.1,142.9,65.0,LA SELVA,IMO9846081,ONKJ,70.0,48.93289,-123.61999,2025-01-01 07:02:45+00:00,360.0,35.707181394773464,0.192802909673379,False,False,False,True
205789000,2025-01-01 07:20:45+00:00,-123.61953,48.93215,0.2,131.4,55.0,LA SELVA,IMO9846081,ONKJ,70.0,48.93257,-123.61995,2025-01-01 07:08:45+00:00,720.0,55.93404813232436,0.1510095001688019,False,False,True,True
205789000,2025-01-01 07:26:45+00:00,-123.61903,48.93185,0.2,118.8,43.0,LA SELVA,IMO9846081,ONKJ,70.0,48.93215,-123.61953,2025-01-01 07:20:45+00:00,360.0,49.55028688625242,0.2675495268360359,False,False,False,True
205789000,2025-01-01 07:29:45+00:00,-123.61893,48.9318,0.1,110.8,38.0,LA SELVA,IMO9846081,ONKJ,70.0,48.93185,-123.61903,2025-01-01 07:26:45+00:00,180.0,9.198128426649063,0.0993316108936528,False,False,False,True
205789000,2025-01-01 07:32:45+00:00,-123.61887,48.93173,0.1,136.4,34.0,LA SELVA,IMO9846081,ONKJ,70.0,48.9318,-123.61893,2025-01-01 07:29:45+00:00,180.0,8.940206766144568,0.0965462862239025,False,False,False,True
205789000,2025-01-01 07:44:45+00:00,-123.6189,48.93175,0.1,90.6,31.0,LA SELVA,IMO9846081,ONKJ,70.0,48.93173,-123.61887,2025-01-01 07:32:45+00:00,720.0,3.127106786064241,0.0084424934097543,False,False,True,True
205789000,2025-01-01 07:47:45+00:00,-123.61888,48.93174,0.0,90.4,30.0,LA SELVA,IMO9846081,ONKJ,70.0,48.93175,-123.6189,2025-01-01 07:44:45+00:00,180.0,1.8396275417234755,0.019866342226132,False,False,False,True
205789000,2025-01-01 07:50:45+00:00,-123.61891,48.93174,0.1,343.1,29.0,LA SELVA,IMO9846081,ONKJ,70.0,48.93174,-123.61888,2025-01-01 07:47:45+00:00,180.0,2.198151995785732,0.0237380876416007,False,False,False,True
205789000,2025-01-01 07:56:45+00:00,-123.61887,48.93173,0.1,65.5,30.0,LA SELVA,IMO9846081,ONKJ,70.0,48.93174,-123.61891,2025-01-01 07:50:45+00:00,360.0,3.134761218207798,0.016926317351114,False,False,False,True
205789000,2025-01-01 07:59:45+00:00,-123.61882,48.93174,0.1,65.9,29.0,LA SELVA,IMO9846081,ONKJ,70.0,48.93173,-123.61887,2025-01-01 07:56:45+00:00,180.0,3.8286552546663217,0.041346073501281,False,False,False,True
205789000,2025-01-01 08:02:45+00:00,-123.61879,48.9317,0.0,74.5,27.0,LA SELVA,IMO9846081,ONKJ,70.0,48.93174,-123.61882,2025-01-01 07:59:45+00:00,180.0,4.961811616601183,0.053583154960078,False,False,False,True
205789000,2025-01-01 08:08:45+00:00,-123.61877,48.9317,0.0,344.1,28.0,LA SELVA,IMO9846081,ONKJ,70.0,48.9317,-123.61879,2025-01-01 08:02:45+00:00,360.0,1.4654358352211545,0.0079127022053785,False,False,False,True
205789000,2025-01-01 08:14:45+00:00,-123.61862,48.93169,0.1,61.5,27.0,LA SELVA,IMO9846081,ONKJ,70.0,48.9317,-123.61877,2025-01-01 08:08:45+00:00,360.0,11.046888847096572,0.059648290045945,False,False,False,True
205789000,2025-01-01 08:17:45+00:00,-123.6185,48.93166,0.1,65.3,23.0,LA SELVA,IMO9846081,ONKJ,70.0,48.93169,-123.61862,2025-01-01 08:14:45+00:00,180.0,9.404293493854372,0.1015580103616327,False,False,False,True
205789000,2025-01-01 08:20:45+00:00,-123.61848,48.93164,0.1,335.1,20.0,LA SELVA,IMO9846081,ONKJ,70.0,48.93166,-123.6185,2025-01-01 08:17:45+00:00,180.0,2.663537304935273,0.0287638353045854,False,False,False,True
205789000,2025-01-01 08:29:45+00:00,-123.61878,48.93173,0.1,323.8,27.0,LA SELVA,IMO9846081,ONKJ,70.0,48.93164,-123.61848,2025-01-01 08:20:45+00:00,540.0,24.152919151647996,0.0869433525254434,False,False,False,True
205789000,2025-01-01 08:32:45+00:00,-123.61888,48.93176,0.1,307.6,31.0,LA SELVA,IMO9846081,ONKJ,70.0,48.93173,-123.61878,2025-01-01 08:29:45+00:00,180.0,8.050965075655355,0.0869432664036772,False,False,False,True
205789000,2025-01-01 08:38:45+00:00,-123.61892,48.93176,0.0,334.1,32.0,LA SELVA,IMO9846081,ONKJ,70.0,48.93176,-123.61888,2025-01-01 08:32:45+00:00,360.0,2.9308681573910143,0.0158253854418415,False,False,False,True
205789000,2025-01-01 08:56:45+00:00,-123.61946,48.93213,0.2,309.1,46.0,LA SELVA,IMO9846081,ONKJ,70.0,48.93176,-123.61892,2025-01-01 08:38:45+00:00,1080.0,57.08413839457003,0.1027429922008342,False,False,True,True
205789000,2025-01-01 09:08:45+00:00,-123.61969,48.93229,0.1,359.4,56.0,LA SELVA,IMO9846081,ONKJ,70.0,48.93213,-123.61946,2025-01-01 08:56:45+00:00,720.0,24.50723583308382,0.0661640906969189,False,False,True,True
205789000,2025-01-01 09:11:45+00:00,-123.61965,48.93228,0.0,357.9,54.0,LA SELVA,IMO9846081,ONKJ,70.0,48.93229,-123.61969,2025-01-01 09:08:45+00:00,180.0,3.134731157530549,0.0338523100736343,False,False,False,True
205789000,2025-01-01 09:14:45+00:00,-123.61963,48.9323,0.0,357.9,53.0,LA SELVA,IMO9846081,ONKJ,70.0,48.93228,-123.61965,2025-01-01 09:11:45+00:00,180.0,2.6635272052804977,0.0287637262372913,False,False,False,True
205789000,2025-01-01 09:20:45+00:00,-123.61973,48.93234,0.1,314.2,55.0,LA SELVA,IMO9846081,ONKJ,70.0,48.9323,-123.61963,2025-01-01 09:14:45+00:00,360.0,8.571693398495762,0.0462833347103666,False,False,False,True
205789000,2025-01-01 09:23:45+00:00,-123.61975,48.93237,0.1,312.5,58.0,LA SELVA,IMO9846081,ONKJ,70.0,48.93234,-123.61973,2025-01-01 09:20:45+00:00,180.0,3.64390296971649,0.0393509130480761,False,False,False,True
205789000,2025-01-01 09:26:45+00:00,-123.61977,48.93241,0.0,308.8,60.0,LA SELVA,IMO9846081,ONKJ,70.0,48.93237,-123.61975,2025-01-01 09:23:45+00:00,180.0,4.683497207344384,0.0505776067306905,False,False,False,True
205789000,2025-01-01 09:38:45+00:00,-123.61974,48.93231,0.1,307.7,57.0,LA SELVA,IMO9846081,ONKJ,70.0,48.93241,-123.61977,2025-01-01 09:26:45+00:00,720.0,11.335999980176894,0.0306046808353709,False,False,True,True
205789000,2025-01-01 09:41:45+00:00,-123.61974,48.93229,0.1,165.7,57.0,LA SELVA,IMO9846081,ONKJ,70.0,48.93231,-123.61974,2025-01-01 09:38:45+00:00,180.0,2.2241685229500203,0.0240190430091731,False,False,False,True
205789000,2025-01-01 09:44:45+00:00,-123.61975,48.93229,0.0,278.4,56.0,LA SELVA,IMO9846081,ONKJ,70.0,48.93229,-123.61974,2025-01-01 09:41:45+00:00,180.0,0.7327092838840987,0.007912608968807,False,False,False,True
205789000,2025-01-01 09:50:45+00:00,-123.61965,48.93219,0.0,165.0,51.0,LA SELVA,IMO9846081,ONKJ,70.0,48.93229,-123.61975,2025-01-01 09:44:45+00:00,360.0,13.317639974998006,0.0719093369138892,False,False,False,True
205789000,2025-01-01 09:56:45+00:00,-123.6195,48.93214,0.1,143.0,54.0,LA SELVA,IMO9846081,ONKJ,70.0,48.93219,-123.61965,2025-01-01 09:50:45+00:00,360.0,12.31718466186978,0.0665073228698026,False,False,False,True
205789000,2025-01-01 09:59:45+00:00,-123.6194,48.93206,0.1,140.4,51.0,LA SELVA,IMO9846081,ONKJ,70.0,48.93214,-123.6195,2025-01-01 09:56:45+00:00,180.0,11.525515225541676,0.1244653195334274,False,False,False,True
205789000,2025-01-01 10:02:45+00:00,-123.61932,48.93201,0.1,127.7,48.0,LA SELVA,IMO9846081,ONKJ,70.0,48.93206,-123.6194,2025-01-01 09:59:45+00:00,180.0,8.079471360496704,0.0872511089410439,False,False,False,True
205789000,2025-01-01 10:05:45+00:00,-123.6192,48.93198,0.1,129.7,45.0,LA SELVA,IMO9846081,ONKJ,70.0,48.93201,-123.61932,2025-01-01 10:02:45+00:00,180.0,9.404241021385529,0.1015574437056113,False,False,False,True
205789000,2025-01-01 10:08:45+00:00,-123.61914,48.93194,0.1,143.7,43.0,LA SELVA,IMO9846081,ONKJ,70.0,48.93198,-123.6192,2025-01-01 10:05:45+00:00,180.0,6.254200115216443,0.0675398019553462,False,False,False,True
205789000,2025-01-01 10:11:45+00:00,-123.619,48.9319,0.1,133.7,40.0,LA SELVA,IMO9846081,ONKJ,70.0,48.93194,-123.61914,2025-01-01 10:08:45+00:00,180.0,11.18098306401018,0.1207446784396974,False,False,False,True
205789000,2025-01-01 10:17:45+00:00,-123.61887,48.93182,0.1,130.8,33.0,LA SELVA,IMO9846081,ONKJ,70.0,48.9319,-123.619,2025-01-01 10:11:45+00:00,360.0,13.033886037043146,0.0703771917617943,False,False,False,True
205789000,2025-01-01 10:20:45+00:00,-123.61886,48.93179,0.1,131.6,34.0,LA SELVA,IMO9846081,ONKJ,70.0,48.93182,-123.61887,2025-01-01 10:17:45+00:00,180.0,3.415765508955809,0.0368872312607147,False,False,False,True
205789000,2025-01-01 10:23:45+00:00,-123.61877,48.93178,0.2,106.0,34.0,LA SELVA,IMO9846081,ONKJ,70.0,48.93179,-123.61886,2025-01-01 10:20:45+00:00,180.0,6.687563293263293,0.0722197390665384,False,False,False,True
205789000,2025-01-01 10:26:45+00:00,-123.61863,48.93179,0.1,92.1,32.0,LA SELVA,IMO9846081,ONKJ,70.0,48.93178,-123.61877,2025-01-01 10:23:45+00:00,180.0,10.318138447841982,0.111426723558073,False,False,False,True
205789000,2025-01-01 10:29:45+00:00,-123.61853,48.93175,0.1,86.8,30.0,LA SELVA,IMO9846081,ONKJ,70.0,48.93179,-123.61863,2025-01-01 10:26:45+00:00,180.0,8.57176197377175,0.0925674099727582,False,False,False,True
205789000,2025-01-01 10:32:45+00:00,-123.61841,48.93175,0.1,94.5,27.0,LA SELVA,IMO9846081,ONKJ,70.0,48.93175,-123.61853,2025-01-01 10:29:45+00:00,180.0,8.792606229219171,0.0949523316255855,False,False,False,True
205789000,2025-01-01 10:35:45+00:00,-123.61833,48.93176,0.0,73.7,25.0,LA SELVA,IMO9846081,ONKJ,70.0,48.93175,-123.61841,2025-01-01 10:32:45+00:00,180.0,5.966296225958481,0.0644306958659285,False,False,False,True
205789000,2025-01-01 10:38:45+00:00,-123.61832,48.93175,0.0,73.7,26.0,LA SELVA,IMO9846081,ONKJ,70.0,48.93176,-123.61833,2025-01-01 10:35:45+00:00,180.0,1.3317678233977923,0.0143819086990753,False,False,False,True
205789000,2025-01-01 10:44:45+00:00,-123.61817,48.93169,0.2,138.0,23.0,LA SELVA,IMO9846081,ONKJ,70.0,48.93175,-123.61832,2025-01-01 10:38:45+00:00,360.0,12.85765231273785,0.0694256079766453,False,False,False,True
205789000,2025-01-01 10:53:45+00:00,-123.61778,48.93154,0.2,155.7,12.0,LA SELVA,IMO9846081,ONKJ,70.0,48.93169,-123.61817,2025-01-01 10:44:45+00:00,540.0,33.08859287104922,0.1191091303082598,False,False,False,True
205789000,2025-01-01 10:59:45+00:00,-123.61745,48.93158,0.1,88.2,8.0,LA SELVA,IMO9846081,ONKJ,70.0,48.93154,-123.61778,2025-01-01 10:53:45+00:00,360.0,24.585533079715955,0.1327509517268751,False,False,False,True
205789000,2025-01-01 11:02:45+00:00,-123.61733,48.9316,0.1,82.8,6.0,LA SELVA,IMO9846081,ONKJ,70.0,48.93158,-123.61745,2025-01-01 10:59:45+00:00,180.0,9.069583384507116,0.0979434387007795,False,False,False,True
205789000,2025-01-01 11:05:45+00:00,-123.61717,48.93161,0.1,77.9,1.0,LA SELVA,IMO9846081,ONKJ,70.0,48.9316,-123.61733,2025-01-01 11:02:45+00:00,180.0,11.776136569755794,0.1271718072764116,False,False,False,True
205789000,2025-01-01 11:08:45+00:00,-123.61699,48.93166,0.1,81.3,358.0,LA SELVA,IMO9846081,ONKJ,70.0,48.93161,-123.61717,2025-01-01 11:05:45+00:00,180.0,14.313155020221185,0.1545693514139263,False,False,False,True
205789000,2025-01-01 11:17:45+00:00,-123.61658,48.93171,0.1,123.5,347.0,LA SELVA,IMO9846081,ONKJ,70.0,48.93166,-123.61699,2025-01-01 11:08:45+00:00,540.0,30.551703925917234,0.1099770817765832,False,False,False,True
205789000,2025-01-01 11:20:45+00:00,-123.61645,48.93168,0.1,105.2,344.0,LA SELVA,IMO9846081,ONKJ,70.0,48.93171,-123.61658,2025-01-01 11:17:45+00:00,180.0,10.092698636638987,0.108992173988024,False,False,False,True
205789000,2025-01-01 11:23:45+00:00,-123.61635,48.93165,0.0,101.7,340.0,LA SELVA,IMO9846081,ONKJ,70.0,48.93168,-123.61645,2025-01-01 11:20:45+00:00,180.0,8.05097571031752,0.0869433812485755,False,False,False,True
205789000,2025-01-01 11:26:45+00:00,-123.61628,48.93169,0.0,101.7,338.0,LA SELVA,IMO9846081,ONKJ,70.0,48.93165,-123.61635,2025-01-01 11:23:45+00:00,180.0,6.789302720552975,0.0733184344462205,False,False,False,True
205789000,2025-01-01 11:29:45+00:00,-123.61626,48.93172,0.0,101.7,338.0,LA SELVA,IMO9846081,ONKJ,70.0,48.93169,-123.61628,2025-01-01 11:26:45+00:00,180.0,3.643910274225607,0.0393509919302816,False,False,False,True
205789000,2025-01-01 11:32:45+00:00,-123.61626,48.93173,0.0,101.7,338.0,LA SELVA,IMO9846081,ONKJ,70.0,48.93172,-123.61626,2025-01-01 11:29:45+00:00,180.0,1.1120841492020557,0.0120095202921384,False,False,False,True
205789000,2025-01-01 11:38:45+00:00,-123.61604,48.93181,0.1,50.0,333.0,LA SELVA,IMO9846081,ONKJ,70.0,48.93173,-123.61626,2025-01-01 11:32:45+00:00,360.0,18.411893797160573,0.0994160434407572,False,False,False,True
205789000,2025-01-01 11:41:45+00:00,-123.61596,48.93184,0.1,23.1,331.0,LA SELVA,IMO9846081,ONKJ,70.0,48.93181,-123.61604,2025-01-01 11:38:45+00:00,180.0,6.744660421538697,0.0728363372989098,False,False,False,True
205789000,2025-01-01 11:47:45+00:00,-123.61589,48.93181,0.0,32.5,328.0,LA SELVA,IMO9846081,ONKJ,70.0,48.93184,-123.61596,2025-01-01 11:41:45+00:00,360.0,6.118606967978636,0.0330377582462099,False,False,False,True
205789000,2025-01-01 11:53:45+00:00,-123.61588,48.93181,0.0,307.5,327.0,LA SELVA,IMO9846081,ONKJ,70.0,48.93181,-123.61589,2025-01-01 11:47:45+00:00,360.0,0.7327163068974503,0.0039563424055542,False,False,False,True
205789000,2025-01-01 11:59:45+00:00,-123.616,48.9318,0.1,277.4,328.0,LA SELVA,IMO9846081,ONKJ,70.0,48.93181,-123.61588,2025-01-01 11:53:45+00:00,360.0,8.862645521214576,0.0478543468609937,False,False,False,True
205789000,2025-01-01 12:20:45+00:00,-123.61717,48.93158,0.1,279.5,351.0,LA SELVA,IMO9846081,ONKJ,70.0,48.9318,-123.616,2025-01-01 11:59:45+00:00,1260.0,89.15082816796702,0.1375356712904928,False,False,True,True
205789000,2025-01-01 12:23:45+00:00,-123.6172,48.93161,0.0,245.7,355.0,LA SELVA,IMO9846081,ONKJ,70.0,48.93158,-123.61717,2025-01-01 12:20:45+00:00,180.0,3.9953072577020174,0.0431457669989527,False,False,False,True
205789000,2025-01-01 12:26:45+00:00,-123.61722,48.93158,0.0,245.7,358.0,LA SELVA,IMO9846081,ONKJ,70.0,48.93161,-123.6172,2025-01-01 12:23:45+00:00,180.0,3.643911510263605,0.0393510052783933,False,False,False,True
205789000,2025-01-01 12:32:45+00:00,-123.61701,48.93157,0.2,104.6,357.0,LA SELVA,IMO9846081,ONKJ,70.0,48.93158,-123.61722,2025-01-01 12:26:45+00:00,360.0,15.427249567294105,0.0833002911080249,False,False,False,True
205789000,2025-01-01 12:56:45+00:00,-123.61683,48.9316,0.0,112.2,351.0,LA SELVA,IMO9846081,ONKJ,70.0,48.93157,-123.61701,2025-01-01 12:32:45+00:00,1440.0,13.604376352466698,0.0183643964784575,False,False,True,True
205789000,2025-01-01 12:59:45+00:00,-123.61678,48.9316,0.1,119.1,349.0,LA SELVA,IMO9846081,ONKJ,70.0,48.9316,-123.61683,2025-01-01 12:56:45+00:00,180.0,3.663596902648841,0.0395635900180273,False,False,False,True
205789000,2025-01-01 13:02:45+00:00,-123.6167,48.93156,0.1,137.2,346.0,LA SELVA,IMO9846081,ONKJ,70.0,48.9316,-123.61678,2025-01-01 12:59:45+00:00,180.0,7.358525476942084,0.0794655342394394,False,False,False,True
205789000,2025-01-01 13:05:45+00:00,-123.61668,48.93153,0.1,202.0,343.0,LA SELVA,IMO9846081,ONKJ,70.0,48.93156,-123.6167,2025-01-01 13:02:45+00:00,180.0,3.643912071715269,0.0393510113415722,False,False,False,True
205789000,2025-01-01 13:08:45+00:00,-123.61677,48.93149,0.1,272.7,345.0,LA SELVA,IMO9846081,ONKJ,70.0,48.93153,-123.61668,2025-01-01 13:05:45+00:00,180.0,7.954555066552866,0.0859021240031562,False,False,False,True
205789000,2025-01-01 13:11:45+00:00,-123.61685,48.93152,0.0,246.9,348.0,LA SELVA,IMO9846081,ONKJ,70.0,48.93149,-123.61677,2025-01-01 13:08:45+00:00,180.0,6.744692887253243,0.0728366878997685,False,False,False,True
205789000,2025-01-01 13:14:45+00:00,-123.61687,48.93154,0.1,160.6,350.0,LA SELVA,IMO9846081,ONKJ,70.0,48.93152,-123.61685,2025-01-01 13:11:45+00:00,180.0,2.6635391983334515,0.0287638557516027,False,False,False,True
205789000,2025-01-01 13:17:45+00:00,-123.6168,48.93155,0.1,74.5,351.0,LA SELVA,IMO9846081,ONKJ,70.0,48.93154,-123.61687,2025-01-01 13:14:45+00:00,180.0,5.248218338843967,0.0566760929765469,False,False,False,True
205789000,2025-01-01 13:23:45+00:00,-123.61661,48.93161,0.1,113.7,345.0,LA SELVA,IMO9846081,ONKJ,70.0,48.93155,-123.6168,2025-01-01 13:17:45+00:00,360.0,15.438112598322006,0.0833589466475618,False,False,False,True
205789000,2025-01-01 13:26:45+00:00,-123.61654,48.93162,0.0,172.2,341.0,LA SELVA,IMO9846081,ONKJ,70.0,48.93161,-123.61661,2025-01-01 13:23:45+00:00,180.0,5.248211332969709,0.0566760173193324,False,False,False,True
205789000,2025-01-01 13:32:45+00:00,-123.61661,48.93152,0.0,158.9,344.0,LA SELVA,IMO9846081,ONKJ,70.0,48.93162,-123.61654,2025-01-01 13:26:45+00:00,360.0,12.246638204933044,0.0661264033563251,False,False,False,True
205789000,2025-01-01 13:35:45+00:00,-123.61664,48.93155,0.0,136.7,345.0,LA SELVA,IMO9846081,ONKJ,70.0,48.93152,-123.61661,2025-01-01 13:32:45+00:00,180.0,3.995308678455571,0.0431457823418282,False,False,False,True
205789000,2025-01-01 13:38:45+00:00,-123.61663,48.93159,0.1,13.9,346.0,LA SELVA,IMO9846081,ONKJ,70.0,48.93155,-123.61664,2025-01-01 13:35:45+00:00,180.0,4.508278581920162,0.0486854013259982,False,False,False,True
205789000,2025-01-01 13:41:45+00:00,-123.6166,48.9316,0.1,39.1,347.0,LA SELVA,IMO9846081,ONKJ,70.0,48.93159,-123.61663,2025-01-01 13:38:45+00:00,180.0,2.463459211112174,0.0266031697384904,False,False,False,True
205789000,2025-01-01 13:44:45+00:00,-123.61657,48.93164,0.0,17.3,346.0,LA SELVA,IMO9846081,ONKJ,70.0,48.9316,-123.6166,2025-01-01 13:41:45+00:00,180.0,4.96181349161086,0.0535831752085158,False,False,False,True
205789000,2025-01-01 13:50:45+00:00,-123.61657,48.93162,0.0,319.0,346.0,LA SELVA,IMO9846081,ONKJ,70.0,48.93164,-123.61657,2025-01-01 13:44:45+00:00,360.0,2.22416826243983,0.0120095200979473,False,False,False,True
205789000,2025-01-01 13:56:45+00:00,-123.61658,48.93162,0.1,55.1,346.0,LA SELVA,IMO9846081,ONKJ,70.0,48.93162,-123.61657,2025-01-01 13:50:45+00:00,360.0,0.732719088279323,0.0039563574237802,False,False,False,True
205789000,2025-01-01 14:08:45+00:00,-123.6166,48.9316,0.0,341.9,344.0,LA SELVA,IMO9846081,ONKJ,70.0,48.93162,-123.61658,2025-01-01 13:56:45+00:00,720.0,2.6635379354792668,0.007190960528475,False,False,True,True
205789000,2025-01-01 14:26:45+00:00,-123.61669,48.93158,0.1,55.1,347.0,LA SELVA,IMO9846081,ONKJ,70.0,48.9316,-123.6166,2025-01-01 14:08:45+00:00,1080.0,6.959456496432399,0.0125259906629862,False,False,True,True
205789000,2025-01-01 14:32:45+00:00,-123.61659,48.93165,0.0,85.4,342.0,LA SELVA,IMO9846081,ONKJ,70.0,48.93158,-123.61669,2025-01-01 14:26:45+00:00,360.0,10.690536059728815,0.0577241433731757,False,False,False,True
205789000,2025-01-01 14:35:45+00:00,-123.61664,48.93163,0.0,199.7,342.0,LA SELVA,IMO9846081,ONKJ,70.0,48.93165,-123.61659,2025-01-01 14:32:45+00:00,180.0,4.285889091331787,0.046283792507191,False,False,False,True
205789000,2025-01-01 14:56:45+00:00,-123.61646,48.93163,0.0,204.4,340.0,LA SELVA,IMO9846081,ONKJ,70.0,48.93163,-123.61664,2025-01-01 14:35:45+00:00,1260.0,13.188940950856471,0.0203469769665975,False,False,True,True
205789000,2025-01-01 14:59:45+00:00,-123.6165,48.93165,0.0,204.4,341.0,LA SELVA,IMO9846081,ONKJ,70.0,48.93163,-123.61646,2025-01-01 14:56:45+00:00,180.0,3.6792599529933647,0.0397327370390367,False,False,False,True
205789000,2025-01-01 15:02:45+00:00,-123.61647,48.93167,0.1,33.4,340.0,LA SELVA,IMO9846081,ONKJ,70.0,48.93165,-123.6165,2025-01-01 14:59:45+00:00,180.0,3.127109232551352,0.0337700000589034,False,False,False,True
205789000,2025-01-01 15:05:45+00:00,-123.61643,48.93167,0.1,41.1,338.0,LA SELVA,IMO9846081,ONKJ,70.0,48.93167,-123.61647,2025-01-01 15:02:45+00:00,180.0,2.930873426446075,0.0316508277847941,False,False,False,True
205789000,2025-01-01 15:20:45+00:00,-123.61641,48.93171,0.1,68.8,333.0,LA SELVA,IMO9846081,ONKJ,70.0,48.93167,-123.61643,2025-01-01 15:05:45+00:00,900.0,4.683503102094526,0.0101155340777504,False,False,True,True
205789000,2025-01-01 15:23:45+00:00,-123.61622,48.93179,0.2,61.8,329.0,LA SELVA,IMO9846081,ONKJ,70.0,48.93171,-123.61641,2025-01-01 15:20:45+00:00,180.0,16.521576193671578,0.1784183370461475,False,False,False,True
205789000,2025-01-01 15:29:45+00:00,-123.61586,48.93193,0.1,59.3,317.0,LA SELVA,IMO9846081,ONKJ,70.0,48.93179,-123.61622,2025-01-01 15:23:45+00:00,360.0,30.62981520571815,0.1653873888596754,False,False,False,True
205789000,2025-01-01 15:35:45+00:00,-123.61578,48.93194,0.1,101.8,319.0,LA SELVA,IMO9846081,ONKJ,70.0,48.93193,-123.61586,2025-01-01 15:29:45+00:00,360.0,5.966275529305912,0.0322152361802389,False,False,False,True
205789000,2025-01-01 15:38:45+00:00,-123.61574,48.93198,0.1,44.0,323.0,LA SELVA,IMO9846081,ONKJ,70.0,48.93194,-123.61578,2025-01-01 15:35:45+00:00,180.0,5.32706482566563,0.0575275649484548,False,False,False,True
205789000,2025-01-01 15:41:45+00:00,-123.61562,48.93206,0.2,43.5,324.0,LA SELVA,IMO9846081,ONKJ,70.0,48.93198,-123.61574,2025-01-01 15:38:45+00:00,180.0,12.5083928899203,0.1350795246396815,False,False,False,True
205789000,2025-01-01 15:44:45+00:00,-123.61547,48.93217,0.2,42.2,319.0,LA SELVA,IMO9846081,ONKJ,70.0,48.93206,-123.61562,2025-01-01 15:41:45+00:00,180.0,16.445044417182377,0.1775918618883099,False,False,False,True
205789000,2025-01-01 15:47:45+00:00,-123.61534,48.93229,0.1,58.1,312.0,LA SELVA,IMO9846081,ONKJ,70.0,48.93217,-123.61547,2025-01-01 15:44:45+00:00,180.0,16.395711770643963,0.1770591131569364,False,False,False,True
205789000,2025-01-01 15:50:45+00:00,-123.61527,48.93234,0.1,66.1,308.0,LA SELVA,IMO9846081,ONKJ,70.0,48.93229,-123.61534,2025-01-01 15:47:45+00:00,180.0,7.564690399214318,0.0816919321422709,False,False,False,True
205789000,2025-01-01 15:59:45+00:00,-123.61524,48.93217,0.0,183.5,306.0,LA SELVA,IMO9846081,ONKJ,70.0,48.93234,-123.61527,2025-01-01 15:50:45+00:00,540.0,19.03279125671563,0.0685124091786187,False,False,False,True
205789000,2025-01-01 16:05:45+00:00,-123.6154,48.93214,0.0,313.4,307.0,LA SELVA,IMO9846081,ONKJ,70.0,48.93217,-123.61524,2025-01-01 15:59:45+00:00,360.0,12.188856555518264,0.0658144081302184,False,False,False,True
205789000,2025-01-01 16:08:45+00:00,-123.61546,48.93214,0.0,321.3,310.0,LA SELVA,IMO9846081,ONKJ,70.0,48.93214,-123.6154,2025-01-01 16:05:45+00:00,180.0,4.396268872399046,0.0474757960273564,False,False,False,True
205789000,2025-01-01 16:11:45+00:00,-123.61544,48.9321,0.1,147.6,312.0,LA SELVA,IMO9846081,ONKJ,70.0,48.93214,-123.61546,2025-01-01 16:08:45+00:00,180.0,4.683499480002231,0.0505776312733752,False,False,False,True
205789000,2025-01-01 16:14:45+00:00,-123.61538,48.93209,0.1,112.9,313.0,LA SELVA,IMO9846081,ONKJ,70.0,48.9321,-123.61544,2025-01-01 16:11:45+00:00,180.0,4.534748729871417,0.0489712553948514,False,False,False,True
205789000,2025-01-01 16:17:45+00:00,-123.61531,48.93209,0.1,52.9,311.0,LA SELVA,IMO9846081,ONKJ,70.0,48.93209,-123.61538,2025-01-01 16:14:45+00:00,180.0,5.128985473017314,0.0553884840103887,False,False,False,True
205789000,2025-01-01 16:20:45+00:00,-123.61526,48.9321,0.1,7.8,309.0,LA SELVA,IMO9846081,ONKJ,70.0,48.93209,-123.61531,2025-01-01 16:17:45+00:00,180.0,3.828630068541421,0.0413458015135197,False,False,False,True
205789000,2025-01-01 16:23:45+00:00,-123.61532,48.93216,0.1,323.9,309.0,LA SELVA,IMO9846081,ONKJ,70.0,48.9321,-123.61526,2025-01-01 16:20:45+00:00,180.0,7.990589191557408,0.0862912605228719,False,False,False,True
205789000,2025-01-01 16:26:45+00:00,-123.61535,48.93212,0.1,136.5,310.0,LA SELVA,IMO9846081,ONKJ,70.0,48.93216,-123.61532,2025-01-01 16:23:45+00:00,180.0,4.961803741912375,0.0535830699204386,False,False,False,True
205789000,2025-01-01 16:32:45+00:00,-123.61533,48.93216,0.0,7.6,311.0,LA SELVA,IMO9846081,ONKJ,70.0,48.93212,-123.61535,2025-01-01 16:26:45+00:00,360.0,4.683499312562613,0.025288814732588,False,False,False,True
205789000,2025-01-01 16:35:45+00:00,-123.61526,48.93208,0.0,359.3,311.0,LA SELVA,IMO9846081,ONKJ,70.0,48.93216,-123.61533,2025-01-01 16:32:45+00:00,180.0,10.269238792158506,0.1108986507430521,False,False,False,True
205789000,2025-01-01 16:38:45+00:00,-123.61527,48.93216,0.0,329.8,310.0,LA SELVA,IMO9846081,ONKJ,70.0,48.93208,-123.61526,2025-01-01 16:35:45+00:00,180.0,8.926795138916791,0.0964014525712889,False,False,False,True
205789000,2025-01-01 16:50:45+00:00,-123.61532,48.9321,0.1,34.8,312.0,LA SELVA,IMO9846081,ONKJ,70.0,48.93216,-123.61527,2025-01-01 16:38:45+00:00,720.0,7.612094722058156,0.0205509641729521,False,False,True,True
205789000,2025-01-01 16:53:45+00:00,-123.61534,48.93204,0.0,13.6,312.0,LA SELVA,IMO9846081,ONKJ,70.0,48.9321,-123.61532,2025-01-01 16:50:45+00:00,180.0,6.831529656223126,0.0737744478164042,False,False,False,True
205789000,2025-01-01 17:02:45+00:00,-123.61558,48.93191,0.1,317.3,316.0,LA SELVA,IMO9846081,ONKJ,70.0,48.93204,-123.61534,2025-01-01 16:53:45+00:00,540.0,22.76498411198328,0.0819471976226621,False,False,False,True
205789000,2025-01-01 17:08:45+00:00,-123.61574,48.93188,0.0,239.1,323.0,LA SELVA,IMO9846081,ONKJ,70.0,48.93191,-123.61558,2025-01-01 17:02:45+00:00,360.0,12.188915065016245,0.0658147240555032,False,False,False,True
205789000,2025-01-01 17:11:45+00:00,-123.6158,48.9319,0.0,333.7,327.0,LA SELVA,IMO9846081,ONKJ,70.0,48.93188,-123.61574,2025-01-01 17:08:45+00:00,180.0,4.926895360136788,0.0532060904269349,False,False,False,True
205789000,2025-01-01 17:17:45+00:00,-123.61593,48.93178,0.0,195.9,330.0,LA SELVA,IMO9846081,ONKJ,70.0,48.9319,-123.6158,2025-01-01 17:11:45+00:00,360.0,16.39575413451972,0.0885297853245689,False,False,False,True
205789000,2025-01-01 17:26:45+00:00,-123.61591,48.93185,0.0,76.5,327.0,LA SELVA,IMO9846081,ONKJ,70.0,48.93178,-123.61593,2025-01-01 17:17:45+00:00,540.0,7.92132065227801,0.0285144072902297,False,False,False,True
205789000,2025-01-01 17:29:45+00:00,-123.61588,48.93181,0.0,39.1,327.0,LA SELVA,IMO9846081,ONKJ,70.0,48.93185,-123.61591,2025-01-01 17:26:45+00:00,180.0,4.961809553558892,0.053583132681055,False,False,False,True
205789000,2025-01-01 17:32:45+00:00,-123.61589,48.93179,0.1,13.5,327.0,LA SELVA,IMO9846081,ONKJ,70.0,48.93181,-123.61588,2025-01-01 17:29:45+00:00,180.0,2.341751087489158,0.0252888301883606,False,False,False,True
205789000,2025-01-01 17:35:45+00:00,-123.61592,48.93181,0.1,0.5,327.0,LA SELVA,IMO9846081,ONKJ,70.0,48.93179,-123.61589,2025-01-01 17:32:45+00:00,180.0,3.127104951465244,0.0337699538269788,False,False,False,True
205789000,2025-01-01 17:38:45+00:00,-123.61593,48.93183,0.1,23.3,327.0,LA SELVA,IMO9846081,ONKJ,70.0,48.93181,-123.61592,2025-01-01 17:35:45+00:00,180.0,2.3417510021780297,0.0252888292670763,False,False,False,True
205789000,2025-01-01 17:47:45+00:00,-123.61575,48.93191,0.1,48.2,324.0,LA SELVA,IMO9846081,ONKJ,70.0,48.93183,-123.61593,2025-01-01 17:38:45+00:00,540.0,15.909031834470944,0.0572678008168851,False,False,False,True
205789000,2025-01-01 17:53:45+00:00,-123.61567,48.93192,0.1,20.3,322.0,LA SELVA,IMO9846081,ONKJ,70.0,48.93191,-123.61575,2025-01-01 17:47:45+00:00,360.0,5.96627783048562,0.0322152486055865,False,False,False,True
205789000,2025-01-01 18:02:45+00:00,-123.61564,48.932,0.0,20.4,321.0,LA SELVA,IMO9846081,ONKJ,70.0,48.93192,-123.61567,2025-01-01 17:53:45+00:00,540.0,9.164203741056449,0.0329884181481762,False,False,False,True
205789000,2025-01-01 18:05:45+00:00,-123.6156,48.932,0.0,20.4,321.0,LA SELVA,IMO9846081,ONKJ,70.0,48.932,-123.61564,2025-01-01 18:02:45+00:00,180.0,2.9308541093185467,0.0316506191769875,False,False,False,True
205789000,2025-01-01 18:08:45+00:00,-123.61559,48.93201,0.0,20.4,320.0,LA SELVA,IMO9846081,ONKJ,70.0,48.932,-123.6156,2025-01-01 18:05:45+00:00,180.0,1.331765851934966,0.0143818874090292,False,False,False,True
205789000,2025-01-01 18:11:45+00:00,-123.61554,48.93199,0.0,20.4,319.0,LA SELVA,IMO9846081,ONKJ,70.0,48.93201,-123.61559,2025-01-01 18:08:45+00:00,180.0,4.285866649607773,0.0462835501565198,False,False,False,True
205789000,2025-01-01 18:14:45+00:00,-123.61555,48.93198,0.0,20.4,319.0,LA SELVA,IMO9846081,ONKJ,70.0,48.93199,-123.61554,2025-01-01 18:11:45+00:00,180.0,1.3317660091282824,0.0143818891065773,False,False,False,True
205789000,2025-01-01 18:17:45+00:00,-123.61558,48.932,0.1,252.9,320.0,LA SELVA,IMO9846081,ONKJ,70.0,48.93198,-123.61555,2025-01-01 18:14:45+00:00,180.0,3.127099139424563,0.0337698910621057,False,False,False,True
205789000,2025-01-01 18:20:45+00:00,-123.6156,48.93203,0.1,258.4,321.0,LA SELVA,IMO9846081,ONKJ,70.0,48.932,-123.61558,2025-01-01 18:17:45+00:00,180.0,3.643906791679191,0.0393509543218759,False,False,False,True
205789000,2025-01-01 18:23:45+00:00,-123.61569,48.93203,0.1,281.7,322.0,LA SELVA,IMO9846081,ONKJ,70.0,48.93203,-123.6156,2025-01-01 18:20:45+00:00,180.0,6.594417795198148,0.0712138504834331,False,False,False,True
205789000,2025-01-01 18:32:44+00:00,-123.61582,48.93212,0.1,344.2,327.0,LA SELVA,IMO9846081,ONKJ,70.0,48.93203,-123.61569,2025-01-01 18:23:45+00:00,539.0,13.816868104893976,0.0498289070445586,False,False,False,True
205789000,2025-01-01 18:35:45+00:00,-123.61587,48.93209,0.1,336.9,327.0,LA SELVA,IMO9846081,ONKJ,70.0,48.93212,-123.61582,2025-01-01 18:32:44+00:00,181.0,4.955023048486705,0.0532142099589524,False,False,False,True
205789000,2025-01-01 18:38:45+00:00,-123.61595,48.9321,0.0,333.0,329.0,LA SELVA,IMO9846081,ONKJ,70.0,48.93209,-123.61587,2025-01-01 18:35:45+00:00,180.0,5.966257132771975,0.0644302736942637,False,False,False,True
205789000,2025-01-01 18:41:45+00:00,-123.616,48.93207,0.0,333.0,330.0,LA SELVA,IMO9846081,ONKJ,70.0,48.9321,-123.61595,2025-01-01 18:38:45+00:00,180.0,4.955024122805339,0.0535098560604107,False,False,False,True
205789000,2025-01-01 18:44:45+00:00,-123.61604,48.93204,0.0,333.0,332.0,LA SELVA,IMO9846081,ONKJ,70.0,48.93207,-123.616,2025-01-01 18:41:45+00:00,180.0,4.440773427865404,0.0479564056667882,False,False,False,True
205789000,2025-01-01 18:47:45+00:00,-123.61613,48.93198,0.1,261.6,336.0,LA SELVA,IMO9846081,ONKJ,70.0,48.93204,-123.61604,2025-01-01 18:44:45+00:00,180.0,9.381295584735971,0.1013096533857398,False,False,False,True
205789000,2025-01-01 18:50:45+00:00,-123.61626,48.93194,0.1,252.0,340.0,LA SELVA,IMO9846081,ONKJ,70.0,48.93198,-123.61613,2025-01-01 18:47:45+00:00,180.0,10.512788650151665,0.1135287727206156,False,False,False,True
205789000,2025-01-01 18:56:45+00:00,-123.61657,48.93184,0.1,267.5,347.0,LA SELVA,IMO9846081,ONKJ,70.0,48.93194,-123.61626,2025-01-01 18:50:45+00:00,360.0,25.2904449815558,0.1365571627026317,False,False,False,True
205789000,2025-01-01 19:02:45+00:00,-123.61686,48.93179,0.1,273.7,354.0,LA SELVA,IMO9846081,ONKJ,70.0,48.93184,-123.61657,2025-01-01 18:56:45+00:00,360.0,21.964255973934787,0.1185972203677038,False,False,False,True
205789000,2025-01-01 19:05:45+00:00,-123.61695,48.93179,0.0,313.5,356.0,LA SELVA,IMO9846081,ONKJ,70.0,48.93179,-123.61686,2025-01-01 19:02:45+00:00,180.0,6.594449403375789,0.0712141918236555,False,False,False,True
205789000,2025-01-01 19:14:45+00:00,-123.61716,48.93176,0.1,337.1,2.0,LA SELVA,IMO9846081,ONKJ,70.0,48.93179,-123.61695,2025-01-01 19:05:45+00:00,540.0,15.744585968541651,0.0566758444242407,False,False,False,True
205789000,2025-01-01 19:23:45+00:00,-123.61728,48.93179,0.1,351.2,6.0,LA SELVA,IMO9846081,ONKJ,70.0,48.93176,-123.61716,2025-01-01 19:14:45+00:00,540.0,9.40427709631902,0.0338526110942754,False,False,False,True
205789000,2025-01-01 19:26:45+00:00,-123.61734,48.93176,0.1,349.5,6.0,LA SELVA,IMO9846081,ONKJ,70.0,48.93179,-123.61728,2025-01-01 19:23:45+00:00,180.0,5.518880537567877,0.0595990041341441,False,False,False,True
205789000,2025-01-01 19:29:45+00:00,-123.61734,48.93184,0.1,327.3,6.0,LA SELVA,IMO9846081,ONKJ,70.0,48.93176,-123.61734,2025-01-01 19:26:45+00:00,180.0,8.896673316163755,0.0960761636605097,False,False,False,True
205789000,2025-01-01 19:32:45+00:00,-123.61744,48.93184,0.1,304.7,7.0,LA SELVA,IMO9846081,ONKJ,70.0,48.93184,-123.61734,2025-01-01 19:29:45+00:00,180.0,7.327158687285071,0.0791268007927345,False,False,False,True
205789000,2025-01-01 19:38:45+00:00,-123.61779,48.93188,0.1,313.8,15.0,LA SELVA,IMO9846081,ONKJ,70.0,48.93184,-123.61744,2025-01-01 19:32:45+00:00,360.0,26.027985721882622,0.140539554904512,False,False,False,True
205789000,2025-01-01 19:41:45+00:00,-123.61789,48.9319,0.1,310.6,18.0,LA SELVA,IMO9846081,ONKJ,70.0,48.93188,-123.61779,2025-01-01 19:38:45+00:00,180.0,7.657288821719554,0.0826919127956185,False,False,False,True
205789000,2025-01-01 19:44:45+00:00,-123.61797,48.93189,0.0,269.1,20.0,LA SELVA,IMO9846081,ONKJ,70.0,48.9319,-123.61789,2025-01-01 19:41:45+00:00,180.0,5.966280128483397,0.0644305220275064,False,False,False,True
205789000,2025-01-01 19:59:45+00:00,-123.61831,48.93199,0.1,321.2,27.0,LA SELVA,IMO9846081,ONKJ,70.0,48.93189,-123.61797,2025-01-01 19:44:45+00:00,900.0,27.281776097102064,0.058923786276212,False,False,True,True
205789000,2025-01-01 20:02:45+00:00,-123.61838,48.93201,0.0,307.1,29.0,LA SELVA,IMO9846081,ONKJ,70.0,48.93199,-123.61831,2025-01-01 19:59:45+00:00,180.0,5.590484026437763,0.0603722581663932,False,False,False,True
205789000,2025-01-01 20:05:45+00:00,-123.61844,48.93205,0.1,315.1,31.0,LA SELVA,IMO9846081,ONKJ,70.0,48.93201,-123.61838,2025-01-01 20:02:45+00:00,180.0,6.2541958337769294,0.0675397557196052,False,False,False,True
205789000,2025-01-01 20:08:45+00:00,-123.61852,48.93211,0.1,286.5,34.0,LA SELVA,IMO9846081,ONKJ,70.0,48.93205,-123.61844,2025-01-01 20:05:45+00:00,180.0,8.881544943940048,0.0959127906879356,False,False,False,True
205789000,2025-01-01 20:11:45+00:00,-123.61864,48.93215,0.1,304.8,36.0,LA SELVA,IMO9846081,ONKJ,70.0,48.93211,-123.61852,2025-01-01 20:08:45+00:00,180.0,9.85375320098628,0.1064117756789176,False,False,False,True
205789000,2025-01-01 20:14:45+00:00,-123.61878,48.93217,0.1,300.3,37.0,LA SELVA,IMO9846081,ONKJ,70.0,48.93215,-123.61864,2025-01-01 20:11:45+00:00,180.0,10.496313594088402,0.1133508567596266,False,False,False,True
205789000,2025-01-01 20:17:45+00:00,-123.61888,48.93221,0.1,304.1,39.0,LA SELVA,IMO9846081,ONKJ,70.0,48.93217,-123.61878,2025-01-01 20:14:45+00:00,180.0,8.571709606683417,0.0925668444547527,False,False,False,True
205789000,2025-01-01 20:20:45+00:00,-123.61901,48.9322,0.1,307.7,41.0,LA SELVA,IMO9846081,ONKJ,70.0,48.93221,-123.61888,2025-01-01 20:17:45+00:00,180.0,9.58993579478413,0.1035627821962954,False,False,False,True
205789000,2025-01-01 20:35:45+00:00,-123.61953,48.93256,0.2,330.5,58.0,LA SELVA,IMO9846081,ONKJ,70.0,48.9322,-123.61901,2025-01-01 20:20:45+00:00,900.0,55.26731395925779,0.1193675728517374,False,False,True,True
205789000,2025-01-01 20:44:45+00:00,-123.61961,48.93283,0.1,340.7,68.0,LA SELVA,IMO9846081,ONKJ,70.0,48.93256,-123.61953,2025-01-01 20:35:45+00:00,540.0,30.59307090335375,0.1101259906384724,False,False,False,True
205789000,2025-01-01 20:50:45+00:00,-123.61964,48.93294,0.1,338.6,74.0,LA SELVA,IMO9846081,ONKJ,70.0,48.93283,-123.61961,2025-01-01 20:44:45+00:00,360.0,12.4288447434125,0.0671102376834304,False,False,False,True
205789000,2025-01-01 20:59:45+00:00,-123.61984,48.93311,0.1,305.0,80.0,LA SELVA,IMO9846081,ONKJ,70.0,48.93294,-123.61964,2025-01-01 20:50:45+00:00,540.0,23.91974747485044,0.0861040035768764,False,False,False,True
205789000,2025-01-01 21:20:45+00:00,-123.61989,48.93351,0.1,3.5,94.0,LA SELVA,IMO9846081,ONKJ,70.0,48.93311,-123.61984,2025-01-01 20:59:45+00:00,1260.0,44.63397774133803,0.0688581835656527,False,False,True,True
205789000,2025-01-01 21:23:45+00:00,-123.61987,48.93357,0.1,354.6,97.0,LA SELVA,IMO9846081,ONKJ,70.0,48.93351,-123.61989,2025-01-01 21:20:45+00:00,180.0,6.831522097120738,0.0737743661848176,False,False,False,True
205789000,2025-01-01 21:26:45+00:00,-123.61986,48.93363,0.1,332.7,100.0,LA SELVA,IMO9846081,ONKJ,70.0,48.93357,-123.61987,2025-01-01 21:23:45+00:00,180.0,6.712613911324122,0.0724902634743793,False,False,False,True
205789000,2025-01-01 21:44:45+00:00,-123.61993,48.93363,0.0,308.4,104.0,LA SELVA,IMO9846081,ONKJ,70.0,48.93363,-123.61986,2025-01-01 21:26:45+00:00,1080.0,5.128827721450968,0.0092311300722826,False,False,True,True
205789000,2025-01-01 21:56:45+00:00,-123.62002,48.93327,0.1,192.7,90.0,LA SELVA,IMO9846081,ONKJ,70.0,48.93363,-123.61993,2025-01-01 21:44:45+00:00,720.0,40.57447993426466,0.109542079271418,False,False,True,True
205789000,2025-01-01 21:59:45+00:00,-123.62002,48.93318,0.1,187.2,86.0,LA SELVA,IMO9846081,ONKJ,70.0,48.93327,-123.62002,2025-01-01 21:56:45+00:00,180.0,10.00875996534019,0.1080857109501493,False,False,False,True
205789000,2025-01-01 22:05:45+00:00,-123.61998,48.93296,0.1,197.2,78.0,LA SELVA,IMO9846081,ONKJ,70.0,48.93318,-123.62002,2025-01-01 21:59:45+00:00,360.0,24.640773101779285,0.1330492232948962,False,False,False,True
205789000,2025-01-01 22:11:45+00:00,-123.61993,48.93279,0.0,173.8,71.0,LA SELVA,IMO9846081,ONKJ,70.0,48.93296,-123.61998,2025-01-01 22:05:45+00:00,360.0,19.257120923599867,0.1039798942670288,False,False,False,True
205789000,2025-01-01 22:35:45+00:00,-123.61981,48.93259,0.1,343.5,61.0,LA SELVA,IMO9846081,ONKJ,70.0,48.93279,-123.61993,2025-01-01 22:11:45+00:00,1440.0,23.91651418059508,0.0322846367533388,False,False,True,True
205789000,2025-01-01 22:47:45+00:00,-123.61987,48.93278,0.1,334.0,70.0,LA SELVA,IMO9846081,ONKJ,70.0,48.93259,-123.61981,2025-01-01 22:35:45+00:00,720.0,21.58209573186925,0.0582668624547732,False,False,True,True
205789000,2025-01-01 22:50:45+00:00,-123.61988,48.93278,0.0,312.6,72.0,LA SELVA,IMO9846081,ONKJ,70.0,48.93278,-123.61987,2025-01-01 22:47:45+00:00,180.0,0.7327021124002961,0.0079125315231566,False,False,False,True
205789000,2025-01-01 22:53:45+00:00,-123.6199,48.93279,0.1,305.6,72.0,LA SELVA,IMO9846081,ONKJ,70.0,48.93278,-123.61988,2025-01-01 22:50:45+00:00,180.0,1.8396034163665416,0.0198660816937218,False,False,False,True
205789000,2025-01-01 23:02:45+00:00,-123.61989,48.93277,0.0,308.8,70.0,LA SELVA,IMO9846081,ONKJ,70.0,48.93279,-123.6199,2025-01-01 22:53:45+00:00,540.0,2.341746961305811,0.0084295952097494,False,False,False,True
205789000,2025-01-01 23:05:45+00:00,-123.61985,48.93275,0.0,308.8,68.0,LA SELVA,IMO9846081,ONKJ,70.0,48.93277,-123.61989,2025-01-01 23:02:45+00:00,180.0,3.679207991964348,0.0397321759061109,False,False,False,True
205789000,2025-01-01 23:08:45+00:00,-123.61981,48.93277,0.0,308.8,67.0,LA SELVA,IMO9846081,ONKJ,70.0,48.93275,-123.61985,2025-01-01 23:05:45+00:00,180.0,3.679207991964348,0.0397321759061109,False,False,False,True
205789000,2025-01-01 23:14:45+00:00,-123.61977,48.93274,0.0,308.8,66.0,LA SELVA,IMO9846081,ONKJ,70.0,48.93277,-123.61981,2025-01-01 23:08:45+00:00,360.0,4.440746689962057,0.0239780584605995,False,False,False,True
205789000,2025-01-01 23:20:45+00:00,-123.61975,48.93268,0.0,308.8,65.0,LA SELVA,IMO9846081,ONKJ,70.0,48.93274,-123.61977,2025-01-01 23:14:45+00:00,360.0,6.83152636380848,0.0368872061306263,False,False,False,True
205789000,2025-01-01 23:23:45+00:00,-123.61967,48.93275,0.0,308.8,65.0,LA SELVA,IMO9846081,ONKJ,70.0,48.93268,-123.61975,2025-01-01 23:20:45+00:00,180.0,9.74466466988492,0.1052337165106061,False,False,False,True
205789000,2025-01-01 23:32:45+00:00,-123.61986,48.93264,0.0,215.4,65.0,LA SELVA,IMO9846081,ONKJ,70.0,48.93275,-123.61967,2025-01-01 23:23:45+00:00,540.0,18.53237410943953,0.0667110557201721,False,False,False,True
205789000,2025-01-01 23:38:45+00:00,-123.61974,48.9327,0.0,215.4,65.0,LA SELVA,IMO9846081,ONKJ,70.0,48.93264,-123.61986,2025-01-01 23:32:45+00:00,360.0,11.037636506831232,0.0595983315206633,False,False,False,True
205789000,2025-01-01 23:41:45+00:00,-123.6197,48.93274,0.0,215.4,65.0,LA SELVA,IMO9846081,ONKJ,70.0,48.9327,-123.61974,2025-01-01 23:38:45+00:00,180.0,5.327040842030934,0.0575273059465189,False,False,False,True
205789000,2025-01-01 23:50:45+00:00,-123.61983,48.93279,0.1,240.6,68.0,LA SELVA,IMO9846081,ONKJ,70.0,48.93274,-123.6197,2025-01-01 23:41:45+00:00,540.0,11.029342583497089,0.0397023653472314,False,False,False,True
205789000,2025-01-01 23:53:45+00:00,-123.61985,48.93276,0.1,206.0,68.0,LA SELVA,IMO9846081,ONKJ,70.0,48.93279,-123.61983,2025-01-01 23:50:45+00:00,180.0,3.64389825077688,0.0393508620877229,False,False,False,True
205789000,2025-01-01 23:59:45+00:00,-123.61984,48.93266,0.0,203.8,66.0,LA SELVA,IMO9846081,ONKJ,70.0,48.93276,-123.61985,2025-01-01 23:53:45+00:00,360.0,11.144954552317875,0.0601778012693821,False,False,False,True
205825130,2025-01-01 07:27:24+00:00,-64.09108,18.18256,4.7,281.5,,SAUDADE,,OP8251,36.0,,,,,,,False,False,False,False
205825130,2025-01-01 07:32:24+00:00,-64.09742,18.18353,5.2,279.6,,SAUDADE,,OP8251,36.0,18.18256,-64.09108,2025-01-01 07:27:24+00:00,300.0,679.2795186888442,4.401368998693743,False,False,False,True
205825130,2025-01-01 07:36:24+00:00,-64.10418,18.18456,6.0,275.4,,SAUDADE,,OP8251,36.0,18.18353,-64.09742,2025-01-01 07:32:24+00:00,240.0,724.2007354622315,5.865543156753767,False,False,False,True
205825130,2025-01-01 07:40:54+00:00,-64.11219,18.18577,6.4,274.9,,SAUDADE,,OP8251,36.0,18.18456,-64.10418,2025-01-01 07:36:24+00:00,270.0,857.9267898277152,6.17656448569891,False,False,False,True
205825130,2025-01-01 07:42:54+00:00,-64.11538,18.18627,5.9,281.1,,SAUDADE,,OP8251,36.0,18.18577,-64.11219,2025-01-01 07:40:54+00:00,120.0,341.9883190107673,5.539754783549083,False,False,False,True
205825130,2025-01-01 07:45:54+00:00,-64.12025,18.18703,4.6,284.5,,SAUDADE,,OP8251,36.0,18.18627,-64.11538,2025-01-01 07:42:54+00:00,180.0,522.0338055561245,5.6375010699567625,False,False,False,True
205825130,2025-01-01 07:49:55+00:00,-64.12664,18.18809,5.3,275.3,,SAUDADE,,OP8251,36.0,18.18703,-64.12025,2025-01-01 07:45:54+00:00,241.0,686.1191219354353,5.5340489376886985,False,False,False,True
205825130,2025-01-01 07:54:27+00:00,-64.13357,18.1893,4.9,289.2,,SAUDADE,,OP8251,36.0,18.18809,-64.12664,2025-01-01 07:49:55+00:00,272.0,745.2690581611231,5.326043404470285,False,False,False,True
205825130,2025-01-01 07:55:56+00:00,-64.1356,18.18968,4.1,271.4,,SAUDADE,,OP8251,36.0,18.1893,-64.13357,2025-01-01 07:54:27+00:00,89.0,218.83616949012827,4.779578648333605,False,False,False,True
205825130,2025-01-01 07:58:27+00:00,-64.13912,18.19033,5.2,289.5,,SAUDADE,,OP8251,36.0,18.18968,-64.1356,2025-01-01 07:55:56+00:00,151.0,379.2702528236656,4.882388663899034,False,False,False,True
205825130,2025-01-01 08:04:57+00:00,-64.14963,18.1923,5.3,277.5,,SAUDADE,,OP8251,36.0,18.19033,-64.13912,2025-01-01 07:58:27+00:00,390.0,1133.033464223014,5.647271202808369,False,False,False,True
205825130,2025-01-01 08:06:25+00:00,-64.15182,18.19274,6.1,284.0,,SAUDADE,,OP8251,36.0,18.1923,-64.14963,2025-01-01 08:04:57+00:00,88.0,236.7421569936344,5.229419027846662,False,False,False,True
205825130,2025-01-01 08:09:25+00:00,-64.15669,18.19368,5.0,280.5,,SAUDADE,,OP8251,36.0,18.19274,-64.15182,2025-01-01 08:06:25+00:00,180.0,525.5931393002237,5.675938710540816,False,False,False,True
205825130,2025-01-01 08:10:27+00:00,-64.15836,18.19402,5.6,276.7,,SAUDADE,,OP8251,36.0,18.19368,-64.15669,2025-01-01 08:09:25+00:00,62.0,180.63063528886124,5.663178291933871,False,False,False,True
205825130,2025-01-01 08:11:56+00:00,-64.16062,18.19446,5.7,278.8,,SAUDADE,,OP8251,36.0,18.19402,-64.15836,2025-01-01 08:10:27+00:00,89.0,243.9915021857636,5.328993725941289,False,False,False,True
205825130,2025-01-01 08:13:27+00:00,-64.16324,18.19495,5.7,292.4,,SAUDADE,,OP8251,36.0,18.19446,-64.16062,2025-01-01 08:11:56+00:00,91.0,282.4212914564378,6.03276706796354,False,False,False,True
205825130,2025-01-01 08:14:56+00:00,-64.16559,18.1954,5.1,275.4,,SAUDADE,,OP8251,36.0,18.19495,-64.16324,2025-01-01 08:13:27+00:00,89.0,253.5418124249376,5.537581086113379,False,False,False,True
205825130,2025-01-01 08:16:55+00:00,-64.16915,18.19605,6.9,278.1,,SAUDADE,,OP8251,36.0,18.1954,-64.16559,2025-01-01 08:14:56+00:00,119.0,383.4138474949317,6.2629846497020845,False,False,False,True
205825130,2025-01-01 08:18:26+00:00,-64.17174,18.19642,7.2,280.1,,SAUDADE,,OP8251,36.0,18.19605,-64.16915,2025-01-01 08:16:55+00:00,91.0,277.0325545750345,5.91765891082566,False,False,False,True
205825130,2025-01-01 08:19:57+00:00,-64.17483,18.19682,6.8,277.6,,SAUDADE,,OP8251,36.0,18.19642,-64.17174,2025-01-01 08:18:26+00:00,91.0,329.86636320279024,7.046235510418811,False,False,False,True
205825130,2025-01-01 08:21:26+00:00,-64.17777,18.19721,5.6,276.1,,SAUDADE,,OP8251,36.0,18.19682,-64.17483,2025-01-01 08:19:57+00:00,89.0,313.99433752560736,6.857918573660411,False,False,False,True
205825130,2025-01-01 08:22:57+00:00,-64.18073,18.19759,6.4,278.9,,SAUDADE,,OP8251,36.0,18.19721,-64.17777,2025-01-01 08:21:26+00:00,91.0,315.94018799961884,6.748760165287682,False,False,False,True
205825130,2025-01-01 08:24:26+00:00,-64.18352,18.19794,7.2,268.5,,SAUDADE,,OP8251,36.0,18.19759,-64.18073,2025-01-01 08:22:57+00:00,89.0,297.6752514336341,6.501495064570285,False,False,False,True
205825130,2025-01-01 08:27:54+00:00,-64.18888,18.19896,4.7,269.9,,SAUDADE,,OP8251,36.0,18.19794,-64.18352,2025-01-01 08:24:26+00:00,208.0,578.1423634628627,5.402962749007938,False,False,False,True
205825130,2025-01-01 08:30:54+00:00,-64.19274,18.19979,4.9,282.9,,SAUDADE,,OP8251,36.0,18.19896,-64.18888,2025-01-01 08:27:54+00:00,180.0,418.5379139070629,4.519837436495029,False,False,False,True
205825130,2025-01-01 08:33:23+00:00,-64.19666,18.20057,5.6,278.6,,SAUDADE,,OP8251,36.0,18.19979,-64.19274,2025-01-01 08:30:54+00:00,149.0,423.5681433808904,5.525830200198055,False,False,False,True
205825130,2025-01-01 08:34:54+00:00,-64.19912,18.20096,4.8,277.4,,SAUDADE,,OP8251,36.0,18.20057,-64.19666,2025-01-01 08:33:23+00:00,91.0,263.78570601468635,5.634694579995472,False,False,False,True
205825130,2025-01-01 08:36:55+00:00,-64.20218,18.20142,6.0,276.1,,SAUDADE,,OP8251,36.0,18.20096,-64.19912,2025-01-01 08:34:54+00:00,121.0,327.67937450096287,5.264101449007865,False,False,False,True
205825130,2025-01-01 08:38:24+00:00,-64.20467,18.20181,5.2,267.0,,SAUDADE,,OP8251,36.0,18.20142,-64.20218,2025-01-01 08:36:55+00:00,89.0,266.91570670702083,5.829678958712083,False,False,False,True
205825130,2025-01-01 08:39:55+00:00,-64.2069,18.20219,4.6,279.0,,SAUDADE,,OP8251,36.0,18.20181,-64.20467,2025-01-01 08:38:24+00:00,91.0,239.6179152583014,5.118449323029632,False,False,False,True
205825130,2025-01-01 08:41:27+00:00,-64.20915,18.20263,6.4,281.8,,SAUDADE,,OP8251,36.0,18.20219,-64.2069,2025-01-01 08:39:55+00:00,92.0,242.94413976863413,5.133092789650672,False,False,False,True
205825130,2025-01-01 08:42:54+00:00,-64.21157,18.20308,6.4,281.3,,SAUDADE,,OP8251,36.0,18.20263,-64.20915,2025-01-01 08:41:27+00:00,87.0,260.79572918217,5.826955979465164,False,False,False,True
205825130,2025-01-01 08:44:27+00:00,-64.21427,18.20351,6.4,277.5,,SAUDADE,,OP8251,36.0,18.20308,-64.21157,2025-01-01 08:42:54+00:00,93.0,289.5522523486974,6.052077959198837,False,False,False,True
205825130,2025-01-01 08:46:27+00:00,-64.21759,18.20402,4.9,278.9,,SAUDADE,,OP8251,36.0,18.20351,-64.21427,2025-01-01 08:44:27+00:00,120.0,355.70603634974583,5.761963514150749,False,False,False,True
205825130,2025-01-01 08:47:56+00:00,-64.21979,18.20438,6.0,276.5,,SAUDADE,,OP8251,36.0,18.20402,-64.21759,2025-01-01 08:46:27+00:00,89.0,236.10781247435384,5.156806856181438,False,False,False,True
205825130,2025-01-01 08:49:25+00:00,-64.22231,18.20476,5.6,281.6,,SAUDADE,,OP8251,36.0,18.20438,-64.21979,2025-01-01 08:47:56+00:00,89.0,269.8687908067369,5.8941769699075,False,False,False,True
205825130,2025-01-01 08:50:56+00:00,-64.2249,18.20516,5.2,285.1,,SAUDADE,,OP8251,36.0,18.20476,-64.22231,2025-01-01 08:49:25+00:00,91.0,277.5293827126902,5.928271596617975,False,False,False,True
205825130,2025-01-01 08:53:25+00:00,-64.22904,18.20579,4.9,282.4,,SAUDADE,,OP8251,36.0,18.20516,-64.2249,2025-01-01 08:50:56+00:00,149.0,443.4526504115905,5.785241610577625,False,False,False,True
205825130,2025-01-01 08:55:25+00:00,-64.23232,18.20634,4.8,278.6,,SAUDADE,,OP8251,36.0,18.20579,-64.22904,2025-01-01 08:53:25+00:00,120.0,352.2625460152039,5.706183562051616,False,False,False,True
205825130,2025-01-01 09:00:24+00:00,-64.24042,18.20766,5.7,283.9,,SAUDADE,,OP8251,36.0,18.20634,-64.23232,2025-01-01 08:55:25+00:00,299.0,869.1908689997707,5.6507290260752985,False,False,False,True
205825130,2025-01-01 09:02:24+00:00,-64.24387,18.20818,5.2,275.2,,SAUDADE,,OP8251,36.0,18.20766,-64.24042,2025-01-01 09:00:24+00:00,120.0,369.4522318913642,5.984633553664245,False,False,False,True
205825130,2025-01-01 09:04:55+00:00,-64.24802,18.20886,5.0,285.2,,SAUDADE,,OP8251,36.0,18.20818,-64.24387,2025-01-01 09:02:24+00:00,151.0,445.3915241943333,5.733575234370283,False,False,False,True
205825130,2025-01-01 09:06:56+00:00,-64.25092,18.20936,4.8,276.1,,SAUDADE,,OP8251,36.0,18.20886,-64.24802,2025-01-01 09:04:55+00:00,121.0,311.7124058849357,5.007595397151847,False,False,False,True
205825130,2025-01-01 09:08:56+00:00,-64.254,18.20985,5.1,277.1,,SAUDADE,,OP8251,36.0,18.20936,-64.25092,2025-01-01 09:06:56+00:00,120.0,330.28305717809906,5.350145148875634,False,False,False,True
205825130,2025-01-01 09:10:27+00:00,-64.25638,18.21022,5.2,277.9,,SAUDADE,,OP8251,36.0,18.20985,-64.254,2025-01-01 09:08:56+00:00,91.0,255.06289510440652,5.448367670546699,False,False,False,True
205825130,2025-01-01 09:11:56+00:00,-64.25876,18.21058,5.5,283.1,,SAUDADE,,OP8251,36.0,18.21022,-64.25638,2025-01-01 09:10:27+00:00,89.0,254.8870074243233,5.566961354064007,False,False,False,True
205825130,2025-01-01 09:13:26+00:00,-64.26125,18.21096,6.1,277.8,,SAUDADE,,OP8251,36.0,18.21058,-64.25876,2025-01-01 09:11:56+00:00,90.0,266.72536401865347,5.760793684377993,False,False,False,True
205825130,2025-01-01 09:15:26+00:00,-64.2644,18.21142,4.8,281.8,,SAUDADE,,OP8251,36.0,18.21096,-64.26125,2025-01-01 09:13:26+00:00,120.0,337.06878944557684,5.460064963965751,False,False,False,True
205825130,2025-01-01 09:16:56+00:00,-64.26687,18.2118,5.4,280.3,,SAUDADE,,OP8251,36.0,18.21142,-64.2644,2025-01-01 09:15:26+00:00,90.0,264.6352371575102,5.715650659958384,False,False,False,True
205825130,2025-01-01 09:18:26+00:00,-64.2693,18.21223,8.3,264.3,,SAUDADE,,OP8251,36.0,18.2118,-64.26687,2025-01-01 09:16:56+00:00,90.0,261.40890842082456,5.645967694941507,False,False,False,True
205825130,2025-01-01 09:19:27+00:00,-64.27083,18.21252,5.3,280.7,,SAUDADE,,OP8251,36.0,18.21223,-64.2693,2025-01-01 09:18:26+00:00,61.0,164.99188666199032,5.257669327361365,False,False,False,True
205825130,2025-01-01 09:20:57+00:00,-64.27317,18.21295,5.8,285.2,,SAUDADE,,OP8251,36.0,18.21252,-64.27083,2025-01-01 09:19:27+00:00,90.0,252.0529904024781,5.443896498488368,False,False,False,True
205825130,2025-01-01 09:22:27+00:00,-64.27548,18.21338,5.0,283.2,,SAUDADE,,OP8251,36.0,18.21295,-64.27317,2025-01-01 09:20:57+00:00,90.0,248.93689020172997,5.376594273885897,False,False,False,True
205825130,2025-01-01 09:23:57+00:00,-64.27809,18.21383,5.8,279.4,,SAUDADE,,OP8251,36.0,18.21338,-64.27548,2025-01-01 09:22:27+00:00,90.0,280.53419907794444,6.059039972618573,False,False,False,True
205825130,2025-01-01 09:25:57+00:00,-64.28138,18.21441,5.6,282.7,,SAUDADE,,OP8251,36.0,18.21383,-64.27809,2025-01-01 09:23:57+00:00,120.0,353.87601348993223,5.732319583852249,False,False,False,True
205825130,2025-01-01 09:27:57+00:00,-64.2845,18.21498,5.5,277.2,,SAUDADE,,OP8251,36.0,18.21441,-64.28138,2025-01-01 09:25:57+00:00,120.0,335.9975597366341,5.442712470987157,False,False,False,True
205825130,2025-01-01 09:29:57+00:00,-64.2875,18.21556,4.8,284.7,,SAUDADE,,OP8251,36.0,18.21498,-64.2845,2025-01-01 09:27:57+00:00,120.0,323.75560171196764,5.24440907359826,False,False,False,True
205825130,2025-01-01 09:31:27+00:00,-64.28992,18.21601,7.0,282.2,,SAUDADE,,OP8251,36.0,18.21556,-64.2875,2025-01-01 09:29:57+00:00,90.0,260.777200789091,5.632323933131852,False,False,False,True
205825130,2025-01-01 09:32:57+00:00,-64.2922,18.21644,5.1,275.8,,SAUDADE,,OP8251,36.0,18.21601,-64.28992,2025-01-01 09:31:27+00:00,90.0,245.8187348602916,5.309247661898104,False,False,False,True
205825130,2025-01-01 09:34:24+00:00,-64.2945,18.21686,5.9,281.1,,SAUDADE,,OP8251,36.0,18.21644,-64.2922,2025-01-01 09:32:57+00:00,87.0,247.683847769232,5.533997363767171,False,False,False,True
205825130,2025-01-01 09:37:24+00:00,-64.29942,18.21771,5.6,283.9,,SAUDADE,,OP8251,36.0,18.21686,-64.2945,2025-01-01 09:34:24+00:00,180.0,528.8462500947975,5.711069415468173,False,False,False,True
205825130,2025-01-01 09:39:24+00:00,-64.30263,18.21824,5.5,285.3,,SAUDADE,,OP8251,36.0,18.21771,-64.29942,2025-01-01 09:37:24+00:00,120.0,344.5651580269377,5.581496139825689,False,False,False,True
205825130,2025-01-01 09:42:24+00:00,-64.30733,18.21906,5.4,283.0,,SAUDADE,,OP8251,36.0,18.21824,-64.30263,2025-01-01 09:39:24+00:00,180.0,505.35327879436994,5.457366208064712,False,False,False,True
205825130,2025-01-01 09:44:24+00:00,-64.31056,18.21963,7.0,268.9,,SAUDADE,,OP8251,36.0,18.21906,-64.30733,2025-01-01 09:42:24+00:00,120.0,347.4239327663814,5.627804478905024,False,False,False,True
205825130,2025-01-01 09:46:54+00:00,-64.31464,18.22027,6.7,269.8,,SAUDADE,,OP8251,36.0,18.21963,-64.31056,2025-01-01 09:44:24+00:00,150.0,437.3285791195398,5.667311901571509,False,False,False,True
205825130,2025-01-01 09:48:24+00:00,-64.31704,18.22065,5.3,283.4,,SAUDADE,,OP8251,36.0,18.22027,-64.31464,2025-01-01 09:46:54+00:00,90.0,257.3149406215476,5.557545268642101,False,False,False,True
205825130,2025-01-01 09:49:25+00:00,-64.31866,18.22092,6.8,277.5,,SAUDADE,,OP8251,36.0,18.22065,-64.31704,2025-01-01 09:48:24+00:00,61.0,173.93775668443203,5.5427404746469895,False,False,False,True
205825130,2025-01-01 09:51:25+00:00,-64.32223,18.22146,6.5,276.1,,SAUDADE,,OP8251,36.0,18.22092,-64.31866,2025-01-01 09:49:25+00:00,120.0,382.3075464509207,6.192872509109647,False,False,False,True
205825130,2025-01-01 09:52:57+00:00,-64.32478,18.22185,5.8,276.8,,SAUDADE,,OP8251,36.0,18.22146,-64.32223,2025-01-01 09:51:25+00:00,92.0,273.150673046446,5.7713174379848216,False,False,False,True
205825130,2025-01-01 09:54:25+00:00,-64.32714,18.2222,4.0,282.2,,SAUDADE,,OP8251,36.0,18.22185,-64.32478,2025-01-01 09:52:57+00:00,88.0,252.609203148124,5.579907652811924,False,False,False,True
205825130,2025-01-01 09:56:26+00:00,-64.33001,18.2227,4.1,282.1,,SAUDADE,,OP8251,36.0,18.2222,-64.32714,2025-01-01 09:54:25+00:00,121.0,308.5672192701785,4.957068624017718,False,False,False,True
205825130,2025-01-01 09:58:26+00:00,-64.33266,18.22313,4.7,272.6,,SAUDADE,,OP8251,36.0,18.2227,-64.33001,2025-01-01 09:56:26+00:00,120.0,284.30543859896505,4.605369031385102,False,False,False,True
205825130,2025-01-01 10:00:26+00:00,-64.33548,18.22358,4.5,280.5,,SAUDADE,,OP8251,36.0,18.22313,-64.33266,2025-01-01 09:58:26+00:00,120.0,302.4037560369654,4.898537642790791,False,False,False,True
205825130,2025-01-01 10:02:54+00:00,-64.3395,18.2242,6.0,276.3,,SAUDADE,,OP8251,36.0,18.22358,-64.33548,2025-01-01 10:00:26+00:00,148.0,430.6995615896095,5.656831322975315,False,False,False,True
205825130,2025-01-01 10:04:24+00:00,-64.34167,18.22452,5.7,273.6,,SAUDADE,,OP8251,36.0,18.2242,-64.3395,2025-01-01 10:02:54+00:00,90.0,232.23815626798032,5.01593130755501,False,False,False,True
205825130,2025-01-01 10:06:54+00:00,-64.34544,18.22505,5.3,274.7,,SAUDADE,,OP8251,36.0,18.22452,-64.34167,2025-01-01 10:04:24+00:00,150.0,403.0447459356438,5.223029992930279,False,False,False,True
205825130,2025-01-01 10:08:25+00:00,-64.34762,18.22536,4.5,288.7,,SAUDADE,,OP8251,36.0,18.22505,-64.34544,2025-01-01 10:06:54+00:00,91.0,233.1169624400782,4.979583255709029,False,False,False,True
205825130,2025-01-01 10:10:25+00:00,-64.35059,18.22581,5.8,276.5,,SAUDADE,,OP8251,36.0,18.22536,-64.34762,2025-01-01 10:08:25+00:00,120.0,318.0594902658233,5.152139662985983,False,False,False,True
205825130,2025-01-01 10:11:56+00:00,-64.35291,18.22613,5.5,275.5,,SAUDADE,,OP8251,36.0,18.22581,-64.35059,2025-01-01 10:10:25+00:00,91.0,247.9276725494621,5.295953044049961,False,False,False,True
205825130,2025-01-01 10:12:57+00:00,-64.35439,18.22635,6.7,273.7,,SAUDADE,,OP8251,36.0,18.22613,-64.35291,2025-01-01 10:11:56+00:00,61.0,158.42085919543786,5.04827545800754,False,False,False,True
205825130,2025-01-01 10:14:26+00:00,-64.35672,18.22669,4.9,285.0,,SAUDADE,,OP8251,36.0,18.22635,-64.35439,2025-01-01 10:12:57+00:00,89.0,249.2983370190291,5.444899768888422,False,False,False,True
205825130,2025-01-01 10:15:57+00:00,-64.35891,18.22702,4.6,277.1,,SAUDADE,,OP8251,36.0,18.22669,-64.35672,2025-01-01 10:14:26+00:00,91.0,234.4956261032184,5.009032723565714,False,False,False,True
205825130,2025-01-01 10:17:25+00:00,-64.36103,18.22734,5.2,283.4,,SAUDADE,,OP8251,36.0,18.22702,-64.35891,2025-01-01 10:15:57+00:00,88.0,227.00937565273347,5.0144307360091975,False,False,False,True
205825130,2025-01-01 10:18:55+00:00,-64.36329,18.22769,5.1,278.2,,SAUDADE,,OP8251,36.0,18.22734,-64.36103,2025-01-01 10:17:25+00:00,90.0,242.1551907427077,5.23012162192561,False,False,False,True
205825130,2025-01-01 10:20:25+00:00,-64.36552,18.22803,5.1,276.7,,SAUDADE,,OP8251,36.0,18.22769,-64.36329,2025-01-01 10:18:55+00:00,90.0,238.84619774439156,5.1586532558162,False,False,False,True
205825130,2025-01-01 10:21:55+00:00,-64.36793,18.22836,5.1,273.2,,SAUDADE,,OP8251,36.0,18.22803,-64.36552,2025-01-01 10:20:25+00:00,90.0,257.5043192053558,5.56163550937932,False,False,False,True
205825130,2025-01-01 10:23:24+00:00,-64.37012,18.22868,4.9,274.8,,SAUDADE,,OP8251,36.0,18.22836,-64.36793,2025-01-01 10:21:55+00:00,89.0,234.32359819893105,5.1178380126180905,False,False,False,True
205825130,2025-01-01 10:24:55+00:00,-64.37234,18.22899,4.5,281.5,,SAUDADE,,OP8251,36.0,18.22868,-64.37012,2025-01-01 10:23:24+00:00,91.0,237.29767399013295,5.068886929769012,False,False,False,True
205825130,2025-01-01 10:25:56+00:00,-64.3738,18.2292,4.6,280.4,,SAUDADE,,OP8251,36.0,18.22899,-64.37234,2025-01-01 10:24:55+00:00,61.0,156.1598899112663,4.976226891887146,False,False,False,True
205825130,2025-01-01 10:27:24+00:00,-64.37579,18.22949,5.7,278.9,,SAUDADE,,OP8251,36.0,18.2292,-64.3738,2025-01-01 10:25:56+00:00,88.0,212.9102326859376,4.702993485275373,False,False,False,True
205825130,2025-01-01 10:28:56+00:00,-64.37804,18.22979,4.3,277.6,,SAUDADE,,OP8251,36.0,18.22949,-64.37579,2025-01-01 10:27:24+00:00,92.0,240.2812562349167,5.076829533909571,False,False,False,True
205825130,2025-01-01 10:30:56+00:00,-64.3806,18.23015,4.6,278.6,,SAUDADE,,OP8251,36.0,18.22979,-64.37804,2025-01-01 10:28:56+00:00,120.0,273.67933456418285,4.433240314160344,False,False,False,True
205825130,2025-01-01 10:32:26+00:00,-64.38265,18.23043,5.5,289.5,,SAUDADE,,OP8251,36.0,18.23015,-64.3806,2025-01-01 10:30:56+00:00,90.0,219.02531463295085,4.730557417734613,False,False,False,True
205825130,2025-01-01 10:33:56+00:00,-64.3849,18.23106,4.6,287.7,,SAUDADE,,OP8251,36.0,18.23043,-64.38265,2025-01-01 10:32:26+00:00,90.0,247.98007503994705,5.355928767396119,False,False,False,True
205825130,2025-01-01 10:35:26+00:00,-64.38685,18.23143,4.2,275.8,,SAUDADE,,OP8251,36.0,18.23106,-64.3849,2025-01-01 10:33:56+00:00,90.0,210.2704395045741,4.541467679184127,False,False,False,True
205825130,2025-01-01 10:36:56+00:00,-64.38888,18.23173,4.6,276.7,,SAUDADE,,OP8251,36.0,18.23143,-64.38685,2025-01-01 10:35:26+00:00,90.0,217.25720281636424,4.692369345806239,False,False,False,True
205825130,2025-01-01 10:38:23+00:00,-64.3906,18.23197,4.6,281.6,,SAUDADE,,OP8251,36.0,18.23173,-64.38888,2025-01-01 10:36:56+00:00,87.0,183.8462694986494,4.107675086232812,False,False,False,True
205825130,2025-01-01 10:39:56+00:00,-64.39311,18.23228,4.2,279.6,,SAUDADE,,OP8251,36.0,18.23197,-64.3906,2025-01-01 10:38:23+00:00,93.0,267.6797216354091,5.594909140900792,False,False,False,True
205825130,2025-01-01 10:41:25+00:00,-64.39518,18.23251,4.9,273.1,,SAUDADE,,OP8251,36.0,18.23228,-64.39311,2025-01-01 10:39:56+00:00,89.0,220.40942965393705,4.813940064477629,False,False,False,True
205825130,2025-01-01 10:42:56+00:00,-64.39743,18.23261,3.9,270.6,,SAUDADE,,OP8251,36.0,18.23251,-64.39518,2025-01-01 10:41:25+00:00,91.0,238.229162421306,5.088784341549796,False,False,False,True
205825130,2025-01-01 10:44:25+00:00,-64.39923,18.23265,5.5,279.1,,SAUDADE,,OP8251,36.0,18.23261,-64.39743,2025-01-01 10:42:56+00:00,89.0,190.42891877664692,4.159138758143791,False,False,False,True
205825130,2025-01-01 10:45:56+00:00,-64.40171,18.23272,4.1,258.1,,SAUDADE,,OP8251,36.0,18.23265,-64.39923,2025-01-01 10:44:25+00:00,91.0,262.4121354235112,5.605353904633385,False,False,False,True
205825130,2025-01-01 10:47:24+00:00,-64.40375,18.23279,5.3,272.8,,SAUDADE,,OP8251,36.0,18.23272,-64.40171,2025-01-01 10:45:56+00:00,88.0,215.9000155622981,4.769035071029745,False,False,False,True
205825130,2025-01-01 10:48:54+00:00,-64.40582,18.23287,4.1,275.9,,SAUDADE,,OP8251,36.0,18.23279,-64.40375,2025-01-01 10:47:24+00:00,90.0,219.1127998012903,4.732446941841557,False,False,False,True
205825130,2025-01-01 10:50:24+00:00,-64.40785,18.23296,5.2,273.1,,SAUDADE,,OP8251,36.0,18.23287,-64.40582,2025-01-01 10:48:54+00:00,90.0,214.93406787724288,4.642193761138887,False,False,False,True
205825130,2025-01-01 10:51:54+00:00,-64.41006,18.23305,5.0,270.8,,SAUDADE,,OP8251,36.0,18.23296,-64.40785,2025-01-01 10:50:24+00:00,90.0,233.9528675758829,5.052966023430046,False,False,False,True
205825130,2025-01-01 10:53:54+00:00,-64.41316,18.23316,4.6,274.9,,SAUDADE,,OP8251,36.0,18.23305,-64.41006,2025-01-01 10:51:54+00:00,120.0,328.0973551789918,5.314739690759429,False,False,False,True
205825130,2025-01-01 10:55:25+00:00,-64.41479,18.23322,3.9,273.8,,SAUDADE,,OP8251,36.0,18.23316,-64.41316,2025-01-01 10:53:54+00:00,91.0,172.52466503371775,3.6852785151554057,False,False,False,True
205825130,2025-01-01 10:56:26+00:00,-64.41672,18.23329,3.8,268.9,,SAUDADE,,OP8251,36.0,18.23322,-64.41479,2025-01-01 10:55:25+00:00,61.0,204.2731841838114,6.509416169571474,False,False,False,True
205825130,2025-01-01 10:57:54+00:00,-64.4187,18.23339,5.4,263.7,,SAUDADE,,OP8251,36.0,18.23329,-64.41672,2025-01-01 10:56:26+00:00,88.0,209.7066369030588,4.632228966791384,False,False,False,True
205825130,2025-01-01 10:58:55+00:00,-64.42011,18.23346,5.1,267.6,,SAUDADE,,OP8251,36.0,18.23339,-64.4187,2025-01-01 10:57:54+00:00,61.0,149.3294511925582,4.75856656403512,False,False,False,True
205825130,2025-01-01 11:00:26+00:00,-64.42215,18.23358,5.7,268.7,,SAUDADE,,OP8251,36.0,18.23346,-64.42011,2025-01-01 10:58:55+00:00,91.0,216.16843371492735,4.617547782334334,False,False,False,True
205825130,2025-01-01 11:01:55+00:00,-64.42427,18.23368,5.4,263.3,,SAUDADE,,OP8251,36.0,18.23358,-64.42215,2025-01-01 11:00:26+00:00,89.0,224.49406210201903,4.903152108723469,False,False,False,True
205825130,2025-01-01 11:03:24+00:00,-64.42628,18.23377,4.6,266.9,,SAUDADE,,OP8251,36.0,18.23368,-64.42427,2025-01-01 11:01:55+00:00,89.0,212.8200790617444,4.648181825655969,False,False,False,True
205825130,2025-01-01 11:04:55+00:00,-64.42828,18.23386,5.5,261.4,,SAUDADE,,OP8251,36.0,18.23377,-64.42628,2025-01-01 11:03:24+00:00,91.0,211.763489546634,4.523454302421199,False,False,False,True
205825130,2025-01-01 11:06:24+00:00,-64.43027,18.23393,4.9,270.0,,SAUDADE,,OP8251,36.0,18.23386,-64.42828,2025-01-01 11:04:55+00:00,89.0,210.61387844286855,4.599996421038042,False,False,False,True
205825130,2025-01-01 11:08:24+00:00,-64.43307,18.23406,5.7,282.1,,SAUDADE,,OP8251,36.0,18.23393,-64.43027,2025-01-01 11:06:24+00:00,120.0,296.489737298466,4.802738424585418,False,False,False,True
205825130,2025-01-01 11:09:26+00:00,-64.43452,18.23411,4.3,270.4,,SAUDADE,,OP8251,36.0,18.23406,-64.43307,2025-01-01 11:08:24+00:00,62.0,153.4581554510252,4.811259691805175,False,False,False,True
205825130,2025-01-01 11:12:26+00:00,-64.43858,18.23429,4.7,274.8,,SAUDADE,,OP8251,36.0,18.23411,-64.43452,2025-01-01 11:09:26+00:00,180.0,429.8649858463673,4.642159744931126,False,False,False,True
205825130,2025-01-01 11:14:27+00:00,-64.44126,18.2344,5.1,271.5,,SAUDADE,,OP8251,36.0,18.23429,-64.43858,2025-01-01 11:12:26+00:00,121.0,283.70944885449586,4.557733678192754,False,False,False,True
205825130,2025-01-01 11:16:27+00:00,-64.44389,18.23449,5.1,279.5,,SAUDADE,,OP8251,36.0,18.2344,-64.44126,2025-01-01 11:14:27+00:00,120.0,278.33802975294907,4.508704964624771,False,False,False,True
205825130,2025-01-01 11:18:27+00:00,-64.44688,18.23457,4.3,265.6,,SAUDADE,,OP8251,36.0,18.23449,-64.44389,2025-01-01 11:16:27+00:00,120.0,316.35859876354834,5.124587488504465,False,False,False,True
205825130,2025-01-01 11:19:57+00:00,-64.44898,18.23462,5.7,266.0,,SAUDADE,,OP8251,36.0,18.23457,-64.44688,2025-01-01 11:18:27+00:00,90.0,222.17346229893087,4.79855181061282,False,False,False,True
205825130,2025-01-01 11:21:57+00:00,-64.45179,18.23474,5.2,271.7,,SAUDADE,,OP8251,36.0,18.23462,-64.44898,2025-01-01 11:19:57+00:00,120.0,297.4935072521047,4.818998159474426,False,False,False,True
205825130,2025-01-01 11:23:25+00:00,-64.45402,18.23478,5.6,274.6,,SAUDADE,,OP8251,36.0,18.23474,-64.45179,2025-01-01 11:21:57+00:00,88.0,235.89518148998133,5.210710108948696,False,False,False,True
205825130,2025-01-01 11:24:55+00:00,-64.45627,18.23483,4.2,269.9,,SAUDADE,,OP8251,36.0,18.23478,-64.45402,2025-01-01 11:23:25+00:00,90.0,238.03319130404225,5.141093762049439,False,False,False,True
205825130,2025-01-01 11:26:25+00:00,-64.45831,18.23489,5.2,272.4,,SAUDADE,,OP8251,36.0,18.23483,-64.45627,2025-01-01 11:24:55+00:00,90.0,215.8605353460608,4.662203811412076,False,False,False,True
205825130,2025-01-01 11:28:25+00:00,-64.46066,18.23493,5.2,266.2,,SAUDADE,,OP8251,36.0,18.23489,-64.45831,2025-01-01 11:26:25+00:00,120.0,248.5845223212012,4.026737815573697,False,False,False,True
205825130,2025-01-01 11:29:54+00:00,-64.46289,18.23502,4.1,270.9,,SAUDADE,,OP8251,36.0,18.23493,-64.46066,2025-01-01 11:28:25+00:00,89.0,236.0636138538925,5.1558415185814646,False,False,False,True
205825130,2025-01-01 11:31:25+00:00,-64.46489,18.23507,3.8,270.0,,SAUDADE,,OP8251,36.0,18.23502,-64.46289,2025-01-01 11:29:54+00:00,91.0,211.599958120015,4.519961127384725,False,False,False,True
205825130,2025-01-01 11:32:54+00:00,-64.46705,18.23515,5.2,270.4,,SAUDADE,,OP8251,36.0,18.23507,-64.46489,2025-01-01 11:31:25+00:00,89.0,228.6212346487598,4.993293266962307,False,False,False,True
205825130,2025-01-01 11:34:25+00:00,-64.46931,18.2352,4.9,271.8,,SAUDADE,,OP8251,36.0,18.23515,-64.46705,2025-01-01 11:32:54+00:00,91.0,239.0900406822112,5.107173458018785,False,False,False,True
205825130,2025-01-01 11:35:54+00:00,-64.47143,18.23527,5.3,274.0,,SAUDADE,,OP8251,36.0,18.2352,-64.46931,2025-01-01 11:34:25+00:00,89.0,224.35280881749364,4.900067010020189,False,False,False,True
205825130,2025-01-01 11:37:24+00:00,-64.47341,18.23542,5.1,272.1,,SAUDADE,,OP8251,36.0,18.23527,-64.47143,2025-01-01 11:35:54+00:00,90.0,210.06904317107228,4.537117876418412,False,False,False,True
205825130,2025-01-01 11:39:24+00:00,-64.47611,18.23571,5.0,269.7,,SAUDADE,,OP8251,36.0,18.23542,-64.47341,2025-01-01 11:37:24+00:00,120.0,287.35968562088914,4.65484376081091,False,False,False,True
205825130,2025-01-01 11:40:55+00:00,-64.47826,18.23594,4.9,278.1,,SAUDADE,,OP8251,36.0,18.23571,-64.47611,2025-01-01 11:39:24+00:00,91.0,228.8116927760032,4.887618910831935,False,False,False,True
205825130,2025-01-01 11:42:24+00:00,-64.48036,18.23616,5.4,279.5,,SAUDADE,,OP8251,36.0,18.23594,-64.47826,2025-01-01 11:40:55+00:00,89.0,223.4335163402454,4.8799888359867705,False,False,False,True
205825130,2025-01-01 11:43:27+00:00,-64.48186,18.23632,4.6,276.9,,SAUDADE,,OP8251,36.0,18.23616,-64.48036,2025-01-01 11:42:24+00:00,63.0,159.62997140765162,4.925319422556342,False,False,False,True
205825130,2025-01-01 11:44:57+00:00,-64.48381,18.23653,4.6,273.5,,SAUDADE,,OP8251,36.0,18.23632,-64.48186,2025-01-01 11:43:27+00:00,90.0,207.54342106460703,4.48256892891362,False,False,False,True
205825130,2025-01-01 11:46:27+00:00,-64.48575,18.23672,4.8,276.1,,SAUDADE,,OP8251,36.0,18.23653,-64.48381,2025-01-01 11:44:57+00:00,90.0,206.25479797257972,4.454736961011327,False,False,False,True
205825130,2025-01-01 11:47:55+00:00,-64.48781,18.23695,4.6,272.1,,SAUDADE,,OP8251,36.0,18.23672,-64.48575,2025-01-01 11:46:27+00:00,88.0,219.35339801605207,4.845317149994576,False,False,False,True
205825130,2025-01-01 11:49:55+00:00,-64.49064,18.23721,4.6,272.1,,SAUDADE,,OP8251,36.0,18.23695,-64.48781,2025-01-01 11:47:55+00:00,120.0,300.6882982593321,4.870749514070168,False,False,False,True
205825130,2025-01-01 11:51:26+00:00,-64.49292,18.23746,5.4,277.5,,SAUDADE,,OP8251,36.0,18.23721,-64.49064,2025-01-01 11:49:55+00:00,91.0,242.7207081943221,5.184727707873089,False,False,False,True
205825130,2025-01-01 11:53:26+00:00,-64.49574,18.23775,4.7,275.2,,SAUDADE,,OP8251,36.0,18.23746,-64.49292,2025-01-01 11:51:26+00:00,120.0,299.9717706837488,4.859142722715818,False,False,False,True
205825130,2025-01-01 11:54:55+00:00,-64.49768,18.23798,3.6,274.5,,SAUDADE,,OP8251,36.0,18.23775,-64.49574,2025-01-01 11:53:26+00:00,89.0,206.75168113662144,4.515642560231576,False,False,False,True
205825130,2025-01-01 11:56:26+00:00,-64.49979,18.2382,4.2,274.5,,SAUDADE,,OP8251,36.0,18.23798,-64.49768,2025-01-01 11:54:55+00:00,91.0,224.48229184967624,4.795139100978842,False,False,False,True
205825130,2025-01-01 11:57:54+00:00,-64.50194,18.23839,5.1,273.4,,SAUDADE,,OP8251,36.0,18.2382,-64.49979,2025-01-01 11:56:26+00:00,88.0,228.35831136775087,5.044227499648737,False,False,False,True
205825130,2025-01-01 11:59:25+00:00,-64.50411,18.23861,4.2,281.8,,SAUDADE,,OP8251,36.0,18.23839,-64.50194,2025-01-01 11:57:54+00:00,91.0,230.7910567591177,4.929899865611466,False,False,False,True
205825130,2025-01-01 12:00:25+00:00,-64.5055,18.23876,5.4,283.8,,SAUDADE,,OP8251,36.0,18.23861,-64.50411,2025-01-01 11:59:25+00:00,60.0,147.94313903472232,4.792963189687578,False,False,False,True
205825130,2025-01-01 12:18:53+00:00,-64.53043,18.24157,5.0,278.7,,SAUDADE,,OP8251,36.0,18.23876,-64.5055,2025-01-01 12:00:25+00:00,1108.0,2654.894901747277,4.6576632723938864,False,False,True,True
205825130,2025-01-01 12:20:25+00:00,-64.53043,18.24157,5.0,265.9,,SAUDADE,,OP8251,36.0,18.24157,-64.53043,2025-01-01 12:18:53+00:00,92.0,0.0,0.0,False,False,False,True
205825130,2025-01-01 12:21:53+00:00,-64.53398,18.24201,5.7,265.3,,SAUDADE,,OP8251,36.0,18.24157,-64.53043,2025-01-01 12:20:25+00:00,88.0,378.5923603859932,8.362761066053512,False,False,False,True
205825130,2025-01-01 12:23:25+00:00,-64.53754,18.24246,4.8,276.3,,SAUDADE,,OP8251,36.0,18.24201,-64.53398,2025-01-01 12:21:53+00:00,92.0,379.7838171376698,8.024336685922696,False,False,False,True
205825130,2025-01-01 12:24:54+00:00,-64.53945,18.24268,4.9,275.8,,SAUDADE,,OP8251,36.0,18.24246,-64.53754,2025-01-01 12:23:25+00:00,89.0,203.46251664271907,4.443804251132394,False,False,False,True
205825130,2025-01-01 12:26:25+00:00,-64.53945,18.24268,5.1,274.1,,SAUDADE,,OP8251,36.0,18.24268,-64.53945,2025-01-01 12:24:54+00:00,91.0,0.0,0.0,False,False,False,True
205825130,2025-01-01 12:27:56+00:00,-64.54361,18.24313,4.5,275.9,,SAUDADE,,OP8251,36.0,18.24268,-64.53945,2025-01-01 12:26:25+00:00,91.0,442.7679526416911,9.457912714978294,False,False,False,True
205825130,2025-01-01 12:29:25+00:00,-64.54376,18.24316,4.2,275.3,,SAUDADE,,OP8251,36.0,18.24313,-64.54361,2025-01-01 12:27:56+00:00,89.0,16.207618755622608,0.3539889622688702,False,False,False,True
205825130,2025-01-01 12:30:56+00:00,-64.5469,18.24356,3.7,278.6,,SAUDADE,,OP8251,36.0,18.24316,-64.54376,2025-01-01 12:29:25+00:00,91.0,335.02076794520343,7.156338127061585,False,False,False,True
205825130,2025-01-01 12:32:56+00:00,-64.55017,18.24397,4.2,280.5,,SAUDADE,,OP8251,36.0,18.24356,-64.5469,2025-01-01 12:30:56+00:00,120.0,348.79504356682173,5.650014645724423,False,False,False,True
205825130,2025-01-01 12:34:56+00:00,-64.55227,18.24421,4.6,275.6,,SAUDADE,,OP8251,36.0,18.24397,-64.55017,2025-01-01 12:32:56+00:00,120.0,223.67545587344185,3.623244151208593,False,False,False,True
205825130,2025-01-01 12:37:56+00:00,-64.55683,18.24477,4.3,278.2,,SAUDADE,,OP8251,36.0,18.24421,-64.55227,2025-01-01 12:34:56+00:00,180.0,486.2237071215882,5.250783838062377,False,False,False,True
205825130,2025-01-01 12:39:25+00:00,-64.55872,18.24502,4.2,283.5,,SAUDADE,,OP8251,36.0,18.24477,-64.55683,2025-01-01 12:37:56+00:00,89.0,201.78852346365483,4.407242735388661,False,False,False,True
205825130,2025-01-01 12:40:56+00:00,-64.56068,18.24528,4.0,278.2,,SAUDADE,,OP8251,36.0,18.24502,-64.55872,2025-01-01 12:39:25+00:00,91.0,209.2731317005236,4.470258069502701,False,False,False,True
205825130,2025-01-01 12:42:25+00:00,-64.56245,18.24551,4.6,280.4,,SAUDADE,,OP8251,36.0,18.24528,-64.56068,2025-01-01 12:40:56+00:00,89.0,188.9139271182044,4.126049978533151,False,False,False,True
205825130,2025-01-01 12:43:55+00:00,-64.56525,18.2459,5.6,277.1,,SAUDADE,,OP8251,36.0,18.24551,-64.56245,2025-01-01 12:42:25+00:00,90.0,299.2502761024473,6.463273963322012,False,False,False,True
205825130,2025-01-01 12:45:24+00:00,-64.5673,18.24616,4.2,290.2,,SAUDADE,,OP8251,36.0,18.2459,-64.56525,2025-01-01 12:43:55+00:00,89.0,218.70373577023503,4.776686176849592,False,False,False,True
205825130,2025-01-01 12:47:24+00:00,-64.56936,18.24644,4.6,275.2,,SAUDADE,,OP8251,36.0,18.24616,-64.5673,2025-01-01 12:45:24+00:00,120.0,220.0526569986167,3.564559639834925,False,False,False,True
205825130,2025-01-01 12:48:57+00:00,-64.57184,18.24679,3.7,279.6,,SAUDADE,,OP8251,36.0,18.24644,-64.56936,2025-01-01 12:47:24+00:00,93.0,265.1223544960021,5.541456317887191,False,False,False,True
205825130,2025-01-01 12:50:57+00:00,-64.57228,18.24685,4.9,283.0,,SAUDADE,,OP8251,36.0,18.24679,-64.57184,2025-01-01 12:48:57+00:00,120.0,47.004433082561455,0.7614091433600522,False,False,False,True
205825130,2025-01-01 12:52:56+00:00,-64.57702,18.24749,4.8,270.3,,SAUDADE,,OP8251,36.0,18.24685,-64.57228,2025-01-01 12:50:57+00:00,119.0,506.2659117518666,8.26974731008192,False,False,False,True
205825130,2025-01-01 12:54:27+00:00,-64.57913,18.24773,4.4,271.2,,SAUDADE,,OP8251,36.0,18.24749,-64.57702,2025-01-01 12:52:56+00:00,91.0,224.72112991963024,4.800240892120594,False,False,False,True
205825130,2025-01-01 12:56:27+00:00,-64.58173,18.24801,5.2,275.9,,SAUDADE,,OP8251,36.0,18.24773,-64.57913,2025-01-01 12:54:27+00:00,120.0,276.7066842973958,4.482279343372082,False,False,False,True
205825130,2025-01-01 12:58:27+00:00,-64.58438,18.24827,4.6,280.9,,SAUDADE,,OP8251,36.0,18.24801,-64.58173,2025-01-01 12:56:27+00:00,120.0,281.7266885443776,4.563596718834192,False,False,False,True
205825130,2025-01-01 12:59:57+00:00,-64.58651,18.2485,4.7,279.4,,SAUDADE,,OP8251,36.0,18.24827,-64.58438,2025-01-01 12:58:27+00:00,90.0,226.6936094026636,4.896178952236373,False,False,False,True
205825130,2025-01-01 13:00:24+00:00,-64.58714,18.24857,4.4,282.5,,SAUDADE,,OP8251,36.0,18.2485,-64.58651,2025-01-01 12:59:57+00:00,27.0,67.07502511707766,4.829004326799268,False,False,False,True
205825130,2025-01-01 13:01:57+00:00,-64.58911,18.24879,4.8,271.4,,SAUDADE,,OP8251,36.0,18.24857,-64.58714,2025-01-01 13:00:24+00:00,93.0,209.75660841029256,4.384228878411431,False,False,False,True
205825130,2025-01-01 13:03:24+00:00,-64.59102,18.24896,4.5,277.4,,SAUDADE,,OP8251,36.0,18.24879,-64.58911,2025-01-01 13:01:57+00:00,87.0,202.8673548892481,4.532662978481794,False,False,False,True
205825130,2025-01-01 13:04:57+00:00,-64.59292,18.24918,4.6,280.2,,SAUDADE,,OP8251,36.0,18.24896,-64.59102,2025-01-01 13:03:24+00:00,93.0,202.4051517659488,4.23057236783572,False,False,False,True
205825130,2025-01-01 13:06:24+00:00,-64.59499,18.2494,5.7,272.1,,SAUDADE,,OP8251,36.0,18.24918,-64.59292,2025-01-01 13:04:57+00:00,87.0,220.26332261553716,4.921340885436617,False,False,False,True
205825130,2025-01-01 13:08:24+00:00,-64.59764,18.24967,4.0,275.5,,SAUDADE,,OP8251,36.0,18.2494,-64.59499,2025-01-01 13:06:24+00:00,120.0,281.8396760360971,4.565426965550059,False,False,False,True
205825130,2025-01-01 13:10:27+00:00,-64.60036,18.24994,4.2,274.6,,SAUDADE,,OP8251,36.0,18.24967,-64.59764,2025-01-01 13:08:24+00:00,123.0,289.20141804053446,4.570416946698476,False,False,False,True
205825130,2025-01-01 13:12:27+00:00,-64.60304,18.2502,4.5,276.7,,SAUDADE,,OP8251,36.0,18.24994,-64.60036,2025-01-01 13:10:27+00:00,120.0,284.87984118836204,4.614673587463214,False,False,False,True
205825130,2025-01-01 13:13:56+00:00,-64.60484,18.25038,3.8,268.0,,SAUDADE,,OP8251,36.0,18.2502,-64.60304,2025-01-01 13:12:27+00:00,89.0,191.3979593823828,4.180303476020797,False,False,False,True
205825130,2025-01-01 13:15:56+00:00,-64.60733,18.25063,5.0,279.1,,SAUDADE,,OP8251,36.0,18.25038,-64.60484,2025-01-01 13:13:56+00:00,120.0,264.7783992300387,4.289057029660986,False,False,False,True
205825130,2025-01-01 13:17:56+00:00,-64.60991,18.2509,4.6,277.5,,SAUDADE,,OP8251,36.0,18.25063,-64.60733,2025-01-01 13:15:56+00:00,120.0,274.47777188703947,4.446173934207523,False,False,False,True
205825130,2025-01-01 13:20:27+00:00,-64.6113,18.25103,5.2,283.0,,SAUDADE,,OP8251,36.0,18.2509,-64.60991,2025-01-01 13:17:56+00:00,151.0,147.70082439344645,1.90136934098647,False,False,False,True
205825130,2025-01-01 13:21:53+00:00,-64.61532,18.25139,5.2,271.7,,SAUDADE,,OP8251,36.0,18.25103,-64.6113,2025-01-01 13:20:27+00:00,86.0,426.9943549522305,9.651264034073764,False,False,False,True
205825130,2025-01-01 13:23:25+00:00,-64.61737,18.25158,5.2,276.1,,SAUDADE,,OP8251,36.0,18.25139,-64.61532,2025-01-01 13:21:53+00:00,92.0,217.8129748357063,4.602104054398254,False,False,False,True
205825130,2025-01-01 13:24:53+00:00,-64.61934,18.25175,4.3,285.1,,SAUDADE,,OP8251,36.0,18.25158,-64.61737,2025-01-01 13:23:25+00:00,88.0,209.18284456683955,4.6206588702591525,False,False,False,True
205825130,2025-01-01 13:26:25+00:00,-64.62149,18.25194,5.4,265.8,,SAUDADE,,OP8251,36.0,18.25175,-64.61934,2025-01-01 13:24:53+00:00,92.0,228.34076942371652,4.824542622136926,False,False,False,True
205825130,2025-01-01 13:27:53+00:00,-64.62349,18.25218,5.0,274.1,,SAUDADE,,OP8251,36.0,18.25194,-64.62149,2025-01-01 13:26:25+00:00,88.0,213.16860655837908,4.708700729232269,False,False,False,True
205825130,2025-01-01 13:28:54+00:00,-64.62451,18.25231,5.8,271.8,,SAUDADE,,OP8251,36.0,18.25218,-64.62349,2025-01-01 13:27:53+00:00,61.0,108.823902106855,3.4678074405145742,False,False,False,True
205825130,2025-01-01 13:30:54+00:00,-64.62762,18.2527,4.3,279.4,,SAUDADE,,OP8251,36.0,18.25231,-64.62451,2025-01-01 13:28:54+00:00,120.0,331.7132029810858,5.373311604022948,False,False,False,True
205825130,2025-01-01 13:32:54+00:00,-64.63049,18.25315,4.8,274.1,,SAUDADE,,OP8251,36.0,18.2527,-64.62762,2025-01-01 13:30:54+00:00,120.0,307.57069910850544,4.98223523129231,False,False,False,True
205825130,2025-01-01 13:34:27+00:00,-64.63273,18.25352,5.0,270.6,,SAUDADE,,OP8251,36.0,18.25315,-64.63049,2025-01-01 13:32:54+00:00,93.0,240.40000290316087,5.02472195315355,False,False,False,True
205825130,2025-01-01 13:36:26+00:00,-64.63487,18.25387,5.5,276.5,,SAUDADE,,OP8251,36.0,18.25352,-64.63273,2025-01-01 13:34:27+00:00,119.0,229.60205824637453,3.750501385728005,False,False,False,True
205825130,2025-01-01 13:37:57+00:00,-64.63631,18.25412,4.5,284.7,,SAUDADE,,OP8251,36.0,18.25387,-64.63487,2025-01-01 13:36:26+00:00,91.0,154.77691581936557,3.306170989519952,False,False,False,True
205825130,2025-01-01 13:39:57+00:00,-64.64045,18.25479,4.5,285.0,,SAUDADE,,OP8251,36.0,18.25412,-64.63631,2025-01-01 13:37:57+00:00,120.0,444.0495774427545,7.193011088469366,False,False,False,True
205825130,2025-01-01 13:41:25+00:00,-64.64233,18.2551,4.5,280.7,,SAUDADE,,OP8251,36.0,18.25479,-64.64045,2025-01-01 13:39:57+00:00,88.0,201.7523917530811,4.4565269225603314,False,False,False,True
205825130,2025-01-01 13:42:57+00:00,-64.64474,18.25548,4.1,278.0,,SAUDADE,,OP8251,36.0,18.2551,-64.64233,2025-01-01 13:41:25+00:00,92.0,258.3084524643602,5.4577206765035,False,False,False,True
205825130,2025-01-01 13:44:25+00:00,-64.64668,18.25582,5.1,286.8,,SAUDADE,,OP8251,36.0,18.25548,-64.64474,2025-01-01 13:42:57+00:00,88.0,208.58049187723483,4.607353446939139,False,False,False,True
205825130,2025-01-01 13:45:57+00:00,-64.64875,18.25624,5.6,279.7,,SAUDADE,,OP8251,36.0,18.25582,-64.64668,2025-01-01 13:44:25+00:00,92.0,223.7863680693181,4.728314062041992,False,False,False,True
205825130,2025-01-01 13:47:26+00:00,-64.65096,18.25668,5.1,283.0,,SAUDADE,,OP8251,36.0,18.25624,-64.64875,2025-01-01 13:45:57+00:00,89.0,238.72958259058424,5.214068672167206,False,False,False,True
205825130,2025-01-01 13:49:26+00:00,-64.65386,18.25728,5.5,285.4,,SAUDADE,,OP8251,36.0,18.25668,-64.65096,2025-01-01 13:47:26+00:00,120.0,313.78459275511455,5.082892023175849,False,False,False,True
205825130,2025-01-01 13:50:57+00:00,-64.65396,18.25729,5.2,271.1,,SAUDADE,,OP8251,36.0,18.25728,-64.65386,2025-01-01 13:49:26+00:00,91.0,10.632799090750025,0.2271259360941046,False,False,False,True
205825130,2025-01-01 13:52:26+00:00,-64.65802,18.25808,5.8,283.9,,SAUDADE,,OP8251,36.0,18.25729,-64.65396,2025-01-01 13:50:57+00:00,89.0,438.15885680078696,9.569783283186984,False,False,False,True
205825130,2025-01-01 13:53:53+00:00,-64.66008,18.25847,4.8,271.7,,SAUDADE,,OP8251,36.0,18.25808,-64.65802,2025-01-01 13:52:26+00:00,87.0,222.08006552486933,4.961932351377724,False,False,False,True
205825130,2025-01-01 13:55:25+00:00,-64.6623,18.2589,4.4,282.4,,SAUDADE,,OP8251,36.0,18.25847,-64.66008,2025-01-01 13:53:53+00:00,92.0,239.53965551542163,5.061160478011926,False,False,False,True
205825130,2025-01-01 13:56:53+00:00,-64.66356,18.25913,4.7,290.6,,SAUDADE,,OP8251,36.0,18.2589,-64.6623,2025-01-01 13:55:25+00:00,88.0,135.65418919490995,2.9964777173253845,False,False,False,True
205825130,2025-01-01 13:57:54+00:00,-64.66549,18.25951,4.3,283.3,,SAUDADE,,OP8251,36.0,18.25913,-64.66356,2025-01-01 13:56:53+00:00,61.0,208.3845021414696,6.640428371191382,False,False,False,True
205825130,2025-01-01 14:01:25+00:00,-64.67015,18.26036,5.0,275.2,,SAUDADE,,OP8251,36.0,18.25951,-64.66549,2025-01-01 13:57:54+00:00,211.0,501.6894454664581,4.621819960547488,False,False,False,True
205825130,2025-01-01 14:03:25+00:00,-64.67137,18.26052,4.4,279.3,,SAUDADE,,OP8251,36.0,18.26036,-64.67015,2025-01-01 14:01:25+00:00,120.0,130.222869396876,2.109436853736862,False,False,False,True
205825130,2025-01-01 14:04:57+00:00,-64.67137,18.26052,4.7,281.8,,SAUDADE,,OP8251,36.0,18.26052,-64.67137,2025-01-01 14:03:25+00:00,92.0,0.0,0.0,False,False,False,True
205825130,2025-01-01 14:06:27+00:00,-64.67657,18.26121,4.6,270.0,,SAUDADE,,OP8251,36.0,18.26052,-64.67137,2025-01-01 14:04:57+00:00,90.0,555.1685804334836,11.990654370998032,False,False,False,True
205825130,2025-01-01 14:07:57+00:00,-64.67844,18.26141,4.5,274.3,,SAUDADE,,OP8251,36.0,18.26121,-64.67657,2025-01-01 14:06:27+00:00,90.0,198.98374483184665,4.297695139488186,False,False,False,True
205825130,2025-01-01 14:09:27+00:00,-64.68046,18.26163,4.1,278.5,,SAUDADE,,OP8251,36.0,18.26141,-64.67844,2025-01-01 14:07:57+00:00,90.0,214.99392009941343,4.64348646273382,False,False,False,True
205825130,2025-01-01 14:11:55+00:00,-64.68353,18.26199,4.5,284.4,,SAUDADE,,OP8251,36.0,18.26163,-64.68046,2025-01-01 14:09:27+00:00,148.0,327.0812775192567,4.295903179006972,False,False,False,True
205825130,2025-01-01 14:13:25+00:00,-64.68539,18.26216,4.3,261.2,,SAUDADE,,OP8251,36.0,18.26199,-64.68353,2025-01-01 14:11:55+00:00,90.0,197.58819864705524,4.267553822867687,False,False,False,True
205825130,2025-01-01 14:14:56+00:00,-64.68744,18.26236,4.2,274.6,,SAUDADE,,OP8251,36.0,18.26216,-64.68539,2025-01-01 14:13:25+00:00,91.0,217.90932793080427,4.654734813241918,False,False,False,True
205825130,2025-01-01 14:16:26+00:00,-64.68936,18.26255,5.2,275.2,,SAUDADE,,OP8251,36.0,18.26236,-64.68744,2025-01-01 14:14:56+00:00,90.0,204.1208427145433,4.408647321135976,False,False,False,True
205825130,2025-01-01 14:17:56+00:00,-64.69124,18.26274,4.4,281.0,,SAUDADE,,OP8251,36.0,18.26255,-64.68936,2025-01-01 14:16:26+00:00,90.0,199.9137232880552,4.317781020847257,False,False,False,True
205825130,2025-01-01 14:19:56+00:00,-64.69386,18.26301,5.7,285.1,,SAUDADE,,OP8251,36.0,18.26274,-64.69124,2025-01-01 14:17:56+00:00,120.0,278.66408941460105,4.513986696397318,False,False,False,True
205825130,2025-01-01 14:21:26+00:00,-64.69589,18.26324,4.1,275.0,,SAUDADE,,OP8251,36.0,18.26301,-64.69386,2025-01-01 14:19:56+00:00,90.0,216.1702169840072,4.668892384246584,False,False,False,True
205825130,2025-01-01 14:22:55+00:00,-64.69749,18.26339,4.5,281.2,,SAUDADE,,OP8251,36.0,18.26324,-64.69589,2025-01-01 14:21:26+00:00,89.0,170.00732128437912,3.713112712420534,False,False,False,True
205825130,2025-01-01 14:24:24+00:00,-64.69749,18.26339,3.6,276.4,,SAUDADE,,OP8251,36.0,18.26339,-64.69749,2025-01-01 14:22:55+00:00,89.0,0.0,0.0,False,False,False,True
205825130,2025-01-01 14:25:55+00:00,-64.69749,18.26339,3.2,273.1,,SAUDADE,,OP8251,36.0,18.26339,-64.69749,2025-01-01 14:24:24+00:00,91.0,0.0,0.0,False,False,False,True
205825130,2025-01-01 14:27:24+00:00,-64.69749,18.26339,4.8,277.2,,SAUDADE,,OP8251,36.0,18.26339,-64.69749,2025-01-01 14:25:55+00:00,89.0,0.0,0.0,False,False,False,True
205825130,2025-01-01 14:28:55+00:00,-64.70495,18.26413,5.0,277.8,,SAUDADE,,OP8251,36.0,18.26339,-64.69749,2025-01-01 14:27:24+00:00,91.0,793.1088806237778,16.941502928700267,False,False,False,True
205825130,2025-01-01 14:30:24+00:00,-64.70692,18.26434,5.0,269.9,,SAUDADE,,OP8251,36.0,18.26413,-64.70495,2025-01-01 14:28:55+00:00,89.0,209.61257461950728,4.57812704548745,False,False,False,True
205825130,2025-01-01 14:31:27+00:00,-64.70814,18.26447,3.9,277.4,,SAUDADE,,OP8251,36.0,18.26434,-64.70692,2025-01-01 14:30:24+00:00,63.0,129.8100853523877,4.00523867160929,False,False,False,True
205825130,2025-01-01 14:33:27+00:00,-64.71066,18.26472,4.1,281.5,,SAUDADE,,OP8251,36.0,18.26447,-64.70814,2025-01-01 14:31:27+00:00,120.0,267.91249527105475,4.339825206730725,False,False,False,True
205825130,2025-01-01 14:34:55+00:00,-64.71257,18.2649,4.4,273.9,,SAUDADE,,OP8251,36.0,18.26472,-64.71066,2025-01-01 14:33:27+00:00,88.0,202.9546794851693,4.483084365573314,False,False,False,True
205825130,2025-01-01 14:37:27+00:00,-64.71604,18.26526,5.0,275.4,,SAUDADE,,OP8251,36.0,18.2649,-64.71257,2025-01-01 14:34:55+00:00,152.0,369.0944108133742,4.720134733654403,False,False,False,True
205825130,2025-01-01 14:38:54+00:00,-64.71803,18.26546,4.9,278.4,,SAUDADE,,OP8251,36.0,18.26526,-64.71604,2025-01-01 14:37:27+00:00,87.0,211.59458038753235,4.727655277477022,False,False,False,True
205825130,2025-01-01 14:41:54+00:00,-64.72194,18.26588,4.5,273.0,,SAUDADE,,OP8251,36.0,18.26546,-64.71803,2025-01-01 14:38:54+00:00,180.0,416.0691034253973,4.493176477791246,False,False,False,True
205825130,2025-01-01 14:43:24+00:00,-64.72408,18.26613,4.6,279.9,,SAUDADE,,OP8251,36.0,18.26588,-64.72194,2025-01-01 14:41:54+00:00,90.0,227.9799172499835,4.923960914968977,False,False,False,True
205825130,2025-01-01 14:44:57+00:00,-64.72617,18.26635,4.6,271.7,,SAUDADE,,OP8251,36.0,18.26613,-64.72408,2025-01-01 14:43:24+00:00,93.0,222.34427804568023,4.64733012297113,False,False,False,True
205825130,2025-01-01 14:46:24+00:00,-64.72831,18.26662,5.9,271.2,,SAUDADE,,OP8251,36.0,18.26635,-64.72617,2025-01-01 14:44:57+00:00,87.0,228.25855919166747,5.099978364357827,False,False,False,True
205825130,2025-01-01 14:47:57+00:00,-64.73059,18.26688,5.5,274.7,,SAUDADE,,OP8251,36.0,18.26662,-64.72831,2025-01-01 14:46:24+00:00,93.0,242.80909854762876,5.075075678718523,False,False,False,True
205825130,2025-01-01 14:49:26+00:00,-64.73257,18.26713,4.3,276.5,,SAUDADE,,OP8251,36.0,18.26688,-64.73059,2025-01-01 14:47:57+00:00,89.0,211.19459045195657,4.612679693304846,False,False,False,True
205825130,2025-01-01 14:50:55+00:00,-64.73441,18.26735,4.6,282.1,,SAUDADE,,OP8251,36.0,18.26713,-64.73257,2025-01-01 14:49:26+00:00,89.0,196.0873330533217,4.282723612161448,False,False,False,True
205825130,2025-01-01 14:52:26+00:00,-64.73632,18.26759,4.5,277.1,,SAUDADE,,OP8251,36.0,18.26735,-64.73441,2025-01-01 14:50:55+00:00,91.0,203.71077632690887,4.351441268739544,False,False,False,True
205825130,2025-01-01 14:54:26+00:00,-64.73885,18.2679,4.6,271.2,,SAUDADE,,OP8251,36.0,18.26759,-64.73632,2025-01-01 14:52:26+00:00,120.0,269.72365957998886,4.3691636536497125,False,False,False,True
205825130,2025-01-01 14:55:27+00:00,-64.74025,18.26808,4.8,277.9,,SAUDADE,,OP8251,36.0,18.2679,-64.73885,2025-01-01 14:54:26+00:00,61.0,149.37597677295773,4.760049158858133,False,False,False,True
205825130,2025-01-01 14:56:54+00:00,-64.74239,18.26834,5.2,272.6,,SAUDADE,,OP8251,36.0,18.26808,-64.74025,2025-01-01 14:55:27+00:00,87.0,228.1140703863001,5.096750052640295,False,False,False,True
205825130,2025-01-01 14:58:27+00:00,-64.74452,18.26862,5.5,281.6,,SAUDADE,,OP8251,36.0,18.26834,-64.74239,2025-01-01 14:56:54+00:00,93.0,227.35593498001805,4.752081297328584,False,False,False,True
205825130,2025-01-01 14:59:54+00:00,-64.74657,18.26888,4.6,278.7,,SAUDADE,,OP8251,36.0,18.26862,-64.74452,2025-01-01 14:58:27+00:00,87.0,218.6758019380159,4.885870929186123,False,False,False,True
205825130,2025-01-01 15:00:54+00:00,-64.74793,18.26906,5.0,276.5,,SAUDADE,,OP8251,36.0,18.26888,-64.74657,2025-01-01 14:59:54+00:00,60.0,145.18430955664076,4.703584471476343,False,False,False,True
205825130,2025-01-01 15:02:24+00:00,-64.74991,18.2693,4.5,276.1,,SAUDADE,,OP8251,36.0,18.26906,-64.74793,2025-01-01 15:00:54+00:00,90.0,211.0498384425213,4.558301310645674,False,False,False,True
205825130,2025-01-01 15:04:23+00:00,-64.75259,18.26963,4.4,282.7,,SAUDADE,,OP8251,36.0,18.2693,-64.74991,2025-01-01 15:02:24+00:00,119.0,285.73528630187144,4.667425873319578,False,False,False,True
205825130,2025-01-01 15:05:56+00:00,-64.75476,18.26988,4.3,282.3,,SAUDADE,,OP8251,36.0,18.26963,-64.75259,2025-01-01 15:04:23+00:00,93.0,231.1242451407965,4.830844652413826,False,False,False,True
205825130,2025-01-01 15:07:26+00:00,-64.75661,18.27009,3.6,275.6,,SAUDADE,,OP8251,36.0,18.26988,-64.75476,2025-01-01 15:05:56+00:00,90.0,196.99992730847728,4.254848207770117,False,False,False,True
205825130,2025-01-01 15:08:56+00:00,-64.75842,18.27031,4.9,279.5,,SAUDADE,,OP8251,36.0,18.27009,-64.75661,2025-01-01 15:07:26+00:00,90.0,192.93674367487955,4.167090664721976,False,False,False,True
205825130,2025-01-01 15:10:26+00:00,-64.76043,18.27054,5.2,276.5,,SAUDADE,,OP8251,36.0,18.27031,-64.75842,2025-01-01 15:08:56+00:00,90.0,214.0613233222901,4.6233440302977815,False,False,False,True
205825130,2025-01-01 15:12:24+00:00,-64.76318,18.27088,5.1,273.1,,SAUDADE,,OP8251,36.0,18.27054,-64.76043,2025-01-01 15:10:26+00:00,118.0,293.216038493142,4.830212409021264,False,False,False,True
205825130,2025-01-01 15:13:55+00:00,-64.76534,18.27113,4.9,272.2,,SAUDADE,,OP8251,36.0,18.27088,-64.76318,2025-01-01 15:12:24+00:00,91.0,230.07283494559272,4.91455801627078,False,False,False,True
205825130,2025-01-01 15:15:24+00:00,-64.76726,18.27137,5.1,277.9,,SAUDADE,,OP8251,36.0,18.27113,-64.76534,2025-01-01 15:13:55+00:00,89.0,204.7548787580406,4.472030601404827,False,False,False,True
205825130,2025-01-01 15:16:55+00:00,-64.76938,18.27162,4.7,276.1,,SAUDADE,,OP8251,36.0,18.27137,-64.76726,2025-01-01 15:15:24+00:00,91.0,225.8738047213924,4.8248630392267176,False,False,False,True
205825130,2025-01-01 15:18:55+00:00,-64.77181,18.27173,4.2,278.2,,SAUDADE,,OP8251,36.0,18.27162,-64.76938,2025-01-01 15:16:55+00:00,120.0,257.24043392829896,4.166952042393206,False,False,False,True
205825130,2025-01-01 15:20:24+00:00,-64.77353,18.27205,4.0,280.1,,SAUDADE,,OP8251,36.0,18.27173,-64.77181,2025-01-01 15:18:55+00:00,89.0,185.2920290524153,4.046944469137606,False,False,False,True
205825130,2025-01-01 15:22:24+00:00,-64.7759,18.27243,4.2,280.4,,SAUDADE,,OP8251,36.0,18.27205,-64.77353,2025-01-01 15:20:24+00:00,120.0,254.1118036043787,4.116272402652796,False,False,False,True
205825130,2025-01-01 15:23:56+00:00,-64.77784,18.27268,4.2,280.0,,SAUDADE,,OP8251,36.0,18.27243,-64.7759,2025-01-01 15:22:24+00:00,92.0,206.9955566128136,4.373546117024473,False,False,False,True
205825130,2025-01-01 15:25:25+00:00,-64.77965,18.27291,4.0,274.7,,SAUDADE,,OP8251,36.0,18.27268,-64.77784,2025-01-01 15:23:56+00:00,89.0,193.0767392713997,4.216969537812558,False,False,False,True
205825130,2025-01-01 15:26:55+00:00,-64.78134,18.2731,3.7,279.2,,SAUDADE,,OP8251,36.0,18.27291,-64.77965,2025-01-01 15:25:25+00:00,90.0,179.93513913273404,3.886279120575264,False,False,False,True
205825130,2025-01-01 15:28:25+00:00,-64.78319,18.27333,4.6,280.9,,SAUDADE,,OP8251,36.0,18.2731,-64.78134,2025-01-01 15:26:55+00:00,90.0,197.269772609858,4.260676386554959,False,False,False,True
205825130,2025-01-01 15:30:27+00:00,-64.78559,18.27358,4.0,276.0,,SAUDADE,,OP8251,36.0,18.27333,-64.78319,2025-01-01 15:28:25+00:00,122.0,255.28141536939472,4.067428085669215,False,False,False,True
205825130,2025-01-01 15:31:55+00:00,-64.78715,18.27383,3.9,273.6,,SAUDADE,,OP8251,36.0,18.27358,-64.78559,2025-01-01 15:30:27+00:00,88.0,167.2597827538283,3.694616546684109,False,False,False,True
205825130,2025-01-01 15:33:55+00:00,-64.78952,18.27422,4.9,283.0,,SAUDADE,,OP8251,36.0,18.27383,-64.78715,2025-01-01 15:31:55+00:00,120.0,254.29482217703844,4.11923705950512,False,False,False,True
205825130,2025-01-01 15:35:27+00:00,-64.79139,18.27461,4.6,283.5,,SAUDADE,,OP8251,36.0,18.27422,-64.78952,2025-01-01 15:33:55+00:00,92.0,202.3906695246507,4.276250859226055,False,False,False,True
205825130,2025-01-01 15:36:55+00:00,-64.79336,18.27505,5.3,282.2,,SAUDADE,,OP8251,36.0,18.27461,-64.79139,2025-01-01 15:35:27+00:00,88.0,213.92444484225632,4.725396509797404,False,False,False,True
205825130,2025-01-01 15:38:55+00:00,-64.79618,18.27569,4.6,283.9,,SAUDADE,,OP8251,36.0,18.27505,-64.79336,2025-01-01 15:36:55+00:00,120.0,306.4837396302491,4.964627937023861,False,False,False,True
205825130,2025-01-01 15:40:26+00:00,-64.79831,18.27617,5.1,285.3,,SAUDADE,,OP8251,36.0,18.27569,-64.79618,2025-01-01 15:38:55+00:00,91.0,231.4055366847904,4.943025697025966,False,False,False,True
205825130,2025-01-01 15:41:54+00:00,-64.80046,18.27664,5.2,282.5,,SAUDADE,,OP8251,36.0,18.27617,-64.79831,2025-01-01 15:40:26+00:00,88.0,233.214343819779,5.151492841939082,False,False,False,True
205825130,2025-01-01 15:43:26+00:00,-64.80248,18.27701,3.9,279.1,,SAUDADE,,OP8251,36.0,18.27664,-64.80046,2025-01-01 15:41:54+00:00,92.0,217.48238969552528,4.595119221584238,False,False,False,True
205825130,2025-01-01 15:44:54+00:00,-64.80428,18.27725,3.8,280.8,,SAUDADE,,OP8251,36.0,18.27701,-64.80248,2025-01-01 15:43:26+00:00,88.0,192.1737965983664,4.24494446340646,False,False,False,True
205825130,2025-01-01 15:46:24+00:00,-64.80598,18.27744,3.7,273.8,,SAUDADE,,OP8251,36.0,18.27725,-64.80428,2025-01-01 15:44:54+00:00,90.0,180.9809047261862,3.9088657982549977,False,False,False,True
205825130,2025-01-01 15:47:54+00:00,-64.80769,18.2776,3.6,275.2,,SAUDADE,,OP8251,36.0,18.27744,-64.80598,2025-01-01 15:46:24+00:00,90.0,181.67731179227908,3.923906952825597,False,False,False,True
205825130,2025-01-01 15:48:55+00:00,-64.80885,18.27772,4.0,277.3,,SAUDADE,,OP8251,36.0,18.2776,-64.80769,2025-01-01 15:47:54+00:00,61.0,123.37311657841065,3.931436048029144,False,False,False,True
205825130,2025-01-01 15:50:24+00:00,-64.8108,18.27802,4.7,281.4,,SAUDADE,,OP8251,36.0,18.27772,-64.80885,2025-01-01 15:48:55+00:00,89.0,208.84544175592612,4.561372174189208,False,False,False,True
205825130,2025-01-01 15:51:55+00:00,-64.81287,18.2784,4.1,276.8,,SAUDADE,,OP8251,36.0,18.27802,-64.8108,2025-01-01 15:50:24+00:00,91.0,222.88147183479023,4.760944178146579,False,False,False,True
205825130,2025-01-01 15:54:57+00:00,-64.81693,18.27935,5.0,288.1,,SAUDADE,,OP8251,36.0,18.2784,-64.81287,2025-01-01 15:51:55+00:00,182.0,441.9831719120658,4.720574554338187,False,False,False,True
205825130,2025-01-01 15:56:24+00:00,-64.81886,18.27993,4.5,287.5,,SAUDADE,,OP8251,36.0,18.27935,-64.81693,2025-01-01 15:54:57+00:00,87.0,213.93124908256945,4.779863439271975,False,False,False,True
205825130,2025-01-01 15:58:24+00:00,-64.82095,18.2807,3.3,292.0,,SAUDADE,,OP8251,36.0,18.27993,-64.81886,2025-01-01 15:56:24+00:00,120.0,236.85374829811,3.836714917431651,False,False,False,True
205825130,2025-01-01 15:59:57+00:00,-64.82255,18.28119,3.9,279.5,,SAUDADE,,OP8251,36.0,18.2807,-64.82095,2025-01-01 15:58:24+00:00,93.0,177.65837154743627,3.7133274080512746,False,False,False,True
205825130,2025-01-01 16:00:24+00:00,-64.82305,18.28129,4.5,282.0,,SAUDADE,,OP8251,36.0,18.28119,-64.82255,2025-01-01 15:59:57+00:00,27.0,54.01411896105016,3.888696481527695,False,False,False,True
205825130,2025-01-01 16:01:57+00:00,-64.82503,18.28166,4.3,281.0,,SAUDADE,,OP8251,36.0,18.28129,-64.82305,2025-01-01 16:00:24+00:00,93.0,213.3245288412733,4.458803786481943,False,False,False,True
205825130,2025-01-01 16:03:24+00:00,-64.82683,18.282,4.7,284.4,,SAUDADE,,OP8251,36.0,18.28166,-64.82503,2025-01-01 16:01:57+00:00,87.0,194.00867952706616,4.334733696688417,False,False,False,True
205825130,2025-01-01 16:04:27+00:00,-64.82806,18.28206,4.2,272.0,,SAUDADE,,OP8251,36.0,18.282,-64.82683,2025-01-01 16:03:24+00:00,63.0,130.22392742877838,4.018007604653279,False,False,False,True
205825130,2025-01-01 16:06:27+00:00,-64.83038,18.28242,4.6,283.7,,SAUDADE,,OP8251,36.0,18.28206,-64.82806,2025-01-01 16:04:27+00:00,120.0,248.52083986224636,4.025706244648574,False,False,False,True
205825130,2025-01-01 16:07:57+00:00,-64.83225,18.28284,4.6,279.2,,SAUDADE,,OP8251,36.0,18.28242,-64.83038,2025-01-01 16:06:27+00:00,90.0,203.1157345486812,4.386938771612316,False,False,False,True
205825130,2025-01-01 16:09:27+00:00,-64.83412,18.28328,4.1,284.6,,SAUDADE,,OP8251,36.0,18.28284,-64.83225,2025-01-01 16:07:57+00:00,90.0,203.6333078024969,4.398117433764507,False,False,False,True
205825130,2025-01-01 16:11:24+00:00,-64.83661,18.2838,4.6,280.4,,SAUDADE,,OP8251,36.0,18.28328,-64.83412,2025-01-01 16:09:27+00:00,117.0,269.4964427088289,4.477418505941282,False,False,False,True
205825130,2025-01-01 16:12:57+00:00,-64.83848,18.28422,4.4,287.9,,SAUDADE,,OP8251,36.0,18.2838,-64.83661,2025-01-01 16:11:24+00:00,93.0,203.11421366354884,4.245392828900568,False,False,False,True
205825130,2025-01-01 16:14:27+00:00,-64.84035,18.28462,4.4,282.4,,SAUDADE,,OP8251,36.0,18.28422,-64.83848,2025-01-01 16:12:57+00:00,90.0,202.61857252282024,4.376200955697321,False,False,False,True
205825130,2025-01-01 16:15:57+00:00,-64.84221,18.28502,4.4,277.8,,SAUDADE,,OP8251,36.0,18.28462,-64.84035,2025-01-01 16:14:27+00:00,90.0,201.58647644771744,4.353909515312567,False,False,False,True
205825130,2025-01-01 16:17:27+00:00,-64.84395,18.2855,4.1,289.2,,SAUDADE,,OP8251,36.0,18.28502,-64.84221,2025-01-01 16:15:57+00:00,90.0,191.49362465770523,4.13592185949593,False,False,False,True
205825130,2025-01-01 16:19:54+00:00,-64.84682,18.28625,4.0,285.9,,SAUDADE,,OP8251,36.0,18.2855,-64.84395,2025-01-01 16:17:27+00:00,147.0,314.6034126807196,4.1601271952740815,False,False,False,True
205825130,2025-01-01 16:21:26+00:00,-64.84861,18.28663,4.6,289.5,,SAUDADE,,OP8251,36.0,18.28625,-64.84682,2025-01-01 16:19:54+00:00,92.0,193.87867244349087,4.096403463506036,False,False,False,True
205825130,2025-01-01 16:22:54+00:00,-64.85026,18.28696,4.4,284.8,,SAUDADE,,OP8251,36.0,18.28663,-64.84861,2025-01-01 16:21:26+00:00,88.0,178.24115983360363,3.9371851833062737,False,False,False,True
205825130,2025-01-01 16:24:26+00:00,-64.8521,18.28733,4.4,283.7,,SAUDADE,,OP8251,36.0,18.28696,-64.85026,2025-01-01 16:22:54+00:00,92.0,198.81099897436607,4.20061708963404,False,False,False,True
205825130,2025-01-01 16:26:26+00:00,-64.85449,18.2878,4.5,287.7,,SAUDADE,,OP8251,36.0,18.28733,-64.8521,2025-01-01 16:24:26+00:00,120.0,257.9985307460921,4.179232200045697,False,False,False,True
205825130,2025-01-01 16:27:57+00:00,-64.85635,18.28819,4.5,284.9,,SAUDADE,,OP8251,36.0,18.2878,-64.85449,2025-01-01 16:26:26+00:00,91.0,201.342789568461,4.300858989832497,False,False,False,True
205825130,2025-01-01 16:29:25+00:00,-64.85818,18.28856,4.4,281.0,,SAUDADE,,OP8251,36.0,18.28819,-64.85635,2025-01-01 16:27:57+00:00,88.0,197.7751377185673,4.368672996623407,False,False,False,True
205825130,2025-01-01 16:31:25+00:00,-64.86062,18.28907,4.1,280.9,,SAUDADE,,OP8251,36.0,18.28856,-64.85818,2025-01-01 16:29:25+00:00,120.0,264.0877000146598,4.277868623304135,False,False,False,True
